trace,policy,capacity,seed,n_queries,hit_rate,false_hit_rate,n_hits,n_false_hits,lat_mean_us,lat_p50_us,lat_p95_us,lat_p99_us,evict_us_per_req,throughput_qps,wall_seconds,peak_heap_kb,policy_vectors,resident_mean,n_evicted,p_final,p_max,p_mean,tau
quora-stationary,LRU,50,0,20000,0.39895,0.005389146509587667,7979,43,10.883585567353293,12.292061001062393,15.832949429750443,20.62495448626578,4.452576051698998,84772.74809947044,0.23592487501446158,182.837890625,0,49.9259,11971,,,,0.8
quora-stationary,LRU,50,1,20000,0.39635,0.004036836129683361,7927,32,11.077866976847872,12.333504855632782,16.249949112534523,22.710473276674346,4.536107665626332,83050.28484514025,0.2408179579069838,182.837890625,0,49.9268,12023,,,,0.8
quora-stationary,LRU,50,2,20000,0.39955,0.003253660367913903,7991,26,10.802242573117837,12.083095498383045,16.000005416572094,20.917449146509107,4.379123030230403,85368.60410082035,0.234278165968135,182.810546875,0,49.92025,11959,,,,0.8
quora-stationary,LRU,50,3,20000,0.40705,0.004667731236948778,8141,38,10.960460093338042,12.165983207523823,16.124919056892395,21.374901989474893,4.428849776741117,83980.33180708704,0.23815099999774247,182.837890625,0,49.90735,11809,,,,0.8
quora-stationary,LRU,50,4,20000,0.42315,0.0030721966205837174,8463,26,10.803609126014635,12.082979083061218,16.083940863609314,20.709835225716102,4.307922732550651,85242.75651281128,0.23462404101155698,182.810546875,0,49.92875,11487,,,,0.8
quora-stationary,LRU,50,5,20000,0.4033,0.0030994297049342923,8066,25,10.939210531068966,12.208009138703346,16.0830095410347,20.832987502217293,4.413905396359041,84254.44223159054,0.2373762079514563,182.810546875,0,49.9235,11884,,,,0.8
quora-stationary,LRU,50,6,20000,0.39735,0.0035233421416886877,7947,28,8.472413779236376,9.499955922365189,14.374963939189911,15.54097980260849,3.1661148997955024,109698.33847192231,0.18231816706247628,106.3046875,0,49.92535,12003,,,,0.8
quora-stationary,LRU,50,7,20000,0.413,0.003389830508474576,8260,28,8.210304065141827,9.209034033119678,13.916101306676865,15.290930168703197,3.0269311740994453,112941.01718410266,0.17708358308300376,106.27734375,0,49.91735,11690,,,,0.8
quora-stationary,LRU,50,8,20000,0.3938,0.0016505840528186896,7876,13,8.404388884082437,9.416020475327969,14.167046174407005,15.624916413798928,3.1455971125978976,110475.0357506497,0.1810363749973476,106.27734375,0,49.91665,12074,,,,0.8
quora-stationary,LRU,50,9,20000,0.40325,0.001735895846249225,8065,14,8.803807606454939,9.375042282044888,14.625024050474167,16.16602297872305,3.2760263129603118,105426.5457694482,0.18970554193947464,106.27734375,0,49.91225,11885,,,,0.8
quora-stationary,LRU,100,0,20000,0.48985,0.006328467898336226,9797,62,8.371100394288078,9.229464922100306,14.874967746436596,15.874976525083184,2.8404125885572284,110669.94262927625,0.18071754195261747,210.6640625,0,99.6964,10103,,,,0.8
quora-stationary,LRU,100,1,20000,0.49175,0.004880528723945094,9835,48,8.293167571537197,9.25001222640276,14.708074741065502,16.208048909902573,2.7683476626407355,111767.17391674,0.17894341691862792,210.71875,0,99.6691,10065,,,,0.8
quora-stationary,LRU,100,2,20000,0.4831,0.003932933140136618,9662,38,9.825380641268566,9.499955922365189,15.459023416042328,21.501296432688633,3.301278018625453,93959.33465254337,0.21285804198123515,210.953125,0,99.6448,10238,,,,0.8
quora-stationary,LRU,100,3,20000,0.4937,0.006886773344136115,9874,68,9.766827535349876,9.624985978007317,15.625031664967537,20.500334212556414,3.259559185244143,94807.88549721005,0.21095291699748486,211.0625,0,99.6149,10026,,,,0.8
quora-stationary,LRU,100,4,20000,0.49655,0.00362501258684926,9931,36,9.445127350045368,9.415962267667055,15.291036106646061,25.040946202352643,3.1558961840346456,98162.96213311076,0.2037428329931572,211.0625,0,99.6628,9969,,,,0.8
quora-stationary,LRU,100,5,20000,0.4891,0.0049069719893682275,9782,48,9.429926355369389,9.499955922365189,15.457975678145885,26.500798994675147,3.1577636487782,98118.89737360715,0.20383433299139142,211.0078125,0,99.62365,10118,,,,0.8
quora-stationary,LRU,100,6,20000,0.484,0.005268595041322314,9680,51,9.537343145348132,9.624985978007317,15.374971553683281,26.875772746279704,3.230984363472089,97284.70270413351,0.20558216702193022,211.0625,0,99.6279,10220,,,,0.8
quora-stationary,LRU,100,7,20000,0.4884,0.004402129402129402,9768,43,9.424779505934566,9.499955922365189,15.040975995361805,26.417293120175398,3.17456423654221,98257.54538176105,0.20354670903179795,211.03515625,0,99.62735,10132,,,,0.8
quora-stationary,LRU,100,8,20000,0.4829,0.0024849865396562435,9658,24,9.645421052118763,9.582960046827793,15.374971553683281,23.16720085218529,3.2830923970323056,96125.28999900346,0.20806179102510214,211.0625,0,99.6318,10242,,,,0.8
quora-stationary,LRU,100,9,20000,0.48745,0.0025643655759565085,9749,25,9.602853510295972,9.500072337687016,15.541911125183105,22.463951027020013,3.2556421065237373,96504.89429927182,0.20724337501451373,211.03515625,0,99.62,10151,,,,0.8
quora-stationary,LRU,200,0,20000,0.57075,0.00718353044240035,11415,82,9.62613407173194,8.708098903298378,16.083940863609314,21.334250923245943,2.8212020522914827,96299.66517181057,0.20768504193983972,419.53515625,0,198.5019,8385,,,,0.8
quora-stationary,LRU,200,1,20000,0.5766,0.006677072493929934,11532,77,9.470536652952433,8.37491825222969,15.875091776251793,22.250824840739238,2.7836456371005625,97955.68539426476,0.20417395804543048,419.5625,0,198.3074,8268,,,,0.8
quora-stationary,LRU,200,2,20000,0.56015,0.005355708292421673,11203,60,9.519422467565164,8.624978363513947,15.666947001591325,20.50003968179226,2.790876943618059,97494.8099252874,0.2051391249988228,419.453125,0,198.4168,8597,,,,0.8
quora-stationary,LRU,200,3,20000,0.5775,0.009264069264069264,11550,107,9.441613085800782,8.25000461190939,15.832949429750443,21.125788334756958,2.7708126697689295,98252.81928546185,0.20355649990960956,419.58984375,0,198.25755,8250,,,,0.8
quora-stationary,LRU,200,4,20000,0.57255,0.0058510173783949,11451,67,9.588107484159991,8.958973921835423,16.458099707961082,20.20795363932848,2.846300619421527,96537.19112762154,0.20717404107563198,419.5078125,0,198.38875,8349,,,,0.8
quora-stationary,LRU,200,5,20000,0.57055,0.007361318026465691,11411,84,9.028880280675367,8.750008419156075,16.042031347751617,22.58480992168175,2.6698000147007406,102775.31903037491,0.19459924998227507,419.53515625,0,198.3271,8389,,,,0.8
quora-stationary,LRU,200,6,20000,0.5702,0.00762890213960014,11404,87,9.817810676759109,9.041978046298027,16.50000922381878,22.791909286752343,2.919197839219123,94322.6227847311,0.21203820896334946,419.58984375,0,198.2452,8396,,,,0.8
quora-stationary,LRU,200,7,20000,0.5638,0.005232351897836112,11276,59,9.256646316498518,8.916016668081284,16.207923181355,22.541965590789914,2.732639975147322,100255.54734871868,0.1994902080623433,419.6171875,0,198.34995,8524,,,,0.8
quora-stationary,LRU,200,8,20000,0.56435,0.0044298750775228135,11287,50,9.282765589887276,8.875038474798203,16.249949112534523,23.333426797762446,2.7732685557566583,99778.65797021166,0.2004436660790816,419.53515625,0,198.3984,8513,,,,0.8
quora-stationary,LRU,200,9,20000,0.56795,0.005106083281979048,11359,58,9.060269547626376,8.792034350335598,16.16694498807192,22.542375372722677,2.6971075334586203,102221.11614192113,0.19565429096110165,419.58984375,0,198.3324,8441,,,,0.8
quora-stationary,LRU,400,0,20000,0.64285,0.011044567161857354,12857,142,11.275070713600144,9.66701190918684,18.833903595805168,28.50051852874451,2.8625920589547604,82078.33304924921,0.24366966600064188,840.6328125,0,392.36005,6743,,,,0.8
quora-stationary,LRU,400,1,20000,0.6503,0.0090727356604644,13006,118,11.280994158005342,9.584007784724236,18.70805863291025,26.876193005591432,2.85509136156179,82100.96363839053,0.2436025000642985,840.578125,0,391.8227,6594,,,,0.8
quora-stationary,LRU,400,2,20000,0.64085,0.008270266052898495,12817,106,11.337269109208137,9.624985978007317,18.415972590446472,27.21487428061571,2.894382819067687,81706.41127197702,0.24477883300278336,840.49609375,0,392.47855,6783,,,,0.8
quora-stationary,LRU,400,3,20000,0.6512,0.009444103194103194,13024,123,11.043556296499446,9.500072337687016,18.416903913021088,23.83343060500913,2.757471735822037,83805.29120822863,0.23864841600880027,840.578125,0,391.9525,6576,,,,0.8
quora-stationary,LRU,400,4,20000,0.64725,0.007338740826573967,12945,95,11.100944527424872,9.375042282044888,17.91701652109623,27.50038634985679,2.810833544936031,83559.98983252978,0.2393489999230951,840.55078125,0,392.06735,6655,,,,0.8
quora-stationary,LRU,400,5,20000,0.6456,0.00851920693928129,12912,110,11.302864650497213,9.624985978007317,19.086123211309285,27.333457255735926,2.899202227126807,81678.67383772405,0.24486195796635002,840.578125,0,392.1001,6688,,,,0.8
quora-stationary,LRU,400,6,20000,0.64955,0.009237164190593488,12991,120,10.791911755222827,9.375042282044888,18.37499439716339,26.000385405495695,2.717282564844936,85749.73407147879,0.23323687491938472,840.55078125,0,391.5945,6609,,,,0.8
quora-stationary,LRU,400,7,20000,0.6386,0.007986219855934857,12772,102,11.055178695823997,9.624985978007317,18.79199407994747,25.042393244802888,2.800879959249869,83770.43732458192,0.23874770908150822,840.71484375,0,392.1688,6828,,,,0.8
quora-stationary,LRU,400,8,20000,0.6386,0.009160663952395866,12772,117,11.278537038015202,9.66701190918684,18.999911844730377,24.750434095039896,2.8831351140979677,82113.28120226352,0.24356595799326897,840.4140625,0,392.28665,6828,,,,0.8
quora-stationary,LRU,400,9,20000,0.6453,0.012009917867658454,12906,155,10.617444477975368,9.124982170760632,17.042038962244987,22.74999860674143,2.628011687193066,87339.53409330596,0.22899137495551258,840.66015625,0,391.8636,6694,,,,0.8
quora-stationary,LRU,800,0,20000,0.71205,0.012148023312969596,14241,173,12.245305714895949,11.082971468567848,20.08292358368635,25.250017642974854,2.293467428535223,76429.70113437924,0.2616783750709146,1685.99609375,0,761.8811,4959,,,,0.8
quora-stationary,LRU,800,1,20000,0.71845,0.014962767067993597,14369,215,12.163071864051744,10.91696321964264,20.124949514865875,26.91738889552646,2.2346349607687443,76803.2319818618,0.2604057079879567,1686.1328125,0,760.7231,4831,,,,0.8
quora-stationary,LRU,800,2,20000,0.71575,0.014530213063220398,14315,208,13.805020385188982,12.83304300159216,22.000051103532314,26.292880065739023,2.24459208548069,68158.8629722678,0.2934321250068024,1686.0234375,0,762.6699,4885,,,,0.8
quora-stationary,LRU,800,3,20000,0.7157,0.011666899538912952,14314,167,13.941628159955144,12.959004379808903,22.292020730674267,26.541902916505798,2.2784967557527125,67563.13556261366,0.2960194170009345,1685.83203125,0,761.0704,4886,,,,0.8
quora-stationary,LRU,800,4,20000,0.7149,0.010071338648762064,14298,144,14.012502791592851,12.91697844862938,22.16699067503214,27.000382542610105,2.307036641286686,67117.9228221459,0.2979830000549555,1685.77734375,0,761.03725,4902,,,,0.8
quora-stationary,LRU,800,5,20000,0.7125,0.011438596491228071,14250,163,14.085241837892681,13.082986697554588,22.542080841958523,28.625844279304015,2.3178160714451224,66857.02333437663,0.29914583393838257,1686.05078125,0,760.8964,4950,,,,0.8
quora-stationary,LRU,800,6,20000,0.7182,0.012670565302144249,14364,182,14.108592219417915,13.042008504271507,22.37502485513687,27.50039682723575,2.3078747850377113,66711.4838863484,0.2997984579997137,1685.75,0,760.0206,4836,,,,0.8
quora-stationary,LRU,800,7,20000,0.7091,0.011987025807361443,14182,170,13.879649242153391,12.91697844862938,21.875021047890186,26.50038921274238,2.272592904046178,67797.38580713524,0.29499662504531443,1686.2421875,0,763.0708,5018,,,,0.8
quora-stationary,LRU,800,8,20000,0.70985,0.013101359442135663,14197,186,12.680272030411288,11.999974958598614,19.50003206729889,21.95802517235279,1.9976005307398736,74330.7676653415,0.2690675830235705,1685.75,0,761.5845,5003,,,,0.8
quora-stationary,LRU,800,9,20000,0.7127,0.014592395117160095,14254,208,12.770580407232046,12.083095498383045,19.749975763261318,22.000051103532314,2.020365634234622,73764.40018449983,0.27113350003492087,1685.859375,0,759.9744,4946,,,,0.8
quora-stationary,LRU,1600,0,20000,0.7729,0.015784706947858714,15458,244,16.06370367226191,15.95797948539257,24.45897553116083,28.04200630635023,1.5534542733803391,59286.50907903604,0.3373448750935495,3304.328125,0,1412.8255,2942,,,,0.8
quora-stationary,LRU,1600,1,20000,0.7751,0.017739646497226164,15502,275,17.99996766494587,17.417012713849545,27.084024623036385,32.33307506889105,2.064177778083831,52282.467312570705,0.38253741699736565,3304.765625,0,1403.13185,2898,,,,0.8
quora-stationary,LRU,1600,2,20000,0.7742,0.01795401704985792,15484,278,19.275323627516627,17.832964658737183,30.12712113559243,36.70838312245899,2.3115925840102136,48835.43267778342,0.40953870792873204,3304.3828125,0,1408.9757,2916,,,,0.8
quora-stationary,LRU,1600,3,20000,0.7741,0.017052060457305257,15482,264,15.559543634299189,15.291967429220676,23.916014470160007,27.333968318998814,1.5183378709480166,61187.36373146681,0.3268648750381544,3304.46484375,0,1405.70765,2918,,,,0.8
quora-stationary,LRU,1600,4,20000,0.7712,0.015949170124481327,15424,246,19.99097421648912,19.79200169444084,31.208968721330166,34.125056117773056,2.1468662191182375,47387.469573458104,0.4220524999545887,3304.3828125,0,1407.7944,2976,,,,0.8
quora-stationary,LRU,1600,5,20000,0.77065,0.013819503016933757,15413,213,20.31495901173912,19.875005818903446,32.20792859792709,37.667402066290315,2.319927327334881,46565.2276133653,0.4295050411019474,3304.62890625,0,1405.4044,2987,,,,0.8
quora-stationary,LRU,1600,6,20000,0.777,0.018275418275418277,15540,284,12.53056057030335,11.791940778493881,19.540893845260143,21.66739664971822,1.462038781028241,75216.19948684456,0.2659001669380814,3304.41015625,0,1399.7907,2860,,,,0.8
quora-stationary,LRU,1600,7,20000,0.7658,0.01664925568033429,15316,255,12.734152568737045,11.792057193815708,19.75213526748118,21.999935852363706,1.5650594083126634,73972.97766184299,0.2703690000344068,3304.9296875,0,1414.4524,3084,,,,0.8
quora-stationary,LRU,1600,8,20000,0.7729,0.017013843964290336,15458,263,18.458760011708364,17.91701652109623,28.62501423805952,33.24996214359999,2.0183489832561463,51201.485608290386,0.3906136660370976,3303.9453125,0,1410.913,2942,,,,0.8
quora-stationary,LRU,1600,9,20000,0.77,0.018766233766233768,15400,289,18.12310428940691,17.708982340991497,28.582988306879997,34.83391017653048,2.154367626644671,52093.64353833919,0.3839239999651909,3304.41015625,0,1402.4762,3000,,,,0.8
quora-stationary,LFU,50,0,20000,0.50115,0.002294722139080116,10023,23,8.298380975611508,7.7500008046627045,11.29100564867258,12.209465494379335,2.906873350730166,111748.62151057777,0.17897312494460493,121.537109375,0,49.9259,9927,,,,0.8
quora-stationary,LFU,50,1,20000,0.50335,0.0016886858051057912,10067,17,8.31033504800871,7.292022928595543,11.166906915605068,12.000499991699987,2.8945536992978305,111472.10544914787,0.1794170830398798,121.576171875,0,49.9268,9883,,,,0.8
quora-stationary,LFU,50,2,20000,0.47455,0.0015804446317564007,9491,15,11.444352613762021,11.958065442740917,15.042023733258247,15.375087969005108,4.161988664418459,80618.1802204639,0.24808299995493144,121.494140625,0,49.92025,10459,,,,0.8
quora-stationary,LFU,50,3,20000,0.51145,0.004985824616287027,10229,51,10.941018926678225,9.25001222640276,14.999997802078724,17.749961698427796,3.800886223325506,84159.80895675873,0.2376431250013411,121.287109375,0,49.90735,9721,,,,0.8
quora-stationary,LFU,50,4,20000,0.5144,0.0015552099533437014,10288,16,8.810367935802788,8.125032763928175,11.91697083413601,14.999997802078724,3.043518419144675,105018.2078629846,0.19044316606596112,121.291015625,0,49.92875,9662,,,,0.8
quora-stationary,LFU,50,5,20000,0.4937,0.00435487137938019,9874,43,8.740059775300324,9.207986295223236,13.585976557806104,14.91699367761612,2.866030967561528,105607.58700124072,0.1893803330603987,116.609375,0,49.9235,10076,,,,0.8
quora-stationary,LFU,50,6,20000,0.49875,0.002506265664160401,9975,25,8.939354139147326,9.416020475327969,12.125005014240742,15.41740726679557,3.104893461568281,103649.65568978309,0.19295770803000778,122.005859375,0,49.92535,9975,,,,0.8
quora-stationary,LFU,50,7,20000,0.49245,0.0008122652045892984,9849,8,8.592729823431,8.999952115118504,11.666095815598965,15.08404966443777,2.834125846857205,107281.31714394891,0.18642574991099536,116.6171875,0,49.91735,10101,,,,0.8
quora-stationary,LFU,50,8,20000,0.5066,0.0007895775759968417,10132,8,8.055614592740312,8.37491825222969,11.292053386569023,14.582998119294643,2.6540385850239545,114568.42524827845,0.17456816707272083,116.34765625,0,49.91665,9818,,,,0.8
quora-stationary,LFU,50,9,20000,0.4897,0.021135389013681845,9794,207,8.148328255629167,8.66700429469347,13.208948075771332,14.707912923768163,2.7482786448672414,113209.60264235281,0.1766634590458125,116.5625,0,49.91225,10156,,,,0.8
quora-stationary,LFU,100,0,20000,0.5706,0.00473186119873817,11412,54,7.983715838054195,8.042086847126484,13.708020560443401,15.291036106646061,2.345304604386911,115303.736220112,0.17345491703599691,229.31640625,0,99.6964,8488,,,,0.8
quora-stationary,LFU,100,1,20000,0.5733,0.008198151055293913,11466,94,8.04180006380193,7.541966624557972,13.999990187585354,15.500001609325409,2.382546558510512,114478.06491351784,0.174705957993865,229.546875,0,99.6691,8434,,,,0.8
quora-stationary,LFU,100,2,20000,0.56295,0.0030198063771205257,11259,34,8.068365172948688,7.9999445006251335,13.666931772604585,15.208031982183456,2.449713693931699,114206.82999244324,0.1751208750065416,229.86328125,0,99.6448,8641,,,,0.8
quora-stationary,LFU,100,3,20000,0.5716,0.005685794261721484,11432,65,8.177478477591649,8.25000461190939,13.999990187585354,15.708035789430141,2.429808781016618,112689.89149899804,0.17747820797376335,228.59765625,0,99.6149,8468,,,,0.8
quora-stationary,LFU,100,4,20000,0.564,0.0030141843971631206,11280,34,8.291945018572733,8.334056474268436,14.249933883547783,17.5830302760005,2.515712025342509,111222.35939046052,0.17981995805166662,228.4296875,0,99.6628,8620,,,,0.8
quora-stationary,LFU,100,5,20000,0.56535,0.004510480233483683,11307,51,8.046030765399337,7.833004929125309,13.749930076301098,16.50000922381878,2.4135551473591477,114431.69641290755,0.17477675003465265,229.1484375,0,99.62365,8593,,,,0.8
quora-stationary,LFU,100,6,20000,0.56205,0.006849924383951606,11241,77,8.424471924081445,8.500064723193645,14.33398574590683,17.083949642255902,2.546934725251049,109431.56455024611,0.18276262504514307,228.94921875,0,99.6279,8659,,,,0.8
quora-stationary,LFU,100,7,20000,0.5565,0.0031446540880503146,11130,35,7.852989778621122,6.7909713834524155,11.374946916475892,15.167053788900375,2.308306231861934,117230.48856538413,0.1706040829885751,225.9765625,0,99.62735,8770,,,,0.8
quora-stationary,LFU,100,8,20000,0.5566,0.0017966223499820337,11132,20,7.979313854593784,8.208968210965395,13.582990504801273,14.91595641709864,2.346355002373457,115416.71569871002,0.17328512493986636,228.0234375,0,99.6318,8768,,,,0.8
quora-stationary,LFU,100,9,20000,0.57025,0.002893467777290662,11405,33,7.918249809881672,6.541959010064602,10.832917178049684,15.083934413269162,2.3360134102404118,116539.64631930158,0.17161541699897498,232.86328125,0,99.62,8495,,,,0.8
quora-stationary,LFU,200,0,20000,0.6298,0.010241346459193395,12596,129,8.214754547225311,7.0409150794148445,13.208063319325447,17.29375799186501,2.09771964000538,112343.64064200464,0.17802520806435496,442.8359375,0,198.5019,7204,,,,0.8
quora-stationary,LFU,200,1,20000,0.6343,0.008670975878921646,12686,110,8.302564063342288,7.1249669417738914,13.625016435980797,17.749961698427796,2.1549036842770875,111255.69219750281,0.17976608301978558,444.03515625,0,198.3074,7114,,,,0.8
quora-stationary,LFU,200,2,20000,0.61835,0.004689900541764373,12367,58,8.113939082249999,6.958027370274067,11.332915164530277,16.750488430261544,2.08560639875941,114026.79200941068,0.17539737501647323,444.61328125,0,198.4168,7433,,,,0.8
quora-stationary,LFU,200,3,20000,0.63055,0.006105780667671081,12611,77,8.651792904129252,8.416012860834599,14.374963939189911,19.04193894006312,2.228219242533669,106697.65624112803,0.18744554196018726,442.34765625,0,198.25755,7189,,,,0.8
quora-stationary,LFU,200,4,20000,0.63695,0.00470994583562289,12739,60,8.342233707662672,7.125083357095718,13.875076547265053,18.375824438407886,2.160595211898908,110699.60075917204,0.18066912493668497,443.86328125,0,198.38875,7061,,,,0.8
quora-stationary,LFU,200,5,20000,0.6265,0.004628890662410215,12530,58,8.7242720881477,8.500064723193645,14.333054423332214,18.83484888821827,2.243870170786977,105827.54843034588,0.18898670806083828,441.4375,0,198.3271,7270,,,,0.8
quora-stationary,LFU,200,6,20000,0.63355,0.008049877673427512,12671,102,8.23000221280381,7.082941010594368,13.457960449159145,16.916496679186753,2.109552302863449,112237.95900618969,0.17819283402059227,444.671875,0,198.2452,7129,,,,0.8
quora-stationary,LFU,200,7,20000,0.6104,0.0034403669724770644,12208,42,8.608478063251823,8.124974556267262,14.292076230049133,18.41598190367222,2.265692036598921,107295.44203043434,0.18640120793133974,442.90625,0,198.34995,7592,,,,0.8
quora-stationary,LFU,200,8,20000,0.6257,0.007511587022534761,12514,94,8.227883640211076,7.0410314947366714,11.791940778493881,18.37541465647512,2.1043775137513876,111920.85347266056,0.1786977080628276,446.1171875,0,198.3984,7286,,,,0.8
quora-stationary,LFU,200,9,20000,0.6321,0.005616199968359437,12642,71,8.462967624654993,7.62502895668149,14.25005029886961,17.208351055160097,2.173481974750757,109062.13176470729,0.18338170798961073,443.87890625,0,198.3324,7158,,,,0.8
quora-stationary,LFU,400,0,20000,0.6823,0.008793785724754507,13646,120,9.473236231133342,8.083065040409565,14.292076230049133,20.458013750612736,2.2496245452202857,97319.08213716262,0.20550954202190042,872.39453125,0,392.36005,5954,,,,0.8
quora-stationary,LFU,400,1,20000,0.68615,0.010274721270859141,13723,141,10.049242607783526,8.875038474798203,17.000013031065464,22.16699067503214,2.380063262535259,91684.02932317309,0.21814050001557916,871.26953125,0,391.8227,5877,,,,0.8
quora-stationary,LFU,400,2,20000,0.6854,0.008170411438576015,13708,112,9.826624183915555,8.709030225872993,15.583005733788013,19.290950149297714,2.2521756356582046,93954.11163011333,0.21286987501662225,868.796875,0,392.47855,5892,,,,0.8
quora-stationary,LFU,400,3,20000,0.6906,0.0073124818997972775,13812,101,10.11455908883363,9.37492586672306,16.665906878188252,19.666972802951932,2.337065478786826,91265.7533234053,0.21914025000296533,866.78125,0,391.9525,5788,,,,0.8
quora-stationary,LFU,400,4,20000,0.68885,0.008419830151702112,13777,116,9.688116959296167,8.58306884765625,15.000003622844815,19.4589386228472,2.227533661061898,95440.09101845245,0.2095555419800803,869.234375,0,392.06735,5823,,,,0.8
quora-stationary,LFU,400,5,20000,0.686,0.008309037900874635,13720,114,9.777426917571574,8.750008419156075,15.083001926541328,18.625463126227196,2.2083533694967628,94392.97868074718,0.2118801660835743,868.41796875,0,392.1001,5880,,,,0.8
quora-stationary,LFU,400,6,20000,0.68715,0.012078876518955105,13743,166,9.858959139091894,8.792034350335598,15.249941498041153,19.20899492688477,2.2242514474783093,93589.65473825984,0.2136988330166787,870.44140625,0,391.5945,5857,,,,0.8
quora-stationary,LFU,400,7,20000,0.6749,0.00637131426878056,13498,86,10.17003734013997,9.167008101940155,16.583013348281384,20.666477503254942,2.370911103207618,91032.20865726245,0.2197024580091238,871.62890625,0,392.1688,6102,,,,0.8
quora-stationary,LFU,400,8,20000,0.68135,0.009246349159756365,13627,126,10.273744841106236,9.417068213224411,17.040991224348545,20.87584347464131,2.361090196063742,89898.29694213058,0.22247362497728318,865.47265625,0,392.28665,5973,,,,0.8
quora-stationary,LFU,400,9,20000,0.67455,0.012082128826625158,13491,163,10.098286846186966,9.16607677936554,15.95797948539257,21.584812784567344,2.2829470050055534,91598.61323868683,0.2183439169311896,872.08203125,0,391.8636,6109,,,,0.8
quora-stationary,LFU,800,0,20000,0.7378,0.013757115749525617,14756,203,12.591145979240537,12.167030945420265,20.499923266470432,24.50048923492425,2.137947187293321,74455.76329172174,0.26861587492749095,1729.05859375,0,761.8811,4444,,,,0.8
quora-stationary,LFU,800,1,20000,0.7422,0.01407976286715171,14844,209,12.893278012052178,12.416974641382694,20.958954701200128,24.875462986528806,2.16852372395806,72724.91459645695,0.2750089169712737,1724.28515625,0,760.7231,4356,,,,0.8
quora-stationary,LFU,800,2,20000,0.73525,0.013396803808228493,14705,197,12.733864912297577,12.29101326316595,19.50003206729889,23.791108978912234,1.9684078637510538,73840.43990284477,0.27085429104045033,1725.56640625,0,762.6699,4495,,,,0.8
quora-stationary,LFU,800,3,20000,0.7339,0.014102738792751056,14678,207,13.00128031289205,12.625008821487427,20.08303999900818,23.20797648280859,2.0328524755313993,72331.88036593804,0.276503250002861,1722.69921875,0,761.0704,4522,,,,0.8
quora-stationary,LFU,800,4,20000,0.74045,0.012627456276588562,14809,187,13.613435690058395,12.95795664191246,21.124957129359245,25.667436420917443,2.1453646710142493,69122.80142533492,0.28934012493118644,1722.52734375,0,761.03725,4391,,,,0.8
quora-stationary,LFU,800,5,20000,0.73075,0.011768730756072529,14615,172,13.650053628953174,12.999982573091984,20.875013433396816,25.958986952900887,2.2234917210880667,68853.9956029207,0.29046970803756267,1724.71484375,0,760.8964,4585,,,,0.8
quora-stationary,LFU,800,6,20000,0.7356,0.014749864056552474,14712,217,13.571961730485782,12.916047126054764,20.958948880434036,27.416355442255668,2.1383927087299526,69282.66459756567,0.28867250005714595,1724.6015625,0,760.0206,4488,,,,0.8
quora-stationary,LFU,800,7,20000,0.73455,0.012865019399632428,14691,189,14.091802149778232,13.25004268437624,21.62496093660593,29.25076289102422,2.251062012510374,66799.96979762954,0.2994013329735026,1727.82421875,0,763.0708,4509,,,,0.8
quora-stationary,LFU,800,8,20000,0.73285,0.013167769666371017,14657,193,13.47266124212183,12.832926586270332,20.58397512882948,26.83437545783811,2.034576755249873,69936.84572918576,0.2859722910216078,1718.28515625,0,761.5845,4543,,,,0.8
quora-stationary,LFU,800,9,20000,0.73605,0.01637117043679098,14721,241,13.440691062714905,12.791948392987251,21.294062025845022,25.6674271076917,2.179957425687462,70059.30829450893,0.28547241596970707,1724.39453125,0,759.9744,4479,,,,0.8
quora-stationary,LFU,1600,0,20000,0.78065,0.016524690962659322,15613,258,14.881835487904027,14.083925634622574,22.041029296815395,26.333448477089338,1.660764287225902,63726.59578900158,0.3138407089281827,3357.94921875,0,1412.8255,2787,,,,0.8
quora-stationary,LFU,1600,1,20000,0.78295,0.017689507631394086,15659,277,19.582469388842583,18.45892984420061,29.916991479694843,33.791991882026196,2.260477823438123,48337.11760418371,0.4137607079464942,3353.29296875,0,1403.13185,2741,,,,0.8
quora-stationary,LFU,1600,2,20000,0.7824,0.018021472392638037,15648,282,19.653595454292372,18.62493809312582,30.291080474853516,34.74997356534004,2.4021828547120094,48083.64635701266,0.4159418329363689,3339.54296875,0,1408.9757,2752,,,,0.8
quora-stationary,LFU,1600,3,20000,0.78125,0.016896,15625,264,12.948270625201985,12.208009138703346,19.08408012241125,21.541957976296544,1.5936067327857018,72871.87917820337,0.2744542919099331,3336.34765625,0,1405.70765,2775,,,,0.8
quora-stationary,LFU,1600,4,20000,0.7801,0.015831303679015512,15602,247,20.57876575854607,20.791019778698683,31.833117827773094,35.458942875266075,2.427640010137111,46101.175527583924,0.43382841697894037,3349.59765625,0,1407.7944,2798,,,,0.8
quora-stationary,LFU,1600,5,20000,0.7793,0.0146285127678686,15586,228,20.30919436365366,20.249979570508003,32.00001083314419,36.16698202677071,2.4761255888734013,46671.23267834301,0.4285294999135658,3337.2578125,0,1405.4044,2814,,,,0.8
quora-stationary,LFU,1600,6,20000,0.7849,0.018728500445916677,15698,294,12.389618856832385,11.708936654031277,18.708989955484867,21.292422898113664,1.532937615411356,75932.66672810541,0.26339124992955476,3332.1015625,0,1399.7907,2702,,,,0.8
quora-stationary,LFU,1600,7,20000,0.7766,0.01706155034766933,15532,265,12.31216384912841,11.499971151351929,18.459046259522438,21.04195416904986,1.6086883493699133,76459.49213599524,0.2615764170186594,3358.0078125,0,1414.4524,2868,,,,0.8
quora-stationary,LFU,1600,8,20000,0.78105,0.01811663785929198,15621,283,19.19192007626407,17.999904230237007,27.875066734850407,32.50042442232364,2.276575652649626,49148.17005782878,0.4069327500183135,3337.6640625,0,1410.913,2779,,,,0.8
quora-stationary,LFU,1600,9,20000,0.77855,0.020037248731616466,15571,312,15.895730641204864,13.499986380338669,25.20799171179533,32.24995452910662,2.0263570884708315,59159.58629871138,0.3380686250748113,3355.1171875,0,1402.4762,2829,,,,0.8
quora-stationary,FIFO,50,0,20000,0.34065,0.005871128724497285,6813,40,8.295420854119584,9.37492586672306,10.375049896538258,11.165986070409415,2.952744992217049,111801.45896366224,0.17888854211196303,108.078125,0,49.9259,13137,,,,0.8
quora-stationary,FIFO,50,1,20000,0.33975,0.0041206769683590876,6795,28,11.625445762183517,13.25004268437624,14.208955690264702,17.707935767248273,4.2123567254748195,79312.06019612936,0.2521684590028599,108.078125,0,49.9268,13155,,,,0.8
quora-stationary,FIFO,50,2,20000,0.34395,0.0037796191306875998,6879,26,8.404823718592525,9.458977729082108,10.500079952180386,11.249912204220891,2.9177903837990016,110394.11178564477,0.18116908299271017,108.078125,0,49.92025,13071,,,,0.8
quora-stationary,FIFO,50,3,20000,0.35765,0.005172654830141199,7153,37,8.419028879143298,9.499955922365189,10.58308407664299,11.83437649160617,2.928495773812756,110009.74062347472,0.18180208303965628,108.078125,0,49.90735,12797,,,,0.8
quora-stationary,FIFO,50,4,20000,0.37165,0.003228844342795641,7433,24,8.391270309221,9.207986295223236,10.66701952368021,14.499993994832039,2.8422203264199197,110152.75642140399,0.1815660420106724,105.9462890625,0,49.92875,12517,,,,0.8
quora-stationary,FIFO,50,5,20000,0.35165,0.0035546708374804494,7033,25,8.859327208483592,9.458046406507492,13.208016753196716,16.166024142876267,3.0384835437871516,104286.18408268156,0.19177995796781033,105.9462890625,0,49.9235,12917,,,,0.8
quora-stationary,FIFO,50,6,20000,0.3384,0.004728132387706856,6768,32,9.64314000448212,9.25001222640276,13.792072422802448,15.500001609325409,3.502345021115616,95984.5271495889,0.2083669169805944,108.078125,0,49.92535,13182,,,,0.8
quora-stationary,FIFO,50,7,20000,0.3638,0.003985706432105552,7276,29,8.881281520007178,9.291921742260456,13.916054740548134,15.293322503566543,3.132172569166869,104216.46797295939,0.19190825009718537,108.078125,0,49.91735,12674,,,,0.8
quora-stationary,FIFO,50,8,20000,0.3462,0.001877527440785673,6924,13,9.478431986644864,9.124982170760632,14.125020243227482,18.33401620388031,3.3484233601484448,97290.6973128188,0.20556949998717755,105.9462890625,0,49.91665,13026,,,,0.8
quora-stationary,FIFO,50,9,20000,0.355,0.0023943661971830986,7100,17,8.459846122423187,8.979521226137877,12.959004379808903,16.251619672402473,2.9039382527116686,109215.43927917958,0.18312429205980152,105.9462890625,0,49.91225,12850,,,,0.8
quora-stationary,FIFO,100,0,20000,0.43135,0.006607163556276805,8627,57,8.48094270331785,9.083014447242022,14.124903827905655,18.290943698957562,2.7030722820200026,108891.51363803259,0.18366904207505286,210.4150390625,0,99.6964,11273,,,,0.8
quora-stationary,FIFO,100,1,20000,0.4309,0.006033882571362265,8618,52,8.35104240104556,9.082956239581108,13.83305061608553,16.040983609855175,2.654044853989035,110726.05631746056,0.18062595801893622,210.4150390625,0,99.6691,11282,,,,0.8
quora-stationary,FIFO,100,2,20000,0.42755,0.0042100339141620865,8551,36,8.693559904349968,9.08400397747755,14.25005029886961,16.790941590443254,2.819221612298861,106423.97237087756,0.18792758393101394,210.3876953125,0,99.6448,11349,,,,0.8
quora-stationary,FIFO,100,3,20000,0.4418,0.007356269805341783,8836,65,8.477037958800793,9.124982170760632,13.874960131943226,17.04100170172751,2.6530152885243297,109089.84299713426,0.1833351249806583,210.4150390625,0,99.6149,11064,,,,0.8
quora-stationary,FIFO,100,4,20000,0.4501,0.003999111308598089,9002,36,7.952522044070065,8.95792618393898,10.458985343575478,14.8330582305789,2.4542633967939764,116277.35196039765,0.1720025410177186,210.4150390625,0,99.6628,10898,,,,0.8
quora-stationary,FIFO,100,5,20000,0.43495,0.005517875617887113,8699,48,8.145379164488986,8.999952115118504,13.457960449159145,14.75046388804906,2.5538408430293202,113325.12197081819,0.17648337502032518,210.3876953125,0,99.62365,11201,,,,0.8
quora-stationary,FIFO,100,6,20000,0.42865,0.00571561880321941,8573,49,8.730079734232277,9.041978046298027,14.208955690264702,15.291967429220676,2.786272228695452,105748.32451429704,0.18912829202599823,210.4150390625,0,99.6279,11327,,,,0.8
quora-stationary,FIFO,100,7,20000,0.44125,0.004419263456090652,8825,39,8.168359502451494,9.00006853044033,13.499986380338669,15.040975995361805,2.5221465853974223,113057.45235078748,0.17690120893530548,210.4150390625,0,99.62735,11075,,,,0.8
quora-stationary,FIFO,100,8,20000,0.43125,0.002782608695652174,8625,24,8.274912659544498,8.999952115118504,13.999990187585354,15.166006051003933,2.6475123479031026,111725.31545333496,0.17901045898906887,210.4150390625,0,99.6318,11275,,,,0.8
quora-stationary,FIFO,100,9,20000,0.43795,0.0026258705331658866,8759,23,8.321321773109958,9.083072654902935,13.95796425640583,14.708028174936771,2.6433724793605506,110964.3915262499,0.18023800000082701,210.4150390625,0,99.62,11141,,,,0.8
quora-stationary,FIFO,200,0,20000,0.5166,0.008710801393728223,10332,90,8.352576097240672,8.417060598731041,14.208024367690086,15.583015047013758,2.2895580041222274,110701.48975260725,0.18066604202613235,419.0791015625,0,198.5019,9468,,,,0.8
quora-stationary,FIFO,200,1,20000,0.52125,0.006906474820143885,10425,72,8.391949813812971,8.416944183409214,14.457968063652515,15.83306584507227,2.306880644755438,110106.46609824293,0.1816423749551177,419.0791015625,0,198.3074,9375,,,,0.8
quora-stationary,FIFO,200,2,20000,0.51015,0.005880623346074684,10203,60,8.484204986598343,8.5409265011549,14.374963939189911,15.707920538261533,2.3402857535984367,109018.38687717942,0.18345529201906174,418.9970703125,0,198.4168,9597,,,,0.8
quora-stationary,FIFO,200,3,20000,0.52585,0.008937910050394599,10517,94,8.680117194307968,8.624978363513947,14.625024050474167,15.91700129210949,2.321935602230951,106700.83424812916,0.1874399590305984,419.0791015625,0,198.25755,9283,,,,0.8
quora-stationary,FIFO,200,4,20000,0.52605,0.004847447961220416,10521,51,8.635350444819778,8.375034667551517,14.625024050474167,15.625031664967537,2.3739288793876767,107144.29193309878,0.18666416697669774,419.0244140625,0,198.38875,9279,,,,0.8
quora-stationary,FIFO,200,5,20000,0.5196,0.00712086220169361,10392,74,8.182577864499763,7.8750308603048325,11.416967026889324,15.083001926541328,2.1939967526122928,113091.76130396209,0.17684754193760455,419.0556640625,0,198.3271,9408,,,,0.8
quora-stationary,FIFO,200,6,20000,0.51735,0.008118295158016816,10347,84,8.252117061056197,8.29098280519247,11.499971151351929,15.208031982183456,2.193775278283283,112125.95500215802,0.17837083304766566,419.0517578125,0,198.2452,9453,,,,0.8
quora-stationary,FIFO,200,7,20000,0.51885,0.007034788474510938,10377,73,8.240786369424313,8.25000461190939,13.874960131943226,15.249941498041153,2.2000048425979912,112243.3918667849,0.17818420904222876,419.0517578125,0,198.34995,9423,,,,0.8
quora-stationary,FIFO,200,8,20000,0.5135,0.005063291139240506,10270,52,8.295485301641747,8.416944183409214,11.750031262636185,16.16602297872305,2.281670755473897,111582.15829270723,0.1792401249986142,419.0830078125,0,198.3984,9530,,,,0.8
quora-stationary,FIFO,200,9,20000,0.51915,0.005008186458634306,10383,52,8.891907834913582,8.58306884765625,14.586088946089118,16.0830095410347,2.4208832648582757,104042.37131309735,0.19222937489394099,419.1103515625,0,198.3324,9417,,,,0.8
quora-stationary,FIFO,400,0,20000,0.59815,0.011535568001337457,11963,138,9.782995493151248,8.541042916476727,15.332951443269849,19.24997312016785,2.3921389249153435,94429.72817257514,0.21179770806338638,840.5126953125,0,392.36005,7637,,,,0.8
quora-stationary,FIFO,400,1,20000,0.60505,0.010742913808776134,12101,130,10.153766884468496,9.124982170760632,17.25007314234972,19.7503867093473,2.473693812498823,90993.7084431767,0.21979541599284858,840.5361328125,0,391.8227,7499,,,,0.8
quora-stationary,FIFO,400,2,20000,0.5938,0.009936005389019871,11876,118,9.917096351273358,8.709030225872993,15.833997167646885,19.95800994336605,2.4298695905599743,93123.77924697805,0.21476791601162404,840.3720703125,0,392.47855,7724,,,,0.8
quora-stationary,FIFO,400,3,20000,0.60415,0.011089961102375237,12083,134,10.109261551406235,9.167008101940155,17.33400858938694,19.707950996235013,2.4762404325883836,91038.37246382439,0.21968758292496204,840.5673828125,0,391.9525,7517,,,,0.8
quora-stationary,FIFO,400,4,20000,0.60475,0.007854485324514262,12095,95,10.20900304429233,9.167008101940155,17.415964975953102,21.917456761002477,2.4586006649769843,90561.6122149353,0.22084412490949035,840.4580078125,0,392.06735,7505,,,,0.8
quora-stationary,FIFO,400,5,20000,0.59985,0.009502375593898474,11997,114,10.27524943347089,9.291921742260456,17.208093777298927,21.876995451748037,2.4822303210385144,89989.52761159958,0.22224808298051357,840.4580078125,0,392.1001,7603,,,,0.8
quora-stationary,FIFO,400,6,20000,0.6008,0.009820239680426099,12016,118,9.862942178733647,8.66700429469347,15.74995112605393,20.959358662366803,2.362525765784085,93772.25275826809,0.2132827079622075,840.5126953125,0,391.5945,7584,,,,0.8
quora-stationary,FIFO,400,7,20000,0.597,0.008626465661641542,11940,103,10.087197320535779,8.999952115118504,15.54097980260849,22.0843963325023,2.428621519356966,91860.61405946226,0.2177211659727618,840.5400390625,0,392.1688,7660,,,,0.8
quora-stationary,FIFO,400,8,20000,0.5967,0.008379420144126026,11934,100,10.224016156280413,9.167008101940155,17.167069017887115,21.124957129359245,2.4893129186239094,90450.39799054665,0.22111566609237343,840.4306640625,0,392.28665,7666,,,,0.8
quora-stationary,FIFO,400,9,20000,0.59835,0.009108381382134203,11967,109,10.652964311884716,9.500072337687016,17.708097584545612,22.58306834846735,2.5825750723015517,86599.72147049163,0.2309476250084117,840.5673828125,0,391.8636,7633,,,,0.8
quora-stationary,FIFO,800,0,20000,0.67285,0.015456639667087761,13457,208,12.297092034714296,11.791009455919266,19.791116937994957,23.41788844205426,1.9271037075668576,76326.87127556853,0.2620309160556644,1686.5869140625,0,761.8811,5743,,,,0.8
quora-stationary,FIFO,800,1,20000,0.68,0.01198529411764706,13600,163,12.84911134862341,12.25003506988287,20.209001377224922,23.667002096772194,1.9666467036586253,73127.40141887368,0.2734952919417992,1686.7509765625,0,760.7231,5600,,,,0.8
quora-stationary,FIFO,800,2,20000,0.674,0.014540059347181009,13480,196,13.090797018958256,12.375065125524998,20.41692496277392,24.334471672773297,2.006040752166882,71858.74017072916,0.27832383301574737,1686.4775390625,0,762.6699,5720,,,,0.8
quora-stationary,FIFO,800,3,20000,0.6774,0.01483613817537644,13548,201,13.20456491666846,12.459000572562218,20.458013750612736,23.541051195934415,1.9907585403416304,71260.32475655356,0.2806610841071233,1686.6962890625,0,761.0704,5652,,,,0.8
quora-stationary,FIFO,800,4,20000,0.6764,0.013231815493790657,13528,179,13.10797207406722,12.416974641382694,20.45894507318735,23.04104622453451,1.9878769002389163,71761.99767952097,0.278699041926302,1686.4228515625,0,761.03725,5672,,,,0.8
quora-stationary,FIFO,800,5,20000,0.67515,0.014070947196919203,13503,190,12.858947383938357,12.333039194345474,19.875005818903446,23.16699828952551,1.8744226079434156,73140.80632568947,0.2734451669966802,1686.6962890625,0,760.8964,5697,,,,0.8
quora-stationary,FIFO,800,6,20000,0.67795,0.011947783759864296,13559,162,13.273690914502367,12.708944268524647,20.292005501687527,25.0009028241037,1.8833725422155112,71040.68068043116,0.28152883402071893,1686.6142578125,0,760.0206,5641,,,,0.8
quora-stationary,FIFO,800,7,20000,0.6708,0.01289505068574836,13416,173,13.71396115864627,13.125012628734112,20.958948880434036,29.66745756566518,1.9999119744170457,68869.87123466485,0.2904027500189841,1686.7783203125,0,763.0708,5784,,,,0.8
quora-stationary,FIFO,800,8,20000,0.67245,0.012417280095174362,13449,167,13.382407324388623,12.833974324166775,20.29107417911291,23.70799076743424,1.8936879525426775,70514.44407979233,0.2836298330221325,1686.5322265625,0,761.5845,5751,,,,0.8
quora-stationary,FIFO,800,9,20000,0.6756,0.013913558318531676,13512,188,13.269071705872193,12.750038877129555,20.08303999900818,23.79098441451788,1.87921081087552,71181.3013179787,0.2809726659907028,1686.7509765625,0,759.9744,5688,,,,0.8
quora-stationary,FIFO,1600,0,20000,0.74415,0.017536786938117315,14883,261,16.7648408212699,16.45804150030017,25.124987587332726,29.834512388333614,1.3930169283412397,56865.06464180479,0.3517097909934819,3307.0986328125,0,1412.8255,3517,,,,0.8
quora-stationary,FIFO,1600,1,20000,0.7475,0.017926421404682275,14950,268,17.508608795469627,16.91700890660286,25.37504769861698,30.54098808206618,1.7936883436050266,53676.13893609975,0.37260504195000976,3307.2080078125,0,1403.13185,3450,,,,0.8
quora-stationary,FIFO,1600,2,20000,0.74625,0.018492462311557788,14925,276,19.467120943591,18.000020645558834,30.499999411404133,37.08389238454388,2.0047672383952886,48482.62017539314,0.4125189589103684,3307.0439453125,0,1408.9757,3475,,,,0.8
quora-stationary,FIFO,1600,3,20000,0.74645,0.019224328488177372,14929,287,13.182503345888108,12.33397051692009,19.62710521183905,24.459500564262207,1.3021606486290693,71628.49166143699,0.2792185000143945,3307.0986328125,0,1405.70765,3471,,,,0.8
quora-stationary,FIFO,1600,4,20000,0.74385,0.014586274114404786,14877,217,19.513513427227736,19.458006136119366,29.708025977015495,32.125040888786316,1.8154543766286224,48528.553601169275,0.4121284999419004,3306.8603515625,0,1407.7944,3523,,,,0.8
quora-stationary,FIFO,1600,5,20000,0.7436,0.01620494889725659,14872,241,19.914996717125177,19.459053874015808,31.207926804199815,37.62621665373425,2.0863006182480603,47524.76188134263,0.4208332500420511,3307.0986328125,0,1405.4044,3528,,,,0.8
quora-stationary,FIFO,1600,6,20000,0.74955,0.018277633246614636,14991,274,12.128715188009664,11.33396290242672,18.332968465983868,20.50003968179226,1.281965000089258,77598.06819954001,0.25773837498854846,3306.7978515625,0,1399.7907,3409,,,,0.8
quora-stationary,FIFO,1600,7,20000,0.7392,0.016774891774891776,14784,248,19.40175812342204,17.999904230237007,28.416980057954788,31.87498077750206,1.880587253253907,48623.543464615184,0.4113233749521896,3307.1533203125,0,1414.4524,3616,,,,0.8
quora-stationary,FIFO,1600,8,20000,0.74255,0.01690121877314659,14851,251,11.960980761796236,10.958057828247547,17.50001683831215,20.584500161930855,1.3133064087014645,78609.56685795645,0.2544219590490684,3306.9150390625,0,1410.913,3549,,,,0.8
quora-stationary,FIFO,1600,9,20000,0.74475,0.017858341725411214,14895,266,13.821874896530062,11.917087249457836,21.582935005426407,25.999966310337186,1.4807541097979993,67854.52594696396,0.29474820906762034,3307.2431640625,0,1402.4762,3505,,,,0.8
quora-stationary,RR,50,0,20000,0.3397,0.0061819252281424784,6794,42,8.473538479302078,9.66701190918684,10.750023648142815,11.499971151351929,3.1644236820284277,109606.10780871355,0.18247158301528543,106.3720703125,0,49.9259,13156,,,,0.8
quora-stationary,RR,50,1,20000,0.33965,0.003533048726630355,6793,24,11.091751378262416,11.082971468567848,15.040975995361805,15.416998649016023,4.147128912154585,83332.04551197149,0.24000370898284018,106.4345703125,0,49.9268,13157,,,,0.8
quora-stationary,RR,50,2,20000,0.34125,0.004835164835164835,6825,33,12.005160353146493,13.709068298339844,14.874967746436596,18.874998204410076,4.576962336432189,77039.7352639473,0.259606291889213,106.3720703125,0,49.92025,13125,,,,0.8
quora-stationary,RR,50,3,20000,0.3555,0.00450070323488045,7110,32,8.960613718954846,10.207993909716606,11.416967026889324,12.416043318808079,3.2785067975055426,103640.01022511198,0.19297566602472216,106.4345703125,0,49.90735,12840,,,,0.8
quora-stationary,RR,50,4,20000,0.3718,0.002420656266810113,7436,18,10.804364882642403,10.25001984089613,14.666933566331863,15.25005791336298,3.987048560520634,85591.15672927984,0.23366899997927248,106.4345703125,0,49.92875,12514,,,,0.8
quora-stationary,RR,50,5,20000,0.35265,0.003261023677867574,7053,23,8.765137690352276,9.958981536328793,11.041993275284767,13.249926269054413,3.163157432572916,105827.221440848,0.18898729200009257,102.8271484375,0,49.9235,12897,,,,0.8
quora-stationary,RR,50,6,20000,0.33905,0.004129184486064003,6781,28,9.291501017287374,9.958981536328793,14.16615559719503,15.500411391258174,3.4985671751201153,99929.69545720525,0.2001407080097124,106.4345703125,0,49.92535,13169,,,,0.8
quora-stationary,RR,50,7,20000,0.3626,0.0035852178709321566,7252,26,8.915283030364662,9.666080586612225,14.082994312047958,14.999997802078724,3.2627720152959228,104013.91894105604,0.1922819580649957,102.8271484375,0,49.91735,12698,,,,0.8
quora-stationary,RR,50,8,20000,0.3462,0.0012998266897746968,6924,9,9.228796069510281,9.66701190918684,14.290917897596955,16.08446589671069,3.3671196724753827,100680.79089988464,0.19864762504585087,102.8271484375,0,49.91665,13026,,,,0.8
quora-stationary,RR,50,9,20000,0.3573,0.0019591379792891126,7146,14,8.75328837428242,9.541981853544712,13.999990187585354,16.500419005751546,3.1819631345570087,106002.15137138317,0.18867541593499482,102.8271484375,0,49.91225,12804,,,,0.8
quora-stationary,RR,100,0,20000,0.43025,0.007902382335851249,8605,68,8.301967370789498,9.457929991185665,10.750023648142815,15.375497750937873,2.740584552520886,111574.35165827835,0.17925266607198864,204.1708984375,0,99.6964,11295,,,,0.8
quora-stationary,RR,100,1,20000,0.4321,0.0055542698449433,8642,48,8.496438432484865,9.582960046827793,13.666157610714436,15.79104922711849,2.800405549351126,109091.47933115695,0.1833323750179261,204.1708984375,0,99.6691,11258,,,,0.8
quora-stationary,RR,100,2,20000,0.43005,0.005231949773282177,8601,45,8.908512850757688,9.624985978007317,14.750054106116295,15.79104922711849,2.9984392574988306,104041.01815550606,0.19223187502939254,204.1162109375,0,99.6448,11299,,,,0.8
quora-stationary,RR,100,3,20000,0.44335,0.007104996052779971,8867,63,8.65551358438097,9.624985978007317,14.375080354511738,16.000005416572094,2.845122996950522,106821.5100059292,0.18722820898983628,204.5458984375,0,99.6149,11033,,,,0.8
quora-stationary,RR,100,4,20000,0.448,0.0035714285714285713,8960,32,8.650714124087244,9.66701190918684,14.291959814727306,15.959437005221778,2.8278711659368128,107110.2699248484,0.18672345811501145,204.4833984375,0,99.6628,10940,,,,0.8
quora-stationary,RR,100,5,20000,0.435,0.005517241379310344,8700,48,9.408519021235406,9.707990102469921,14.8330582305789,19.666050793603063,3.1512391578871757,98438.76124244463,0.20317200000863522,204.1708984375,0,99.62365,11200,,,,0.8
quora-stationary,RR,100,6,20000,0.42825,0.006771745475773497,8565,58,8.694179693702608,9.416951797902584,14.375080354511738,18.95945984870189,2.881102339597419,106427.6064216907,0.18792116700205952,204.2333984375,0,99.6279,11335,,,,0.8
quora-stationary,RR,100,7,20000,0.44055,0.005674724775848372,8811,50,8.789090916980058,9.458977729082108,14.625024050474167,19.667382584884695,2.876987587660551,105180.83558869526,0.19014870806131512,204.1708984375,0,99.62735,11089,,,,0.8
quora-stationary,RR,100,8,20000,0.4308,0.002437325905292479,8616,21,8.939661894692108,9.37492586672306,14.625024050474167,19.459348404779963,2.9640760214533657,103440.04989171962,0.19334870798047632,204.4833984375,0,99.6318,11284,,,,0.8
quora-stationary,RR,100,9,20000,0.4376,0.0031992687385740404,8752,28,8.68852484272793,9.624985978007317,14.292076230049133,17.0008523855357,2.874295273795724,106501.25801818463,0.18779120896942914,204.5458984375,0,99.62,11148,,,,0.8
quora-stationary,RR,200,0,20000,0.5151,0.00844496214327315,10302,87,8.888778765685856,8.750008419156075,14.91699367761612,17.66736619174474,2.5696845434140414,104268.60501690951,0.1918122909264639,406.7490234375,0,198.5019,9498,,,,0.8
quora-stationary,RR,200,1,20000,0.52015,0.0063443237527636255,10403,66,8.628852403489873,8.500064723193645,14.708959497511387,17.417432973161272,2.424343302845955,107412.80354624407,0.18619754200335592,406.4912109375,0,198.3074,9397,,,,0.8
quora-stationary,RR,200,2,20000,0.51005,0.007646309185373983,10201,78,8.79174453439191,8.584000170230865,14.874967746436596,17.124927835538983,2.547221683198586,105465.0680420035,0.18963624991010875,406.6396484375,0,198.4168,9599,,,,0.8
quora-stationary,RR,200,3,20000,0.52685,0.009490367277213628,10537,100,8.572001563152298,8.333008736371994,14.625024050474167,16.832967521622777,2.398269803961739,108100.95008710455,0.18501224997453392,406.7763671875,0,198.25755,9263,,,,0.8
quora-stationary,RR,200,4,20000,0.52445,0.005624940413766803,10489,59,8.452894951915368,7.8750308603048325,11.95794902741909,16.25048462301486,2.3455704445950687,109605.05659467654,0.18247333308681846,406.7216796875,0,198.38875,9311,,,,0.8
quora-stationary,RR,200,5,20000,0.52105,0.006909125803665675,10421,72,8.67127866949886,8.33394005894661,14.583929441869259,16.416081925854087,2.4561295693274587,106794.70186604407,0.1872752079507336,406.7490234375,0,198.3271,9379,,,,0.8
quora-stationary,RR,200,6,20000,0.51605,0.007751186900494138,10321,80,9.031668870011345,8.66700429469347,15.044072642922371,17.208351055160097,2.585559553699568,102739.08833158633,0.1946678749518469,406.7763671875,0,198.2452,9479,,,,0.8
quora-stationary,RR,200,7,20000,0.52085,0.005951809542094653,10417,62,8.835600002203137,8.500064723193645,14.8330582305789,17.66748144291335,2.4917814938817173,104910.92387132869,0.19063791702501476,406.7763671875,0,198.34995,9383,,,,0.8
quora-stationary,RR,200,8,20000,0.5105,0.005288932419196866,10210,54,9.174979489762336,8.791917935013771,15.166937373578548,18.91744323074811,2.638946089427918,100916.2779319132,0.19818408298306167,406.8037109375,0,198.3984,9590,,,,0.8
quora-stationary,RR,200,9,20000,0.5229,0.006310958118187034,10458,66,8.562901674304157,8.209026418626308,12.499978765845299,16.833082772791386,2.4262292427010834,108228.67129964672,0.18479391606524587,406.7763671875,0,198.3324,9342,,,,0.8
quora-stationary,RR,400,0,20000,0.59875,0.011607515657620042,11975,139,10.679939290275797,9.25001222640276,18.583028577268124,22.79244479723268,2.9586776858195662,86563.0673734553,0.23104541702196002,819.4248046875,0,392.36005,7625,,,,0.8
quora-stationary,RR,400,1,20000,0.60055,0.009075014569977521,12011,109,10.736638575326651,9.332899935543537,17.544085858389707,21.790979662910104,2.905197930522263,86250.26928563276,0.2318833339959383,819.4521484375,0,391.8227,7589,,,,0.8
quora-stationary,RR,400,2,20000,0.5954,0.010245213301981861,11908,122,11.134660086827353,9.58307646214962,19.208062440156937,22.125374525785382,3.0289525457192212,83235.30085794519,0.24028266605455428,819.2060546875,0,392.47855,7692,,,,0.8
quora-stationary,RR,400,3,20000,0.60375,0.010186335403726708,12075,123,10.831095912726596,9.333016350865364,18.45892984420061,21.83433738537126,2.9434689204208553,85564.151181364,0.23374275001697242,819.4248046875,0,391.9525,7525,,,,0.8
quora-stationary,RR,400,4,20000,0.60295,0.00688282610498383,12059,83,10.322524385992438,8.66700429469347,16.000005416572094,20.625793840736016,2.7427154884207994,89932.99417961008,0.22238779196050018,819.3701171875,0,392.06735,7541,,,,0.8
quora-stationary,RR,400,5,20000,0.60275,0.00904189133139776,12055,109,10.567070241086185,9.124982170760632,17.70805101841688,21.375427022576268,2.822960738558322,87730.28029115738,0.22797145904041827,819.3701171875,0,392.1001,7545,,,,0.8
quora-stationary,RR,400,6,20000,0.6024,0.009462151394422311,12048,114,10.88191716116853,9.375042282044888,18.9170241355896,23.124972358345985,2.9508200415875763,85148.3836248719,0.23488408292178065,819.3701171875,0,391.5945,7552,,,,0.8
quora-stationary,RR,400,7,20000,0.59715,0.008038181361466968,11943,96,10.996476851869375,9.416020475327969,18.16696021705866,23.58296071179211,2.9941454995423555,84265.53556539967,0.2373449580045417,819.4248046875,0,392.1688,7657,,,,0.8
quora-stationary,RR,400,8,20000,0.59395,0.007492213149254988,11879,89,11.06301965774037,9.500072337687016,18.708105199038982,23.70799076743424,2.955664653563872,83870.26308399883,0.23846354195848107,819.3701171875,0,392.28665,7721,,,,0.8
quora-stationary,RR,400,9,20000,0.6006,0.00949050949050949,12012,114,11.045559530612081,9.375042282044888,18.832972273230553,22.875438444316323,2.9668200528249145,84046.38497775294,0.23796383396256715,819.5068359375,0,391.8636,7588,,,,0.8
quora-stationary,RR,800,0,20000,0.6763,0.012790181871950319,13526,173,12.797000160207972,11.54211349785328,21.62496093660593,26.458364445716075,2.551518747350201,73171.07738599999,0.2733320420375094,1651.6943359375,0,761.8811,5674,,,,0.8
quora-stationary,RR,800,1,20000,0.68555,0.011742396615855882,13711,161,12.567432125797495,11.54094934463501,21.377066150307627,25.333440862595968,2.3383061110507697,74592.2368001263,0.26812441693618894,1651.5576171875,0,760.7231,5489,,,,0.8
quora-stationary,RR,800,2,20000,0.67465,0.012599125472467205,13493,170,13.425685587571934,12.292061001062393,22.461119806393953,29.5418105088173,2.5154683040454984,70046.88610159732,0.28552304196637124,1651.4755859375,0,762.6699,5707,,,,0.8
quora-stationary,RR,800,3,20000,0.67885,0.01811887751344185,13577,246,13.294863299233839,12.291944585740566,22.083986550569534,27.04323851503412,2.4049651983659714,70758.0962570792,0.2826531670289114,1651.3662109375,0,761.0704,5623,,,,0.8
quora-stationary,RR,800,4,20000,0.6815,0.011371973587674248,13630,155,13.906773016788065,12.666918337345123,22.666994482278824,28.417810099199283,2.5093551608733833,67625.68337911896,0.2957456250442192,1651.3935546875,0,761.03725,5570,,,,0.8
quora-stationary,RR,800,5,20000,0.6739,0.011351832616115151,13478,153,13.766879681497812,12.625008821487427,22.416934370994568,28.95891782827662,2.484115364495665,68496.13167343695,0.29198729200288653,1651.3662109375,0,760.8964,5722,,,,0.8
quora-stationary,RR,800,6,20000,0.6795,0.012582781456953643,13590,171,13.522070460021496,12.416974641382694,22.16699067503214,27.582980692386627,2.431918162619695,69643.55124941452,0.28717662498820573,1651.4208984375,0,760.0206,5610,,,,0.8
quora-stationary,RR,800,7,20000,0.66925,0.012252521479267838,13385,164,13.968378340359777,12.66703475266695,22.666994482278824,28.541393112391166,2.560724492650479,67272.40782211532,0.29729870904702693,1651.6123046875,0,763.0708,5815,,,,0.8
quora-stationary,RR,800,8,20000,0.67685,0.01285366033833198,13537,174,13.464986445615068,12.37494871020317,21.875021047890186,25.834483094513352,2.427686471492052,69838.33604563972,0.2863756660372019,1651.2568359375,0,761.5845,5663,,,,0.8
quora-stationary,RR,800,9,20000,0.67695,0.011965433192998006,13539,162,13.098302466096357,12.125005014240742,20.666979253292084,23.37544225156301,2.2709854994900525,71968.01020543982,0.27790125005412847,1651.8037109375,0,759.9744,5661,,,,0.8
quora-stationary,RR,1600,0,20000,0.7485,0.01509686038744155,14970,226,18.15129304304719,17.50001683831215,29.45796586573124,34.87500362098217,2.261964132776484,51976.374622794094,0.3847902079578489,3240.6396484375,0,1412.8255,3430,,,,0.8
quora-stationary,RR,1600,1,20000,0.75125,0.01757071547420965,15025,264,15.313943766523153,14.582998119294643,24.00210942141709,27.62500662356615,1.6436029283795506,61982.07045354712,0.32267395802773535,3240.7490234375,0,1403.13185,3375,,,,0.8
quora-stationary,RR,1600,2,20000,0.7486,0.017298958055036066,14972,259,19.34391904505901,17.6670728251338,31.75006713718176,35.24997737258673,2.2256165219005197,48899.02320417552,0.40900612506084144,3240.5576171875,0,1408.9757,3428,,,,0.8
quora-stationary,RR,1600,3,20000,0.75065,0.018317458202890827,15013,275,14.261876721866429,13.37495632469654,22.499938495457172,27.08309330046177,1.5977978648152202,66443.77548546459,0.3010063749970868,3240.8310546875,0,1405.70765,3387,,,,0.8
quora-stationary,RR,1600,4,20000,0.7504,0.01752398720682303,15008,263,20.00530397053808,19.62494570761919,32.45798870921135,35.08293186314404,2.2107784578111023,47347.44800939709,0.42240924993529916,3240.7216796875,0,1407.7944,3392,,,,0.8
quora-stationary,RR,1600,5,20000,0.74985,0.013802760552110422,14997,207,20.586507359985262,20.165927708148956,34.00002606213093,37.9999412689358,2.4174838152248412,46029.751639035145,0.43450158403720707,3240.6123046875,0,1405.4044,3403,,,,0.8
quora-stationary,RR,1600,6,20000,0.7547,0.016496621173976416,15094,249,20.140692009590566,18.708000425249338,33.20805262774229,37.500471808016236,2.415912674041465,46947.86550956258,0.4260044579859823,3240.6123046875,0,1399.7907,3306,,,,0.8
quora-stationary,RR,1600,7,20000,0.7434,0.01627656712402475,14868,242,13.02014862303622,11.999974958598614,20.709005184471607,22.583059035241604,1.5979405958205462,72481.73544028401,0.27593158301897347,3240.9130859375,0,1414.4524,3532,,,,0.8
quora-stationary,RR,1600,8,20000,0.74735,0.016859570482371043,14947,252,13.017858198145404,11.999974958598614,20.750099793076515,22.74999860674143,1.5715464774984866,72553.46312303828,0.27565879200119525,3239.9013671875,0,1410.913,3453,,,,0.8
quora-stationary,RR,1600,9,20000,0.7479,0.019187057093194276,14958,287,17.61166458018124,17.457990907132626,28.04200630635023,32.5410021468997,2.143456821795553,53459.53931769962,0.3741147090913728,3240.5576171875,0,1402.4762,3442,,,,0.8
quora-stationary,ARC,50,0,20000,0.51135,0.0038134350249339984,10227,39,21.279818686889485,8.959032129496336,41.16701893508434,45.49999721348286,14.481042040279135,44799.5639261731,0.44643291691318154,443.5048828125,100,49.9259,9723,4.0,14.0,2.3740182900433298,0.8
quora-stationary,ARC,50,1,20000,0.51365,0.004185729582400467,10273,43,18.75005188630894,8.875038474798203,40.624989196658134,47.37832234241015,12.725535873323679,50892.592450958786,0.39298450003843755,444.5244140625,100,49.9268,9677,2.0,17.0,2.430013782051315,0.8
quora-stationary,ARC,50,2,20000,0.4977,0.0028129395218002813,9954,28,18.369226559298113,23.291446268558502,37.29097079485655,46.75119882449488,12.556368327932432,51974.81559346278,0.38480175007134676,444.5517578125,100,49.92025,9996,1.0,15.0,2.3565472111222245,0.8
quora-stationary,ARC,50,3,20000,0.5158,0.006300891818534315,10316,65,17.52436069655232,8.124974556267262,31.12492267973721,43.9999857917428,11.849781643832102,54501.03619266163,0.3669655000558123,444.1103515625,100,49.90735,9634,6.0,14.0,2.573754401154399,0.8
quora-stationary,ARC,50,4,20000,0.51815,0.003087908906687253,10363,32,18.122894229600206,8.582952432334423,39.25000783056021,49.291993491351604,12.29281285777688,52605.985445162136,0.3801848749862984,444.0791015625,100,49.92875,9587,2.0,16.875,2.7472924950050093,0.8
quora-stationary,ARC,50,5,20000,0.5101,0.004606939815722407,10202,47,17.692349274875596,8.417060598731041,37.54196804948151,43.62542182207101,12.02840541373007,53979.352180039,0.37051204196177423,443.9697265625,100,49.9235,9748,2.0,15.0,2.4077352294927192,0.8
quora-stationary,ARC,50,6,20000,0.5036,0.0030778395552025417,10072,31,17.45764272636734,11.395488400012255,36.2499849870801,43.41697786003351,11.720755277201533,54696.422888342364,0.3656546249985695,425.88671875,100,49.92535,9878,0.0,15.0,2.683419905094913,0.8
quora-stationary,ARC,50,7,20000,0.51025,0.0026457618814306715,10205,27,17.461271700449288,8.333008736371994,37.6659503672272,42.83345886506134,11.679790570633486,54656.15812051503,0.365923999925144,426.296875,100,49.91735,9745,2.0,12.0,2.7515118284493494,0.8
quora-stationary,ARC,50,8,20000,0.50925,0.0009818360333824251,10185,10,16.861248249188066,8.167000487446785,29.499991796910763,40.66701512783766,11.288857233012095,56629.93828787562,0.35317008290439844,425.94140625,100,49.91665,9765,2.0,18.0,2.599755721500788,0.8
quora-stationary,ARC,50,9,20000,0.51,0.00196078431372549,10200,20,17.45783172082156,8.333008736371994,37.74999640882015,44.41781551577137,11.68990329024382,54706.49061260457,0.3655873329844326,425.83203125,100,49.91225,9750,9.75,13.0,2.6615401551226663,0.8
quora-stationary,ARC,100,0,20000,0.5831,0.004716172183158978,11662,55,15.887457493226975,6.584043148905039,34.0829195920378,43.583405204117234,10.066293174168095,59877.55793795403,0.33401495800353587,839.44140625,200,99.6964,8238,2.0,24.0,4.047845617127878,0.8
quora-stationary,ARC,100,1,20000,0.58725,0.0074925500212856535,11745,88,15.998782630776986,7.583992555737495,37.62508276849985,42.58339875377708,10.072055540513247,59456.51537219107,0.3363802919629961,838.28515625,200,99.6691,8155,5.0,28.0,3.407003376623338,0.8
quora-stationary,ARC,100,2,20000,0.57315,0.0030533019279420743,11463,35,15.750499564455822,6.333924829959869,29.7910301014781,41.624996811151505,9.994590654969215,60431.99812146935,0.3309505000943318,839.23828125,200,99.6448,8437,5.0,28.0,4.402357592407641,0.8
quora-stationary,ARC,100,3,20000,0.58975,0.005934718100890208,11795,70,15.306444768793881,6.166985258460045,29.832945438101888,41.20799829252064,9.606011409778148,62080.55216710781,0.322162083000876,839.4140625,200,99.6149,8105,1.0,27.0,4.422884140026746,0.8
quora-stationary,ARC,100,4,20000,0.59095,0.00304594297317878,11819,36,15.822248440235853,6.832997314631939,37.74999640882015,42.6262547262011,9.921713126823306,60046.86651675907,0.33307316701393574,838.3125,200,99.6628,8081,9.666666666666668,29.0,4.261483823815208,0.8
quora-stationary,ARC,100,5,20000,0.5832,0.0054869684499314125,11664,64,15.856778458692133,7.375027053058147,37.291902117431164,43.875785777345165,10.043225629488006,60037.2531126605,0.33312650001607835,840.375,200,99.62365,8236,0.0,28.0,4.173078237318251,0.8
quora-stationary,ARC,100,6,20000,0.57345,0.003836428633708257,11469,44,16.570081404643133,8.042086847126484,38.375030271708965,45.12544372119003,10.509901394834742,57409.229080499244,0.348376041976735,840.375,200,99.6279,8431,0.0,27.0,4.514944106057312,0.8
quora-stationary,ARC,100,7,20000,0.57255,0.0035804733211073267,11451,41,16.48607202223502,8.00006091594696,38.33300434052944,44.83647528104444,10.458726825891063,57663.45516547036,0.34684012504294515,840.5703125,200,99.62735,8449,8.974789915966387,29.0,4.5724061010970525,0.8
quora-stationary,ARC,100,8,20000,0.572,0.003234265734265734,11440,37,15.984744764864445,6.792019121348858,31.209085136651993,42.125410400330956,10.10309950215742,59540.688238315524,0.33590475004166365,840.4609375,200,99.6318,8460,7.666666666666667,33.0,4.112488975483337,0.8
quora-stationary,ARC,100,9,20000,0.58265,0.006779370119282588,11653,79,15.882662677904591,7.625087164342403,37.83300053328276,42.792354943230684,10.02744390279986,59877.236698228524,0.33401674998458475,839.38671875,200,99.62,8247,6.0,26.0,3.8874210830836353,0.8
quora-stationary,ARC,200,0,20000,0.64325,0.009405363389040031,12865,121,15.40754540474154,7.9999445006251335,39.16607238352299,44.37578958459185,8.945799386128783,61530.84118632971,0.3250402499688789,1663.5625,400,198.5019,6935,7.0,57.0,10.357871260644387,0.8
quora-stationary,ARC,200,1,20000,0.64675,0.009509083880943178,12935,123,14.77581876097247,6.708083674311638,32.79109951108694,42.624889174476266,8.555998041993007,64183.13594472136,0.3116083330241963,1664.203125,400,198.3074,6865,9.235294117647058,52.0,8.929280216916505,0.8
quora-stationary,ARC,200,2,20000,0.64005,0.0052339660963987185,12801,67,15.280854818411171,6.9999368861317635,38.58399577438831,45.41649133898311,8.938351861434057,62044.20945703742,0.32235079107340425,1663.515625,400,198.4168,6999,8.0,53.0,8.377722932729748,0.8
quora-stationary,ARC,200,3,20000,0.65075,0.006838263542066846,13015,89,14.642569603165612,6.708898581564426,32.04203676432371,42.83408634364605,8.434488152852282,64757.088067242876,0.3088465000037104,1668.140625,400,198.25755,6785,2.0,52.3,10.388022422185285,0.8
quora-stationary,ARC,200,4,20000,0.6536,0.0036719706242350062,13072,48,14.855828613508493,6.916932761669159,32.71102905273435,44.95850414969021,8.511486317729577,63796.234836973315,0.3134981249459088,1661.31640625,400,198.38875,6728,6.0,57.0,9.170389570264994,0.8
quora-stationary,ARC,200,5,20000,0.6425,0.006303501945525292,12850,81,15.15366364037618,7.1249669417738914,38.08306064456701,44.875383609905775,8.81572742946446,62571.68857162583,0.31963337503839284,1663.734375,400,198.3271,6950,0.0,60.0,9.808134850431507,0.8
quora-stationary,ARC,200,6,20000,0.64945,0.00731388097621064,12989,95,15.206297457916662,7.333001121878624,38.25000021606684,43.25003828853369,8.74010666157119,62344.41503527288,0.32079858297947794,1662.4765625,400,198.2452,6811,1.0,54.0,8.678932985159806,0.8
quora-stationary,ARC,200,7,20000,0.6367,0.004868855033767865,12734,62,15.201307937968522,7.00005330145359,33.87709730304775,45.2909164596349,8.887035271618515,62454.931531147835,0.32023091707378626,1664.7421875,400,198.34995,7066,10.0,58.0,9.40105691882994,0.8
quora-stationary,ARC,200,8,20000,0.63815,0.006503173235132806,12763,83,15.432251180754974,7.207971066236496,39.041973650455475,44.084447436034615,8.982928277691826,61453.14414439418,0.32545120804570615,1664.515625,400,198.3984,7037,11.0,51.0,8.003248812148918,0.8
quora-stationary,ARC,200,9,20000,0.6465,0.009976798143851507,12930,129,15.107467235065997,7.0410314947366714,33.87720789760348,43.54200791567564,8.723302005091682,62789.65001678748,0.31852383306249976,1665.76953125,400,198.3324,6870,12.666666666666666,57.0,9.712723230547304,0.8
quora-stationary,ARC,400,0,20000,0.6948,0.009211283822682787,13896,128,15.965788578614593,8.66700429469347,38.08299661614001,50.08304491639137,8.183443482266739,58930.101906203505,0.3393851249711588,3320.43359375,800,392.36005,5704,0.0,112.0,22.063593230956585,0.8
quora-stationary,ARC,400,1,20000,0.6999,0.011644520645806544,13998,163,15.599840425420552,8.458038792014122,36.70796286314726,49.04359346255634,7.998391293222085,60433.002453066714,0.3309450000524521,3323.9765625,800,391.8227,5602,13.0,105.0,23.15932480608591,0.8
quora-stationary,ARC,400,2,20000,0.69725,0.008031552527787738,13945,112,16.389658075058833,9.207986295223236,42.33292420394719,50.41640368290239,8.475529187126085,57509.21814008455,0.34777033398859203,3321.06640625,800,392.47855,5655,8.0,109.0,25.339365558967142,0.8
quora-stationary,ARC,400,3,20000,0.70365,0.008598024586086833,14073,121,16.07191616203636,9.041978046298027,39.83295755460858,49.49991242028773,8.18622829974629,58547.3237891706,0.3416040000738576,3319.546875,800,391.9525,5527,4.0,102.0,24.90024144018085,0.8
quora-stationary,ARC,400,4,20000,0.70415,0.008094866150678122,14083,114,15.874861308839172,8.624978363513947,37.9589619114995,50.625065341591835,8.071340154856443,59317.56622989802,0.3371682500001043,3321.3984375,800,392.06735,5517,10.0,105.0,20.10886696174142,0.8
quora-stationary,ARC,400,5,20000,0.6982,0.007519335433973074,13964,105,15.845550550147891,8.584000170230865,37.46111760847268,49.25038781948381,8.12804423039779,59495.50046077347,0.3361598750343546,3321.79296875,800,392.1001,5636,6.0,105.0,18.682090235757826,0.8
quora-stationary,ARC,400,6,20000,0.7038,0.011437908496732025,14076,161,16.163836768828332,9.041978046298027,40.58312624692917,50.58387876488255,8.189954509725794,58291.420142312585,0.34310366690624505,3321.60546875,800,391.5945,5524,11.0,109.0,28.577012704442836,0.8
quora-stationary,ARC,400,7,20000,0.68975,0.008408843783979703,13795,116,16.05845790472813,8.833943866193295,37.792022339999676,48.12504630535841,8.27724736300297,58748.25096439374,0.34043566696345806,3322.3125,800,392.1688,5805,5.0,109.0,25.88229038691394,0.8
quora-stationary,ARC,400,8,20000,0.6959,0.009053024859893663,13918,126,15.910922328475863,8.750008419156075,37.58305683732033,48.04100492037833,8.132043137447909,59357.08114539699,0.33694379194639623,3321.37109375,800,392.28665,5682,8.0,96.0,17.27472960724443,0.8
quora-stationary,ARC,400,9,20000,0.6953,0.01121817920322163,13906,156,16.160250693792477,8.917006198316813,38.040924118831754,49.332972848787904,8.255405339878052,58390.38164584939,0.34252216608729213,3321.23828125,800,391.8636,5694,28.18918918918919,114.0,30.843216400122426,0.8
quora-stationary,ARC,800,0,20000,0.74065,0.013704178761898332,14813,203,18.274283956270665,12.209056876599789,47.042034566402435,56.459396146237786,7.724396523553878,51802.99790561599,0.3860780419781804,6621.80859375,1600,761.8811,4387,7.0,219.0,77.50142573844387,0.8
quora-stationary,ARC,800,1,20000,0.74805,0.014303856694071252,14961,214,17.721831356175244,12.082979083061218,45.37496715784073,55.042388848960336,7.219343382166699,53428.22771344872,0.37433395895641297,6624.30859375,1600,760.7231,4239,8.0,185.0,57.41368307350085,0.8
quora-stationary,ARC,800,2,20000,0.74675,0.013458319383997322,14935,201,19.407107355073094,12.999982573091984,50.29095336794853,58.66640829481178,7.680731947766617,49008.99727829913,0.4080883329734206,6622.75390625,1600,762.6699,4265,3.0,180.0,46.904729852754286,0.8
quora-stationary,ARC,800,3,20000,0.747,0.014190093708165997,14940,212,18.988063553115353,12.875068932771683,48.58600441366431,56.75044492818409,7.4386412918102,50172.99750310337,0.39862079196609557,6623.93359375,1600,761.0704,4260,30.0,209.0,63.68768294900603,0.8
quora-stationary,ARC,800,4,20000,0.74595,0.012936523895703465,14919,193,18.9900410536211,12.833974324166775,48.791058361530304,57.79246799647802,7.558693818282336,50142.462003947076,0.39886354201007634,6614.5703125,1600,761.03725,4281,1.0,204.0,53.79778947342906,0.8
quora-stationary,ARC,800,5,20000,0.74415,0.01148961902842169,14883,171,19.2845031269826,12.999982573091984,48.916018567979336,58.582983911037445,7.62127308989875,49354.12929014517,0.4052345829550177,6614.5703125,1600,760.8964,4317,14.0,202.0,53.559188192558636,0.8
quora-stationary,ARC,800,6,20000,0.7503,0.014660802345728375,15006,220,19.211896666092798,13.125012628734112,49.37499761581421,57.08309821784496,7.5101267953868955,49511.10372234076,0.40394979098346084,6623.42578125,1600,760.0206,4194,1.0,193.0,67.03788868711597,0.8
quora-stationary,ARC,800,7,20000,0.73885,0.012790146849834202,14777,189,19.825285440310836,13.332930393517017,49.16912293992934,58.29235655255609,7.847111305454746,48114.5896247355,0.4156743340427056,6623.33984375,1600,763.0708,4423,65.37489586023457,191.0,65.2867903498498,0.8
quora-stationary,ARC,800,8,20000,0.74385,0.014384620555219467,14877,214,19.22920125653036,13.208016753196716,46.45814187824726,55.58349774219089,7.4816263222601265,49593.25275691085,0.4032806659815833,6619.5,1600,761.5845,4323,18.0,210.0,64.19166507793382,0.8
quora-stationary,ARC,800,9,20000,0.7397,0.01656076787886981,14794,245,19.492489227559417,13.208016753196716,47.1691077109426,59.249927289783955,7.709328091004863,48954.105687940355,0.40854591701645404,6626.65234375,1600,759.9744,4406,7.413793103448278,207.0,63.182716389668066,0.8
quora-stationary,ARC,1600,0,20000,0.78145,0.0167637084906264,15629,262,21.699231100501493,17.50001683831215,52.12496034801006,62.45840457268053,5.915364844258875,44205.77012656836,0.452429624972865,15617.74609375,2973,1412.8255,2771,257.3688669948833,419.0,140.78058110978648,0.8
quora-stationary,ARC,1600,1,20000,0.78415,0.017917490276095134,15683,281,22.428404528182,17.415964975953102,56.45898636430502,62.58302368223667,6.751234992407262,42212.37149146343,0.4737947500543669,15616.92578125,2916,1403.13185,2717,316.99628866931386,392.0,131.32079685494134,0.8
quora-stationary,ARC,1600,2,20000,0.7832,0.018449948927477016,15664,289,23.115573974791914,17.6670728251338,58.832927606999874,68.70892946608352,7.065049494849518,40950.91782480957,0.4883895419770852,15619.23828125,2928,1408.9757,2736,315.4875147202733,372.0,128.45405006158293,0.8
quora-stationary,ARC,1600,3,20000,0.783,0.01698595146871009,15660,266,22.380614426219836,18.33401620388031,52.24999040365219,68.8334240112453,5.76939748134464,42907.78553233457,0.4661158750532195,15619.4296875,2905,1405.70765,2740,254.53809523809525,376.0,121.51870642857631,0.8
quora-stationary,ARC,1600,4,20000,0.78165,0.016183713938463507,15633,253,25.484519643941894,20.58397512882948,71.49996235966682,84.79244075715535,7.108646584674716,37587.817521598154,0.5320872910087928,15619.23828125,2897,1407.7944,2767,108.01806526806527,373.0,107.81995734266343,0.8
quora-stationary,ARC,1600,5,20000,0.77975,0.014363578069894196,15595,224,20.871892204741016,16.0830095410347,49.25212706439194,62.37551569938653,5.626014154404402,45890.09280594286,0.43582391703967005,15619.5390625,2930,1405.4044,2805,320.6046856894052,403.0,144.8314132197763,0.8
quora-stationary,ARC,1600,6,20000,0.78575,0.018708240534521157,15715,294,19.661759125301614,15.08404966443777,44.58608455024657,56.66743032634252,5.110091919777915,48630.33179884503,0.4112659581005573,15617.49609375,2899,1399.7907,2685,345.31451612903226,384.0,126.93362807071534,0.8
quora-stationary,ARC,1600,7,20000,0.7782,0.017219223849910047,15564,268,24.592948198551312,17.832964658737183,69.0829532686621,80.50003089010715,7.823289575753734,38638.56685527924,0.5176175419474021,15619.2890625,2983,1414.4524,2836,242.33687301119977,373.0,133.56453583702924,0.8
quora-stationary,ARC,1600,8,20000,0.78195,0.01790395805358399,15639,280,25.902863522060215,19.25008837133646,66.29200652241707,78.62504571676254,8.003320277202874,36584.42336020655,0.5466807499760762,15619.125,2933,1410.913,2761,331.3636363636364,371.0,123.24899545454821,0.8
quora-stationary,ARC,1600,9,20000,0.7802,0.0200589592412202,15604,313,22.05753747257404,17.000013031065464,57.921122061088624,75.91740228235714,6.755060207797214,43011.26522083003,0.4649944589473307,15617.90625,2967,1402.4762,2796,324.0318016410431,389.8779983457403,135.5781115717314,0.8
quora-stationary,ARC-exact,50,0,20000,0.5221,0.0030645470216433632,10442,32,11.876121134264395,6.708083674311638,20.582927390933037,21.62496093660593,6.311108637601137,79039.58993558363,0.25303775002248585,421.86328125,100,49.9259,9508,0.0,0.0,0.0,0.8
quora-stationary,ARC-exact,50,1,20000,0.52185,0.003066015138449746,10437,32,11.953023710520938,6.66698906570673,20.584091544151306,21.916930563747883,6.40025082975626,78597.04275450727,0.254462500102818,421.9453125,100,49.9268,9513,0.0,0.0,0.0,0.8
quora-stationary,ARC-exact,50,2,20000,0.5088,0.002161949685534591,10176,22,15.11704187723808,8.333008736371994,25.4589831456542,26.292051188647747,8.316984924022108,61933.8056034666,0.3229254169855267,421.80859375,100,49.92025,9774,0.0,0.0,0.0,0.8
quora-stationary,ARC-exact,50,3,20000,0.52945,0.00528850694116536,10589,56,12.359633418964222,7.333990652114153,21.875021047890186,25.75002145022154,6.648982607293874,75914.23281650967,0.2634552080417052,421.31640625,100,49.90735,9361,0.0,0.0,0.0,0.8
quora-stationary,ARC-exact,50,4,20000,0.524,0.0022900763358778627,10480,24,12.799519847612828,7.9160090535879135,24.625100195407867,27.916976250708103,6.956230528885499,73355.5857275611,0.2726445409934968,421.890625,100,49.92875,9470,0.0,0.0,0.0,0.8
quora-stationary,ARC-exact,50,5,20000,0.52435,0.0037188900543530085,10487,39,12.174488685559481,7.6669966802001,21.74999099224806,25.62499139457941,6.577996409032494,77155.173048692,0.2592178749619052,421.91796875,100,49.9235,9463,0.0,0.0,0.0,0.8
quora-stationary,ARC-exact,50,6,20000,0.51215,0.0017572976666992092,10243,18,12.582464748993516,8.124974556267262,24.75001383572817,27.33292174525559,6.864854850573465,74636.69431146738,0.2679647080367431,421.78515625,100,49.92535,9707,0.0,0.0,0.0,0.8
quora-stationary,ARC-exact,50,7,20000,0.5169,0.0013542271232346683,10338,14,12.460112251574174,8.00006091594696,24.87492747604847,26.875059120357037,6.789228942943737,75366.0434714991,0.2653714999323711,421.21875,100,49.91735,9612,0.0,0.0,0.0,0.8
quora-stationary,ARC-exact,50,8,20000,0.52455,0.0005719187875321705,10491,6,12.052463291911408,7.708091288805008,19.707949832081795,27.79089962132275,6.5147337794769555,77704.78226615446,0.2573844159487635,421.921875,100,49.91665,9459,0.0,0.0,0.0,0.8
quora-stationary,ARC-exact,50,9,20000,0.51885,0.0026982750313192636,10377,28,12.763939698925242,8.124974556267262,25.541987270116806,29.916991479694843,6.940660532563925,73561.15527905036,0.2718826250638813,421.89453125,100,49.91225,9573,0.0,0.0,0.0,0.8
quora-stationary,ARC-exact,100,0,20000,0.5854,0.0055517594806969595,11708,65,11.80257968371734,6.582937203347683,23.833010345697403,28.500824701040848,5.99614743841812,79400.59158873375,0.25188729201909155,831.67578125,200,99.6964,8192,0.0,0.0,0.0,0.8
quora-stationary,ARC-exact,100,1,20000,0.59115,0.008035185655079083,11823,95,11.896106915082783,7.625087164342403,25.208923034369946,28.87495793402195,5.962527182418853,78653.81384827352,0.2542788330465555,831.0234375,200,99.6691,8077,0.0,0.0,0.0,0.8
quora-stationary,ARC-exact,100,2,20000,0.5734,0.0035751656784094874,11468,41,11.992131744045764,7.479509804397821,25.250017642974854,28.625844279304015,6.205939420033246,78167.42994672016,0.25586104101967067,831.4375,200,99.6448,8432,0.0,0.0,0.0,0.8
quora-stationary,ARC-exact,100,3,20000,0.5798,0.005174197999310107,11596,60,12.0988063281402,7.625087164342403,25.209039449691772,27.250032871961594,6.2143050716258585,77422.63905362262,0.25832237501163036,831.265625,200,99.6149,8304,0.0,0.0,0.0,0.8
quora-stationary,ARC-exact,100,4,20000,0.5887,0.0022931883811788687,11774,27,11.57641583122313,6.250105798244476,22.87491806782782,27.62500662356615,5.879729683510959,80797.18541435225,0.2475333750480786,831.2734375,200,99.6628,8126,0.0,0.0,0.0,0.8
quora-stationary,ARC-exact,100,5,20000,0.5841,0.00342407122068139,11682,40,11.932498344685882,7.166061550378799,24.250010028481483,27.125412598252232,6.046117527876049,78461.93670369186,0.2549006670014933,832.640625,200,99.62365,8218,0.0,0.0,0.0,0.8
quora-stationary,ARC-exact,100,6,20000,0.58075,0.002927249246663797,11615,34,12.462938000680879,8.00006091594696,26.124995201826096,28.91739364713424,6.3368852250278,75130.63336232866,0.26620300009381026,831.67578125,200,99.6279,8285,0.0,0.0,0.0,0.8
quora-stationary,ARC-exact,100,7,20000,0.5688,0.0025492264416315047,11376,29,11.636075691785663,6.292015314102173,19.749975763261318,26.917379582300715,5.984777741832659,80547.1837463975,0.24830166704487056,831.265625,200,99.62735,8524,0.0,0.0,0.0,0.8
quora-stationary,ARC-exact,100,8,20000,0.5755,0.003562119895742832,11510,41,11.432319233426824,6.1659375205636024,19.33402381837368,27.125002816319466,5.824961164034903,81857.34311633423,0.24432749999687076,831.35546875,200,99.6318,8390,0.0,0.0,0.0,0.8
quora-stationary,ARC-exact,100,9,20000,0.58555,0.0075996925967039535,11711,89,11.857547605177388,7.458031177520752,25.00212285667655,28.41823035851101,6.011409591883421,78839.49584857034,0.2536799580557272,831.59375,200,99.62,8189,0.0,0.0,0.0,0.8
quora-stationary,ARC-exact,200,0,20000,0.64035,0.010228781135316624,12807,131,11.77396755083464,7.08398874849081,25.540945352986455,29.832939617335796,5.495817883638665,79284.54923963996,0.25225595897063613,1651.015625,396,198.5019,6993,0.0,0.0,0.0,0.8
quora-stationary,ARC-exact,200,1,20000,0.64305,0.009719306430293135,12861,125,12.206926359795034,8.082948625087738,26.79100725799799,29.750880785286295,5.643740016967058,76612.2204858665,0.26105495798401535,1651.3984375,397,198.3074,6939,0.0,0.0,0.0,0.8
quora-stationary,ARC-exact,200,2,20000,0.63605,0.004323559468595237,12721,55,11.53588171582669,6.792019121348858,20.833924645558,28.042416088282998,5.367801804095507,81162.2979696463,0.24641983408946544,1650.71484375,398,198.4168,7079,0.0,0.0,0.0,0.8
quora-stationary,ARC-exact,200,3,20000,0.64505,0.006588636539803116,12901,85,11.993816203903407,7.1249669417738914,23.044127738103242,30.87758785113652,5.543959233909845,78162.618483199,0.2558767910813913,1651.234375,397,198.25755,6899,0.0,0.0,0.0,0.8
quora-stationary,ARC-exact,200,4,20000,0.64965,0.005387516354960363,12993,70,11.500480765243992,6.958027370274067,23.33598677068946,28.582988306879997,5.246002419153228,81397.05838920733,0.24570912506897002,1651.03515625,400,198.38875,6807,0.0,0.0,0.0,0.8
quora-stationary,ARC-exact,200,5,20000,0.63665,0.004633629152595618,12733,59,11.97415319038555,7.125083357095718,23.16699828952551,29.791039414703846,5.578862025868148,78142.64070298863,0.2559422079939395,1651.08203125,396,198.3271,7067,0.0,0.0,0.0,0.8
quora-stationary,ARC-exact,200,6,20000,0.64775,0.0096487842531841,12955,125,11.691508261719719,7.0410314947366714,24.58296366967261,28.833048418164253,5.379626184003428,79932.86950147549,0.2502099589910358,1650.81640625,398,198.2452,6845,0.0,0.0,0.0,0.8
quora-stationary,ARC-exact,200,7,20000,0.6268,0.004467134652201659,12536,56,12.144131725654006,7.084105163812637,24.499959545210004,31.793226953595678,5.742915399605408,77179.51328309161,0.2591361249797046,1651.5625,399,198.34995,7264,0.0,0.0,0.0,0.8
quora-stationary,ARC-exact,200,8,20000,0.6365,0.009662215239591517,12730,123,12.043564073974267,7.333001121878624,25.83395689725876,30.00124590471367,5.593954474898055,77751.69316134695,0.257229125010781,1651.03515625,399,198.3984,7070,0.0,0.0,0.0,0.8
quora-stationary,ARC-exact,200,9,20000,0.6437,0.008855056703433277,12874,114,12.34856981318444,8.124974556267262,26.87494270503521,31.16694395430386,5.6813876843079925,75810.96390621086,0.26381408399902284,1650.98046875,399,198.3324,6926,0.0,0.0,0.0,0.8
quora-stationary,ARC-exact,400,0,20000,0.6899,0.01000144948543267,13798,138,13.367044681217521,9.25001222640276,30.58405127376318,35.00045277178281,5.590446962742135,69573.18310638156,0.28746708296239376,3301.1953125,775,392.36005,5802,0.0,0.0,0.0,0.8
quora-stationary,ARC-exact,400,1,20000,0.69485,0.010793696481254948,13897,150,13.053435570327565,8.416012860834599,27.210108237341014,33.958000130951405,5.420443823095411,71259.58439427326,0.28066400007810444,3301.38671875,769,391.8227,5703,0.0,0.0,0.0,0.8
quora-stationary,ARC-exact,400,2,20000,0.6909,0.00774352294109133,13818,107,12.550063477829099,8.25000461190939,24.58400558680296,31.75048623234027,5.124409537529573,74173.09733104642,0.2696395420935005,3300.8125,776,392.47855,5782,0.0,0.0,0.0,0.8
quora-stationary,ARC-exact,400,3,20000,0.6971,0.00753120068856692,13942,105,13.2793617551215,9.042094461619854,28.08392164297402,33.958420390263136,5.351658258587122,70115.59433054537,0.285243249963969,3301.0,764,391.9525,5658,0.0,0.0,0.0,0.8
quora-stationary,ARC-exact,400,4,20000,0.695,0.007913669064748202,13900,110,12.950460205320269,8.750008419156075,26.50201786309478,33.20889198221253,5.228241166332737,71912.33159000454,0.27811641700100154,3300.64453125,768,392.06735,5700,0.0,0.0,0.0,0.8
quora-stationary,ARC-exact,400,5,20000,0.691,0.007018813314037626,13820,97,13.381112430943176,9.16607677936554,28.29195000231266,34.624943509697914,5.462740897201002,69632.56917262114,0.2872219169512391,3300.9453125,770,392.1001,5780,0.0,0.0,0.0,0.8
quora-stationary,ARC-exact,400,6,20000,0.69955,0.011864770209420342,13991,166,13.1794951739721,9.25001222640276,29.458128847181797,34.74997472949326,5.300357693340629,70622.3522019749,0.2831964580109343,3301.24609375,776,391.5945,5609,0.0,0.0,0.0,0.8
quora-stationary,ARC-exact,400,7,20000,0.685,0.007372262773722628,13700,101,13.356136274524033,8.958042599260807,26.541994884610176,33.415970392525196,5.481769586913288,69805.5709480901,0.2865100840572268,3301.44140625,782,392.1688,5900,0.0,0.0,0.0,0.8
quora-stationary,ARC-exact,400,8,20000,0.6906,0.009194902982913408,13812,127,13.199376611737534,9.25001222640276,28.542010113596916,33.50002225488424,5.354267259826884,70569.20237194096,0.283409749972634,3300.37109375,772,392.28665,5788,0.0,0.0,0.0,0.8
quora-stationary,ARC-exact,400,9,20000,0.69175,0.011926273942898446,13835,165,13.257342641009018,9.041978046298027,26.586069725453825,34.167491830885346,5.308719468303025,70361.99043529171,0.284244375070557,3301.796875,766,391.8636,5765,0.0,0.0,0.0,0.8
quora-stationary,ARC-exact,800,0,20000,0.7393,0.013864466387122954,14786,205,15.460730192717165,12.208009138703346,31.12708218395707,39.334353059530194,4.859640775248408,60899.3850673926,0.32841054105665535,6530.33203125,1461,761.8811,4414,0.0,0.0,0.0,0.8
quora-stationary,ARC-exact,800,1,20000,0.74215,0.014013339621370344,14843,208,15.935622731922194,12.584030628204346,33.624935895204544,40.20944703370326,4.957214853493497,59059.75401432712,0.33864008297678083,6495.0,1452,760.7231,4357,0.0,0.0,0.0,0.8
quora-stationary,ARC-exact,800,2,20000,0.74255,0.013938455322873881,14851,207,15.643262257799506,12.416043318808079,32.125040888786316,37.9584496840834,4.762748547364026,60240.1397273317,0.33200454199686646,6495.65625,1476,762.6699,4349,0.0,0.0,0.0,0.8
quora-stationary,ARC-exact,800,3,20000,0.7405,0.013706954760297096,14810,203,16.435485635884106,12.833974324166775,34.58303399384022,41.75043548457318,5.094465735601261,57366.60741396747,0.3486348749138415,6527.72265625,1425,761.0704,4390,0.0,0.0,0.0,0.8
quora-stationary,ARC-exact,800,4,20000,0.7409,0.012619786745849642,14818,187,15.768853551708162,12.499978765845299,32.125040888786316,38.41746482066804,4.733838350512087,59846.15050407969,0.3341902500251308,6528.96484375,1433,761.03725,4382,0.0,0.0,0.0,0.8
quora-stationary,ARC-exact,800,5,20000,0.73795,0.010298800731756893,14759,152,16.451055416837335,12.791017070412636,33.62505231052637,39.417473599314626,5.043857329292223,57325.69893670206,0.3488836659817025,6493.6875,1446,760.8964,4441,0.0,0.0,0.0,0.8
quora-stationary,ARC-exact,800,6,20000,0.74465,0.014704894917075136,14893,219,17.11994485813193,12.999982573091984,35.460107028484316,47.334322007372776,5.197002604836598,54995.57457677385,0.363665624987334,6494.09765625,1439,760.0206,4307,0.0,0.0,0.0,0.8
quora-stationary,ARC-exact,800,7,20000,0.735,0.013197278911564626,14700,194,16.97626348468475,13.125012628734112,34.16696563363075,48.3787409029895,5.227023584302515,55594.76778589437,0.35974608396645635,6495.3828125,1466,763.0708,4500,0.0,0.0,0.0,0.8
quora-stationary,ARC-exact,800,8,20000,0.7402,0.013644960821399621,14804,202,16.71903766109608,12.916047126054764,34.54205580055714,48.45799412578344,5.091169330989942,56422.17794555342,0.35447054204996675,6493.578125,1452,761.5845,4396,0.0,0.0,0.0,0.8
quora-stationary,ARC-exact,800,9,20000,0.7369,0.016013027547835526,14738,236,17.11767585366033,13.125012628734112,34.83313485048711,48.66863018833074,5.298803129699081,55181.49659084609,0.36244033300317824,6493.93359375,1445,759.9744,4462,0.0,0.0,0.0,0.8
quora-stationary,ARC-exact,1600,0,20000,0.78075,0.016458533461415306,15615,257,19.16423123329878,16.54098741710186,36.833930062130094,47.04327438957969,4.078819480491802,49724.63429377452,0.40221512503921986,15619.34765625,2641,1412.8255,2785,0.0,0.0,0.0,0.8
quora-stationary,ARC-exact,1600,1,20000,0.78295,0.017689507631394086,15659,277,22.580861119786277,18.70805863291025,45.9191564004868,52.584395743906434,5.097232043044642,41901.036011833276,0.477315166965127,15619.51171875,2628,1403.13185,2741,0.0,0.0,0.0,0.8
quora-stationary,ARC-exact,1600,2,20000,0.7823,0.018087690144445865,15646,283,20.395813637878746,17.249956727027893,44.49998959898949,60.25089067406939,5.015822942368686,46326.4388316297,0.431718916981481,15619.01953125,2632,1408.9757,2754,0.0,0.0,0.0,0.8
quora-stationary,ARC-exact,1600,3,20000,0.78135,0.016957829397837076,15627,265,17.32202094863169,13.625016435980797,33.45799632370472,54.45845890790218,4.261688847327605,54537.85643435892,0.36671774997375906,12042.47265625,2612,1405.70765,2773,0.0,0.0,0.0,0.8
quora-stationary,ARC-exact,1600,4,20000,0.7801,0.015767209332136906,15602,246,22.753768594702706,19.7909539565444,47.91601677425206,53.8330152630806,5.185713700484484,41636.31769977364,0.4803498749388382,12045.05859375,2591,1407.7944,2798,0.0,0.0,0.0,0.8
quora-stationary,ARC-exact,1600,5,20000,0.7794,0.014754939697202976,15588,230,20.79264837084338,17.457990907132626,47.7079302072525,63.62618296407143,5.149047845043242,45488.71803075088,0.4396694579627365,12049.93359375,2624,1405.4044,2812,0.0,0.0,0.0,0.8
quora-stationary,ARC-exact,1600,6,20000,0.7852,0.018721344880285276,15704,294,21.927418059203774,19.458006136119366,47.375098802149296,52.12496034801006,4.9640938406810164,43133.47046833398,0.46367704204749316,12048.08984375,2624,1399.7907,2696,0.0,0.0,0.0,0.8
quora-stationary,ARC-exact,1600,7,20000,0.77645,0.016936055122673706,15529,263,21.54987525427714,18.124934285879135,44.33398135006428,52.000465802848275,5.243886326206848,43838.51097912711,0.45621987502090633,15619.86328125,2658,1414.4524,2871,0.0,0.0,0.0,0.8
quora-stationary,ARC-exact,1600,8,20000,0.7809,0.018056089127929314,15618,282,17.418232886120677,13.708020560443401,37.66699228435755,57.29100666940212,4.502794984728098,54137.34508719842,0.3694307500263676,12042.9609375,2624,1410.913,2782,0.0,0.0,0.0,0.8
quora-stationary,ARC-exact,1600,9,20000,0.7788,0.020030816640986132,15576,312,18.157940526725724,15.874975360929966,42.044155998155446,51.292838761582836,4.742906562751159,51849.588230884896,0.3857311250176281,15619.53515625,2650,1402.4762,2824,0.0,0.0,0.0,0.8
quora-stationary,LRU-batch,50,0,20000,0.3841,0.005206977349648529,7682,40,10.099947662092745,8.124974556267262,29.374967562034726,38.167826132848724,3.0637841555289924,90859.25584035844,0.22012066701427102,103.56640625,0,45.4789,12270,,,,0.8
quora-stationary,LRU-batch,50,1,20000,0.38265,0.004050699072259245,7653,31,9.142338036326692,7.083057425916195,26.250025257468224,38.625394226983126,2.8298391960561275,100570.04362524628,0.1988663749070838,103.56640625,0,45.4956,12300,,,,0.8
quora-stationary,LRU-batch,50,2,20000,0.3857,0.0033704952035260565,7714,26,10.220327973365784,9.08400397747755,31.749950721859932,34.70794763416052,3.0115357134491205,89603.67735123655,0.22320512495934963,103.5390625,0,45.45965,12240,,,,0.8
quora-stationary,LRU-batch,50,3,20000,0.394,0.004314720812182741,7880,34,8.23418972431682,7.0410314947366714,27.125002816319466,30.374969355762005,2.4929359671659768,111780.99535106783,0.1789212910225615,103.53515625,0,45.47405,12070,,,,0.8
quora-stationary,LRU-batch,50,4,20000,0.41235,0.0031526615739056628,8247,26,8.223493775585666,6.875023245811462,26.794103905558558,30.87497316300869,2.4598058313131332,111832.56099418894,0.1788387909764424,103.5078125,0,45.46065,11710,,,,0.8
quora-stationary,LRU-batch,50,5,20000,0.38945,0.002824496084221338,7789,22,8.416214311728254,7.1659451350569725,27.250032871961594,31.000003218650818,2.5455379975028336,109429.74374052593,0.18276566604617983,103.56640625,0,45.4928,12170,,,,0.8
quora-stationary,LRU-batch,50,6,20000,0.3837,0.003127443315089914,7674,24,10.316726833116263,9.124982170760632,31.79109189659357,35.415985621511936,3.063363552791998,88780.85558916011,0.22527379204984754,103.56640625,0,45.49285,12280,,,,0.8
quora-stationary,LRU-batch,50,7,20000,0.4019,0.0034834535954217467,8038,28,8.126478613121435,6.66698906570673,25.21097194403407,30.333991162478924,2.4359799979720265,113161.58839984292,0.1767384170088917,103.5390625,0,45.46755,11920,,,,0.8
quora-stationary,LRU-batch,50,8,20000,0.38255,0.0015684224284407268,7651,12,10.257953585823998,9.165960364043713,31.5419165417552,34.50002986937761,3.0102022748906165,89171.34726030275,0.22428729198873043,103.53515625,0,45.43415,12300,,,,0.8
quora-stationary,LRU-batch,50,9,20000,0.3919,0.0015310028068384791,7838,12,9.053048555506393,6.9999368861317635,29.291072860360146,36.20921983383576,2.7804858633317053,101434.17325062025,0.19717220892198384,103.5078125,0,45.4742,12120,,,,0.8
quora-stationary,LRU-batch,100,0,20000,0.47845,0.005538718779391786,9569,53,8.927444199798629,6.875023245811462,17.800333444028972,52.459480939432915,2.4647613405250013,102993.06396022526,0.19418783392757177,205.359375,0,90.31555,10340,,,,0.8
quora-stationary,LRU-batch,100,1,20000,0.4796,0.004482902418682235,9592,43,9.848662948934361,8.207978680729866,13.208016753196716,54.74989418871701,2.5961930630728602,93042.18879943233,0.21495625004172325,205.38671875,0,90.3112,10320,,,,0.8
quora-stationary,LRU-batch,100,2,20000,0.4705,0.004463336875664187,9410,42,8.903806935995817,6.749993190169334,17.542042769491673,52.62496415525675,2.4387014855165035,102773.64646341676,0.19460241694469005,205.27734375,0,90.29815,10500,,,,0.8
quora-stationary,LRU-batch,100,3,20000,0.4804,0.0063488759367194,9608,61,9.392661054152995,6.958027370274067,18.125050701200962,55.7919277343899,2.5891147030051798,97709.18760492394,0.20468904194422066,205.359375,0,90.28,10300,,,,0.8
quora-stationary,LRU-batch,100,4,20000,0.486,0.00360082304526749,9720,35,9.876071964390576,8.167000487446785,11.541112326085567,55.41603080928326,2.557339268969372,92562.11351551568,0.21607112500350922,205.33203125,0,90.24855,10180,,,,0.8
quora-stationary,LRU-batch,100,5,20000,0.47375,0.004221635883905013,9475,40,9.184509777696803,6.958027370274067,14.042016118764877,54.62539033032947,2.5788932747673243,99968.07272424267,0.20006387494504452,205.359375,0,90.2858,10440,,,,0.8
quora-stationary,LRU-batch,100,6,20000,0.4725,0.005079365079365079,9450,48,8.958421018905938,6.958027370274067,12.332928599789739,51.749987760558724,2.453763550147414,102326.97947560444,0.1954518749844283,205.38671875,0,90.29675,10460,,,,0.8
quora-stationary,LRU-batch,100,7,20000,0.4769,0.004193751310547285,9538,40,8.78437987412326,6.7909713834524155,12.002186849713295,51.29149649292224,2.330875815823674,104952.97159291856,0.19056154100690037,205.359375,0,90.281,10380,,,,0.8
quora-stationary,LRU-batch,100,8,20000,0.4692,0.0023444160272804776,9384,22,9.01395904365927,7.333001121878624,12.71099317818877,53.08294319547713,2.443812316050753,101623.71421317167,0.1968044580426067,205.359375,0,90.27725,10520,,,,0.8
quora-stationary,LRU-batch,100,9,20000,0.4754,0.0024190155658392934,9508,23,9.818209277000278,8.95792618393898,10.082963854074478,52.749994210898876,2.5373642274644226,93044.55172352328,0.21495079109445214,205.33203125,0,90.32425,10400,,,,0.8
quora-stationary,LRU-batch,200,0,20000,0.5597,0.006253350008933357,11194,70,10.21468490944244,8.709030225872993,10.875053703784943,88.2080162409693,2.2689527308102697,89644.91101725676,0.22310245805419981,408.56640625,0,179.65585,8640,,,,0.8
quora-stationary,LRU-batch,200,1,20000,0.5629,0.005862497779356901,11258,66,8.174474211409688,7.08398874849081,9.165960364043713,74.42239089868876,1.8712851160671562,112674.68071544809,0.17750216706190258,408.59375,0,179.34035,8560,,,,0.8
quora-stationary,LRU-batch,200,2,20000,0.5486,0.005377324097703245,10972,59,8.281058626016602,7.166992872953415,9.25001222640276,76.95797830820084,1.927625073585659,111299.77975134795,0.17969487491063774,408.5390625,0,179.3194,8840,,,,0.8
quora-stationary,LRU-batch,200,3,20000,0.5639,0.00815747472956198,11278,92,8.312741300323978,7.249996997416019,9.25001222640276,74.6673461981117,1.8774259893689305,110921.05585105636,0.18030841706786305,408.62109375,0,179.3283,8560,,,,0.8
quora-stationary,LRU-batch,200,4,20000,0.5606,0.005529789511237959,11212,62,8.48227059468627,7.249996997416019,9.333016350865364,78.29188951291131,1.9141032651532444,108589.81662076809,0.1841793330386281,408.484375,0,179.4232,8600,,,,0.8
quora-stationary,LRU-batch,200,5,20000,0.5574,0.007176175098672408,11148,80,9.958222159184515,8.66700429469347,10.624993592500687,86.54239587485783,2.1960933750960976,92005.22526609046,0.21737895801197737,408.5390625,0,179.24835,8680,,,,0.8
quora-stationary,LRU-batch,200,6,20000,0.55725,0.006191117092866756,11145,69,9.00375591008924,7.292022928595543,11.752080172300309,76.79437752813047,2.124095050385222,102232.63294764422,0.19563224993180484,408.51171875,0,179.3172,8680,,,,0.8
quora-stationary,LRU-batch,200,7,20000,0.55185,0.0057080728458820335,11037,63,9.071655769366771,7.333932444453239,11.49997697211802,79.87499702721834,2.2093351639341563,101543.8039817149,0.1969593339599669,408.59375,0,179.25585,8800,,,,0.8
quora-stationary,LRU-batch,200,8,20000,0.55205,0.004166289285390816,11041,46,8.939638070296496,7.709022611379623,10.833959095180035,78.29822250641783,2.0756293612066656,102787.00546204494,0.1945771249011159,408.59375,0,179.498,8760,,,,0.8
quora-stationary,LRU-batch,200,9,20000,0.55575,0.004678362573099415,11115,52,9.01382967713289,7.709022611379623,10.916031897068024,77.62784254737151,2.0847738604061306,101988.06610029872,0.1961013750405982,408.703125,0,179.3159,8720,,,,0.8
quora-stationary,LRU-batch,400,0,20000,0.63205,0.010837750177992248,12641,137,10.893285303609446,9.584007784724236,12.874952517449856,24.584415368735726,2.2487507027108222,83697.86960597232,0.23895470809657127,818.0390625,0,354.96085,6960,,,,0.8
quora-stationary,LRU-batch,400,1,20000,0.6397,0.0098483664217602,12794,126,11.37691576150246,9.875046089291573,12.584030628204346,16.541113145649433,2.278468245640397,80086.62712901803,0.2497295830398798,817.95703125,0,354.41105,6880,,,,0.8
quora-stationary,LRU-batch,400,2,20000,0.62855,0.007477527642987829,12571,94,9.864224726334214,8.499948307871819,11.958996765315533,27.62792748399032,2.0220273872837424,93047.0944751682,0.2149449170101434,817.875,0,354.7679,7040,,,,0.8
quora-stationary,LRU-batch,400,3,20000,0.64085,0.012717484590777874,12817,163,9.841176657937467,8.458038792014122,11.83303538709879,25.37546679377549,2.004028856754303,93356.04449240371,0.214233584003523,817.95703125,0,354.82355,6800,,,,0.8
quora-stationary,LRU-batch,400,4,20000,0.63525,0.0070051160960251865,12705,89,9.632161469198763,8.209026418626308,11.249911040067673,23.919141385703945,1.9343164109159263,95263.25288788314,0.20994454203173518,817.9296875,0,354.9558,6960,,,,0.8
quora-stationary,LRU-batch,400,5,20000,0.63415,0.008909563983284711,12683,113,11.332891619531438,9.958981536328793,12.95795664191246,15.95797948539257,2.275076659861952,80593.13841588964,0.24816008401103318,818.06640625,0,354.67325,6960,,,,0.8
quora-stationary,LRU-batch,400,6,20000,0.6376,0.009645545796737766,12752,123,9.694073704304174,8.333008736371994,11.294096475467056,23.29285838641213,1.9849423610139638,93861.29530216313,0.2130803749896586,817.8203125,0,354.3368,6880,,,,0.8
quora-stationary,LRU-batch,400,7,20000,0.62625,0.007904191616766467,12525,99,11.629136087140068,9.999959729611874,12.91697844862938,17.917846562340724,2.413214970147237,78367.90988870525,0.2552065000636503,818.06640625,0,354.60935,7120,,,,0.8
quora-stationary,LRU-batch,400,8,20000,0.6274,0.008367867389225375,12548,105,9.512647800147533,8.375034667551517,11.292053386569023,16.917418688535626,1.9316834397614002,96476.86550148965,0.20730358408764005,817.90234375,0,354.8605,7120,,,,0.8
quora-stationary,LRU-batch,400,9,20000,0.6354,0.010623229461756374,12708,135,9.586683474481106,8.416944183409214,11.54094934463501,17.376237083226243,1.957275636959821,95879.65199810152,0.20859483303502202,818.06640625,0,354.7497,6960,,,,0.8
quora-stationary,LRU-batch,800,0,20000,0.70175,0.010758817242607766,14035,151,10.860605927882716,9.791518095880747,13.457966269925237,17.834422178566392,1.6611770552117378,85396.23052660705,0.2342023749370128,1641.1640625,0,691.3275,5280,,,,0.8
quora-stationary,LRU-batch,800,1,20000,0.70865,0.01361744161433712,14173,193,13.16978238755837,12.208940461277962,15.416997484862804,16.79197885096073,1.9751944637391714,70090.86841530846,0.2853438750607893,1640.86328125,0,690.4978,5120,,,,0.8
quora-stationary,LRU-batch,800,2,20000,0.7056,0.012613378684807256,14112,178,11.08274154830724,9.917072020471096,14.002149691805213,20.16688347794102,1.6237288946285844,84005.4793504549,0.2380797080695629,1640.97265625,0,691.77375,5120,,,,0.8
quora-stationary,LRU-batch,800,3,20000,0.7069,0.010821898429763758,14138,153,12.357516051270068,10.499963536858559,19.041053019464016,38.37544936686748,1.8491970433387905,75360.56490330597,0.2653907919302583,1640.97265625,0,690.28355,5120,,,,0.8
quora-stationary,LRU-batch,800,4,20000,0.70605,0.009772678988740175,14121,138,12.599035253515467,10.665971785783768,19.458943279460073,38.082945393398404,1.9496450666338205,74019.8498793631,0.27019779197871685,1640.8359375,0,690.875,5120,,,,0.8
quora-stationary,LRU-batch,800,5,20000,0.703,0.011308677098150782,14060,159,14.875439507886767,12.29101326316595,22.74999860674143,54.750009439885616,2.3882952809799463,62373.49057263511,0.3206490420270711,1640.86328125,0,690.93485,5280,,,,0.8
quora-stationary,LRU-batch,800,6,20000,0.7091,0.01248060922295868,14182,177,14.400642330292612,12.66703475266695,19.707949832081795,27.12583285756396,2.1337139303795993,64403.639150916766,0.31054145796224475,1640.91796875,0,689.3456,5120,,,,0.8
quora-stationary,LRU-batch,800,7,20000,0.69875,0.011592128801431126,13975,162,14.24119418952614,10.750023648142815,25.044032372534247,70.58733608573621,2.410487044835463,65189.464272978636,0.306798042031005,1641.35546875,0,691.4351,5280,,,,0.8
quora-stationary,LRU-batch,800,8,20000,0.6989,0.011518099871226213,13978,161,15.696141286753118,12.874952517449856,25.544146774336667,62.000006437301636,2.47525290469639,59287.78325357464,0.3373376250965521,1640.8359375,0,690.68205,5280,,,,0.8
quora-stationary,LRU-batch,800,9,20000,0.7036,0.014283683911313245,14072,201,16.739510564366356,13.499986380338669,26.835128664970366,61.96048110723456,2.6235784695018083,55577.79949944525,0.35985591693315655,1640.97265625,0,690.636,5280,,,,0.8
quora-stationary,LRU-batch,1600,0,20000,0.76425,0.015178279358848544,15285,232,24.11874450626783,19.166036508977413,48.421166138723436,84.46270716376543,2.3235491942614317,39387.62740195608,0.5077736669918522,3286.9375,0,1295.9366,3200,,,,0.8
quora-stationary,LRU-batch,1600,1,20000,0.7674,0.017135783163930152,15348,263,21.775414363946766,17.666956409811974,38.08399196714163,75.24993387050927,2.308000047923997,43659.72559419719,0.45808808295987546,3287.4296875,0,1289.2369,3200,,,,0.8
quora-stationary,LRU-batch,1600,2,20000,0.76635,0.0180726821948196,15327,277,23.828124516876414,18.95800232887268,49.96110219508407,84.54145863652222,2.269131876528263,39860.20365152134,0.5017535829683766,3287.18359375,0,1294.39945,3200,,,,0.8
quora-stationary,LRU-batch,1600,3,20000,0.7657,0.016390231161029122,15314,251,22.334311093436554,19.125058315694332,40.45793320983648,74.91781492717551,2.2096164990216494,42558.57161390788,0.4699405840365216,3287.18359375,0,1291.0238,3200,,,,0.8
quora-stationary,LRU-batch,1600,4,20000,0.7646,0.014190426366727701,15292,217,25.55950150708668,20.999927073717117,53.709023632109165,83.29140255227678,2.3571950616315007,37292.502211079634,0.536300832987763,3287.07421875,0,1291.9631,3200,,,,0.8
quora-stationary,LRU-batch,1600,5,20000,0.76305,0.013629513138064347,15261,208,25.591137842275202,21.62496093660593,51.00003909319639,79.37540416605763,2.1306440758053213,37340.06201100014,0.535617750021629,3287.45703125,0,1291.7897,3200,,,,0.8
quora-stationary,LRU-batch,1600,6,20000,0.7695,0.01741390513320338,15390,268,22.620904655195773,19.415980204939842,45.58300133794546,62.459736363962165,1.8203280516900122,42255.44050668366,0.47331183298956603,3286.9921875,0,1285.66515,3200,,,,0.8
quora-stationary,LRU-batch,1600,7,20000,0.7578,0.016693058854579043,15156,253,20.743452169699594,17.58395228534937,35.74998117983341,54.37575047835694,1.6982385597657412,46007.449600638414,0.43471220799256116,3287.62109375,0,1299.79935,3520,,,,0.8
quora-stationary,LRU-batch,1600,8,20000,0.76445,0.016874877362809862,15289,258,20.82688820664771,17.874990589916706,40.99996294826269,60.251300456002156,1.6794962342828512,45848.7842484206,0.43621658300980926,3286.5,0,1295.59725,3200,,,,0.8
quora-stationary,LRU-batch,1600,9,20000,0.7628,0.018418982695332983,15256,281,17.821779364021495,16.666948795318604,23.999949917197227,31.667063012719154,1.8757341196760535,52563.76478085657,0.38049024995416403,3287.046875,0,1288.26165,3200,,,,0.8
quora-drift,LRU,50,0,20000,0.3862,0.004013464526152252,7724,31,8.935124217532575,9.834067896008492,11.2500274553895,23.040930973365903,3.2188282522838563,104179.07862153368,0.19197712501045316,106.421875,0,49.92585,12226,,,,0.8
quora-drift,LRU,50,1,20000,0.3937,0.002921005842011684,7874,23,10.83787198876962,10.083080269396305,16.70898054726422,39.79453700594564,4.123088053893298,85394.98461018062,0.23420579195953906,106.421875,0,49.9269,12076,,,,0.8
quora-drift,LRU,50,2,20000,0.3928,0.004073319755600814,7856,32,11.47434739395976,10.16608439385891,19.21015791594979,46.16642952896648,4.381757538067177,80864.75408152174,0.24732654204126447,106.421875,0,49.9214,12094,,,,0.8
quora-drift,LRU,50,3,20000,0.4055,0.004932182490752158,8110,40,10.918016615323722,9.791925549507141,20.25202848017213,54.41831075586359,4.081356362439692,84626.69690146408,0.23633204097859561,106.421875,0,49.9089,11840,,,,0.8
quora-drift,LRU,50,4,20000,0.39535,0.0015176425951688376,7907,12,11.855610384372994,10.166899301111698,19.249971956014633,46.21157189831098,4.562826792243868,78178.8114658737,0.25582379195839167,106.421875,0,49.92875,12043,,,,0.8
quora-drift,LRU,50,5,20000,0.40905,0.0033003300330033004,8181,27,11.86636098427698,10.291929356753826,16.08305610716343,38.958047516644,4.4063227949664,77948.28423084054,0.2565803750185296,106.421875,0,49.92475,11769,,,,0.8
quora-drift,LRU,50,6,20000,0.39865,0.004013545716794181,7973,32,11.773121979786083,10.083080269396305,19.582925597205758,47.96027787961046,4.556035192217678,78689.20838039854,0.2541644580196589,106.421875,0,49.92645,11977,,,,0.8
quora-drift,LRU,50,7,20000,0.40525,0.0017273288093769279,8105,14,11.324205802520737,10.083895176649094,22.91605924256146,47.54192312248051,4.458953533321619,81786.33625969167,0.2445396250113845,106.421875,0,49.91735,11845,,,,0.8
quora-drift,LRU,50,8,20000,0.3958,0.0017685699848408287,7916,14,11.059956043027341,10.209041647613049,22.99994812346995,49.250378506258066,4.292315832572058,83740.98937229601,0.23883166594896466,106.421875,0,49.91825,12034,,,,0.8
quora-drift,LRU,50,9,20000,0.38845,0.0020594671128845413,7769,16,10.938297561369836,10.0000761449337,17.124932492151856,39.41735834814602,4.164171213051304,84577.08627554994,0.23647066694684327,106.421875,0,49.9126,12181,,,,0.8
quora-drift,LRU,100,0,20000,0.4755,0.0056782334384858045,9510,54,10.916329082101583,10.167015716433525,22.042077034711838,50.54289125837372,3.959138097707182,84661.93770589479,0.2362336670048535,210.890625,0,99.6909,10390,,,,0.8
quora-drift,LRU,100,1,20000,0.479,0.0041753653444676405,9580,40,11.097780178533867,10.0000761449337,16.916118329390883,38.75084454193698,3.855060896603391,83176.30893869231,0.24045308399945498,210.890625,0,99.6691,10320,,,,0.8
quora-drift,LRU,100,2,20000,0.4767,0.007551919446192574,9534,72,11.101839097682387,10.33395528793335,23.211073130369158,49.624942475929856,4.067752312403172,83379.64101725855,0.2398667079396546,210.890625,0,99.6486,10366,,,,0.8
quora-drift,LRU,100,3,20000,0.48955,0.006128076805229293,9791,60,11.525967757916078,10.041985660791397,23.499946109950542,49.20919192954878,4.1103682306129485,80227.45832557965,0.2492912079906091,210.890625,0,99.61675,10109,,,,0.8
quora-drift,LRU,100,4,20000,0.47705,0.002620270411906509,9541,25,12.818067288026214,10.583491530269384,26.374938897788525,56.04198668152094,4.6128947113174945,72146.47186790078,0.2772138329455629,210.890625,0,99.66045,10359,,,,0.8
quora-drift,LRU,100,5,20000,0.48835,0.0035834954438415073,9767,35,10.97928003873676,9.750016033649445,24.666014360263944,58.957957662642,3.836543468059972,83806.50523222826,0.2386449589394033,210.890625,0,99.6228,10133,,,,0.8
quora-drift,LRU,100,6,20000,0.4811,0.008210351278320515,9622,79,12.732947681797668,10.458054021000862,25.708042085170746,57.0428243372588,4.561292956350371,72612.336100669,0.2754352920455858,210.890625,0,99.60925,10278,,,,0.8
quora-drift,LRU,100,7,20000,0.48265,0.0029006526468455403,9653,28,12.444745353423059,10.582967661321163,19.708112813532352,41.66690749116242,4.28819166845642,74196.1542405735,0.26955574995372444,210.890625,0,99.62955,10247,,,,0.8
quora-drift,LRU,100,8,20000,0.47605,0.0025207436193677136,9521,24,12.26209297310561,10.25001984089613,25.250017642974854,55.87493069469929,4.487903061090037,75472.74220623607,0.2649963339790702,210.890625,0,99.63985,10379,,,,0.8
quora-drift,LRU,100,9,20000,0.47925,0.004068857589984351,9585,39,11.536804150091484,10.124989785254002,23.95804040133953,48.87583316303776,4.099266557022929,80046.694098918,0.2498541660606861,210.890625,0,99.6195,10315,,,,0.8
quora-drift,LRU,200,0,20000,0.5552,0.04998198847262248,11104,555,11.649698665132746,9.291921742260456,17.457990907132626,32.79189229942845,3.5544227808713913,78567.58225066838,0.2545579159632325,419.5546875,0,198.48435,8696,,,,0.8
quora-drift,LRU,200,1,20000,0.5538,0.005326832791621524,11076,59,11.429389950353652,9.916955605149269,24.082959862425923,47.70793137140572,3.636750893201679,81202.54208318102,0.24629770801402628,419.5546875,0,198.33715,8724,,,,0.8
quora-drift,LRU,200,2,20000,0.55465,0.010907779680879835,11093,121,11.21811656630598,9.624985978007317,24.419004330411525,49.16832898743431,3.622356796404347,82427.17807191834,0.2426384169375524,419.5,0,198.39795,8707,,,,0.8
quora-drift,LRU,200,3,20000,0.5656,0.006276520509193776,11312,71,10.802946682088077,8.958042599260807,19.041943596675992,43.25003828853369,3.3093366073444486,85487.5607178033,0.23395216604694724,419.52734375,0,198.2372,8488,,,,0.8
quora-drift,LRU,200,4,20000,0.5543,0.006043658668591015,11086,67,11.225816933438182,9.709037840366364,24.624989600852132,48.792399466037686,3.6053435935173184,82608.40158710547,0.24210612499155104,419.52734375,0,198.38555,8714,,,,0.8
quora-drift,LRU,200,5,20000,0.5622,0.005514051938811811,11244,62,10.757051047403365,9.25001222640276,19.211042672395678,45.58300133794546,3.39631155366078,85976.42193377056,0.23262191598769277,419.5,0,198.34175,8556,,,,0.8
quora-drift,LRU,200,6,20000,0.55705,0.010501750291715286,11141,117,11.49806355824694,9.041978046298027,16.54099323786795,24.625393562018807,3.503854770679027,80354.1341607339,0.24889820802491158,419.52734375,0,198.1495,8659,,,,0.8
quora-drift,LRU,200,7,20000,0.55865,0.00528058712968764,11173,59,10.135628684656695,9.082956239581108,17.458037473261356,39.542388403788145,3.1130431103520095,91527.71800327642,0.2185130410362035,419.52734375,0,198.34075,8627,,,,0.8
quora-drift,LRU,200,8,20000,0.55595,0.004856551848187786,11119,54,10.067083733156323,8.95792618393898,17.375103197991848,38.45886443741606,3.1305115844588727,92001.15168968237,0.21738858299795538,419.5546875,0,198.41355,8681,,,,0.8
quora-drift,LRU,200,9,20000,0.55755,0.007891668908618062,11151,88,9.40960954176262,7.2909751906991005,13.25004268437624,30.66746518015855,2.800223435042426,98494.18785671642,0.2030576670076698,419.52734375,0,198.3336,8649,,,,0.8
quora-drift,LRU,400,0,20000,0.6212,0.09377012234385061,12424,1165,12.036219728179276,9.25001222640276,22.6249685510993,46.62544466555112,3.503787179943174,75894.37969464567,0.26352412498090416,840.953125,0,392.38315,7176,,,,0.8
quora-drift,LRU,400,1,20000,0.62005,0.009596000322554633,12401,119,13.219352747546509,10.167015716433525,30.04097379744053,59.334182878956,3.9114610466640443,69803.28716282993,0.2865194579353556,840.953125,0,391.98545,7199,,,,0.8
quora-drift,LRU,400,2,20000,0.62115,0.01617966674716252,12423,201,14.874273928580806,11.2500274553895,36.835094215348335,70.12623129412512,4.432523978175595,62129.094155762876,0.3219103750307113,840.953125,0,392.4336,7177,,,,0.8
quora-drift,LRU,400,3,20000,0.62895,0.014071070832339614,12579,177,14.277210459113121,10.875053703784943,25.710090994834868,45.08487414568649,3.8675202697049826,64458.40237701226,0.3102776249870658,840.8984375,0,391.92725,7021,,,,0.8
quora-drift,LRU,400,4,20000,0.6189,0.010098561964776216,12378,125,14.6738670184277,11.041993275284767,34.79111474007368,72.37589568831014,4.355786903761327,62897.120022919036,0.31797958305105567,840.92578125,0,392.07355,7222,,,,0.8
quora-drift,LRU,400,5,20000,0.628,0.010111464968152866,12560,127,13.284861505962908,10.124989785254002,29.62502185255289,59.29248873144382,3.7776888464577496,69306.62318034262,0.2885727089596912,840.953125,0,392.1066,7040,,,,0.8
quora-drift,LRU,400,6,20000,0.62295,0.014527650694277229,12459,181,14.710607833694667,10.999967344105244,36.499928683042526,70.0041116215282,4.418577655451372,62866.524795014586,0.31813433405477554,840.84375,0,391.38915,7141,,,,0.8
quora-drift,LRU,400,7,20000,0.62215,0.008438479466366632,12443,105,14.552006521262228,11.208001524209976,34.37710111029443,67.04320549033562,4.286053532268852,63262.6778355401,0.3161421660333872,840.92578125,0,392.0404,7157,,,,0.8
quora-drift,LRU,400,8,20000,0.6218,0.009408169829527179,12436,117,13.642351614544168,10.958057828247547,24.250010028481483,49.08302798867226,3.793016151757911,67521.05195877107,0.29620391596108675,841.03515625,0,392.364,7164,,,,0.8
quora-drift,LRU,400,9,20000,0.6212,0.01207340631036703,12424,150,14.506946911569685,11.2500274553895,31.75200545229015,61.50250206701418,4.160745814442635,63884.53947261977,0.31306479102931917,840.8984375,0,391.84865,7176,,,,0.8
quora-drift,LRU,800,0,20000,0.66845,0.11900665719201137,13369,1591,15.385904023423791,12.91697844862938,27.044047601520987,55.792873026803,3.451593406498432,60051.599257677444,0.3330469171050936,1687.02734375,0,761.64015,5831,,,,0.8
quora-drift,LRU,800,1,20000,0.66755,0.017302074750954986,13351,231,16.453108337009326,13.125012628734112,35.086023854091735,64.00085170753287,3.856506920419634,56803.443097552954,0.35209133301395923,1686.9453125,0,761.13695,5849,,,,0.8
quora-drift,LRU,800,2,20000,0.67195,0.019123446685021205,13439,257,16.705049795564264,13.334094546735287,35.375007428228855,66.75373413599968,3.7625613913405687,55831.18963547883,0.35822270903736353,1687.13671875,0,762.63505,5761,,,,0.8
quora-drift,LRU,800,3,20000,0.6762,0.02129547471162378,13524,288,16.203285683877766,13.37495632469654,34.2110404744744,61.37622171081583,3.537139663239941,57680.43882427501,0.34673800005111843,1686.7265625,0,761.30415,5676,,,,0.8
quora-drift,LRU,800,4,20000,0.6671,0.01626442812172088,13342,217,15.2994365664199,13.208016753196716,26.208936469629407,43.37495309300721,3.2258815423119813,61130.050165227614,0.327171333017759,1686.890625,0,761.506,5858,,,,0.8
quora-drift,LRU,800,5,20000,0.67405,0.01884133224538239,13481,254,16.034848795970902,13.66704236716032,31.04103379882872,60.0427319295703,3.3529627427924424,58520.1569586327,0.3417625830043107,1686.97265625,0,761.2273,5719,,,,0.8
quora-drift,LRU,800,6,20000,0.6708,0.021765056648777578,13416,292,15.392133872956038,12.999982573091984,25.124987587332726,49.50127797201256,3.180456912377849,60682.04353658452,0.32958679099101573,1686.890625,0,759.4272,5784,,,,0.8
quora-drift,LRU,800,7,20000,0.6709,0.015128931286331793,13418,203,16.204342409037054,13.708020560443401,32.54397888667879,59.627108275890016,3.4338104829657823,57818.08297683811,0.3459125410299748,1686.890625,0,762.24305,5782,,,,0.8
quora-drift,LRU,800,8,20000,0.67115,0.017581762646204275,13423,236,16.98658238747157,14.20790795236826,34.33297970332205,66.379475174471,3.636857937090099,55193.78070175622,0.36235966708045453,1687.08203125,0,761.9264,5777,,,,0.8
quora-drift,LRU,800,9,20000,0.66745,0.01782905086523335,13349,238,19.3433083826676,15.416066162288189,44.710119254887076,81.83340658433728,4.152936831815168,48590.5649462809,0.4116025409894064,1686.97265625,0,759.8041,5851,,,,0.8
quora-drift,LRU,1600,0,20000,0.69315,0.10365721705258601,13863,1437,25.26188648189418,21.000043489038944,53.29407285898921,88.54492101818276,3.554750536568463,37540.02117722576,0.5327647500671446,3307.30078125,0,1420.63845,4537,,,,0.8
quora-drift,LRU,1600,1,20000,0.6899,0.03688940426148717,13798,509,30.458526202710345,26.499968953430653,62.16606707312167,97.20920817926506,3.931664361152798,31401.32124901932,0.6369158750167117,3306.91796875,0,1420.1776,4602,,,,0.8
quora-drift,LRU,1600,2,20000,0.69525,0.04660194174757282,13905,648,23.798283893847838,19.79200169444084,46.04407586157319,81.91683096811163,3.525847167475149,39778.50999535499,0.5027840409893543,3306.8359375,0,1421.7342,4495,,,,0.8
quora-drift,LRU,1600,3,20000,0.69945,0.033740796339981415,13989,472,31.00777615327388,27.499976567924023,60.83603948354718,92.87538938224309,3.666678356239572,30907.460440311854,0.6470929579809308,3306.40625,0,1418.55995,4411,,,,0.8
quora-drift,LRU,1600,4,20000,0.69015,0.027964935159023402,13803,386,31.003876525210217,28.499984182417393,58.95796348340809,88.3347983472048,3.4407577535603195,31030.05230057967,0.6445364579558372,3306.671875,0,1421.8086,4597,,,,0.8
quora-drift,LRU,1600,5,20000,0.69805,0.04046988038106153,13961,565,29.927887517260388,28.082984499633312,54.415903287008405,80.75080462731408,3.100644814549014,32126.36795939189,0.6225415840744972,3306.6796875,0,1420.9679,4439,,,,0.8
quora-drift,LRU,1600,6,20000,0.6949,0.05202187365088502,13898,723,25.673733709845692,22.54103310406208,46.12503107637167,74.33626917190796,2.6954353030305356,37423.10424800735,0.5344292089575902,3306.890625,0,1414.56855,4502,,,,0.8
quora-drift,LRU,1600,7,20000,0.6944,0.030313940092165897,13888,421,21.30861024488695,18.332968465983868,33.54204818606377,47.66695201396942,3.2327887252904475,44203.050796868076,0.45245745801366866,3306.86328125,0,1423.5175,4512,,,,0.8
quora-drift,LRU,1600,8,20000,0.69445,0.029087767297861618,13889,404,25.284433719934896,21.709012798964977,49.91702735424042,84.75083508528756,3.449765359982848,37747.46708332143,0.5298368750372902,3307.1640625,0,1423.5662,4511,,,,0.8
quora-drift,LRU,1600,9,20000,0.69215,0.032579643140937656,13843,451,23.326650325907394,19.208062440156937,48.46109077334401,84.46053485386034,3.634885180508718,40641.1961514064,0.4921115000033751,3306.81640625,0,1414.14575,4557,,,,0.8
quora-drift,LFU,50,0,20000,0.1823,0.013165112452002194,3646,48,12.088470970047638,9.792041964828968,19.75213526748118,54.4579338748008,4.904170427471399,77178.4831097485,0.25913958391174674,118.26171875,0,49.92585,16304,,,,0.8
quora-drift,LFU,50,1,20000,0.18575,0.0018842530282637954,3715,7,13.1865085917525,10.042102076113224,32.21014630980787,63.50043811835342,5.527765315491706,70557.7812956279,0.2834556250600144,120.46875,0,49.9269,16235,,,,0.8
quora-drift,LFU,50,2,20000,0.2077,0.006259027443428021,4154,26,12.673774058930576,12.875068932771683,19.291997887194157,41.91832267679254,5.159999488387257,73404.61960032467,0.2724624159745872,121.01171875,0,49.9214,15796,,,,0.8
quora-drift,LFU,50,3,20000,0.2035,0.01425061425061425,4070,58,12.322146788937971,10.082963854074478,21.124957129359245,46.126164961606065,4.91727064945735,75572.9970074163,0.2646447910228744,121.19921875,0,49.9089,15880,,,,0.8
quora-drift,LFU,50,4,20000,0.1767,0.014148273910582909,3534,50,12.431672838283703,9.95793379843235,28.83503329940137,58.12667659483823,5.216847365954891,74953.42348328569,0.2668323749676347,117.8671875,0,49.92875,16416,,,,0.8
quora-drift,LFU,50,5,20000,0.20065,0.00672813356591079,4013,27,12.185690808109939,10.040937922894955,26.583136059343815,53.04290913045393,5.016059119952843,76413.26351301541,0.2617346659535542,120.19921875,0,49.92475,15937,,,,0.8
quora-drift,LFU,50,6,20000,0.21285,0.003993422598073761,4257,17,12.280329957138747,10.124989785254002,25.165971601381898,52.29097907431424,5.059124948456883,75721.54351641683,0.26412562490440905,119.9140625,0,49.92645,15693,,,,0.8
quora-drift,LFU,50,7,20000,0.2335,0.0019271948608137045,4670,9,12.048966682050377,10.082963854074478,24.71307525411242,49.875831464305385,4.86941016279161,77154.78849870355,0.2592191669391468,119.28515625,0,49.91735,15280,,,,0.8
quora-drift,LFU,50,8,20000,0.1683,0.0011883541295306002,3366,4,11.892223812174052,10.082963854074478,20.124949514865875,44.58299372345209,4.9985368037596345,78387.64454503695,0.25514224998187274,119.62109375,0,49.91825,16584,,,,0.8
quora-drift,LFU,50,9,20000,0.19765,0.005312420946116873,3953,21,12.386506807524711,11.875061318278313,17.91701652109623,40.79142818227403,5.089164723176509,75092.82168046103,0.26633704197593033,119.2109375,0,49.9126,15997,,,,0.8
quora-drift,LFU,100,0,20000,0.27905,0.011288299587887475,5581,63,11.783820140408352,9.834067896008492,24.169054813683005,53.12591325491653,4.5337718736846,79006.10319574428,0.2531450000824407,230.19140625,0,99.6909,14319,,,,0.8
quora-drift,LFU,100,1,20000,0.2438,0.0036915504511894994,4876,18,11.710006452631205,9.999959729611874,21.54107205569744,48.79106767475605,4.564442648552358,79575.1878763764,0.2513346249470487,229.25,0,99.6691,15024,,,,0.8
quora-drift,LFU,100,2,20000,0.2845,0.008611599297012303,5690,49,12.132055190159008,9.95793379843235,24.04197584837675,51.75206693820622,4.684250487480313,76978.38027939288,0.2598132089478895,232.79296875,0,99.6486,14210,,,,0.8
quora-drift,LFU,100,3,20000,0.2713,0.014743826022852931,5426,80,12.567302072420716,10.041985660791397,22.458028979599476,52.45886393822716,4.8049590608570725,74155.88587087968,0.2697021249914542,229.546875,0,99.61675,14474,,,,0.8
quora-drift,LFU,100,4,20000,0.3042,0.005095332018408941,6084,31,12.783156789373606,12.832926586270332,17.54104159772396,44.37620984390358,4.863115126499906,72704.32697155105,0.2750867910217494,233.5703125,0,99.66045,13816,,,,0.8
quora-drift,LFU,100,5,20000,0.3023,0.008435329143235196,6046,51,11.725420656148344,9.708921425044537,19.833026453852654,54.08515455201235,4.485020716674626,79470.61950629314,0.2516653339844197,233.69921875,0,99.6228,13854,,,,0.8
quora-drift,LFU,100,6,20000,0.2976,0.0045362903225806455,5952,27,12.059766059974208,9.750016033649445,20.002131350338427,54.125805618241294,4.720370389986783,77062.0850548828,0.2595310000469908,231.84375,0,99.60925,13948,,,,0.8
quora-drift,LFU,100,7,20000,0.3177,0.004878816493547372,6354,31,12.89904368459247,10.041054338216782,23.544131545349927,57.08422278985361,4.816482838941738,72032.15172110623,0.2776537910103798,231.97265625,0,99.62955,13546,,,,0.8
quora-drift,LFU,100,8,20000,0.30015,0.0038314176245210726,6003,23,12.270825915038586,9.917072020471096,22.41694019176066,52.62621445581297,4.7722082817927,75624.50469148815,0.2644645420368761,229.5859375,0,99.63985,13897,,,,0.8
quora-drift,LFU,100,9,20000,0.2675,0.01102803738317757,5350,59,12.779741984559223,10.082963854074478,24.667009711265564,55.50049245357507,5.00172360916622,72820.82549792451,0.27464670804329216,233.44921875,0,99.6195,14550,,,,0.8
quora-drift,LFU,200,0,20000,0.37695,0.015121368881814564,7539,114,11.719801422441378,9.833020158112049,24.75416404195124,62.91638244874769,3.999619506066665,79282.25773787887,0.25226324994582683,447.3125,0,198.48435,12261,,,,0.8
quora-drift,LFU,200,1,20000,0.37375,0.006555183946488294,7475,49,12.571031949482858,10.541989468038082,17.95799471437931,45.79291213303791,4.230457573430613,73955.83595306837,0.27043166698422283,448.43359375,0,198.33715,12325,,,,0.8
quora-drift,LFU,200,2,20000,0.3849,0.010392309690828787,7698,80,12.479776120744646,10.124989785254002,26.169070042669745,57.420091470702815,4.3039519572630525,74319.22430415607,0.26910937495995313,445.63671875,0,198.39795,12102,,,,0.8
quora-drift,LFU,200,3,20000,0.37185,0.015866612881538254,7437,118,12.952326011145487,10.458054021000862,26.791938580572605,58.169416151940425,4.589806543663144,71907.80715063434,0.2781339160865173,444.79296875,0,198.2372,12363,,,,0.8
quora-drift,LFU,200,4,20000,0.37735,0.011130250430634689,7547,84,12.631748162675649,10.333023965358734,25.124987587332726,54.334679152816264,4.392104013822973,73641.43068740988,0.27158624993171543,443.3828125,0,198.38555,12253,,,,0.8
quora-drift,LFU,200,5,20000,0.39825,0.024984306340238543,7965,199,12.384501361520961,10.167015716433525,26.124995201826096,54.45990711450564,4.297703108750284,74875.71792037654,0.2671092919772491,445.03125,0,198.34175,11835,,,,0.8
quora-drift,LFU,200,6,20000,0.37255,0.014628908871292444,7451,109,12.415693659568205,10.33395528793335,20.169024355709524,45.54190789349377,4.248166480101645,74762.23273329099,0.2675147500121966,445.80078125,0,198.1495,12349,,,,0.8
quora-drift,LFU,200,7,20000,0.399,0.009523809523809525,7980,76,12.049072369700298,9.999959729611874,19.50003206729889,39.668678073212234,4.039505502441898,77105.37420777013,0.2593852919526398,443.921875,0,198.34075,11820,,,,0.8
quora-drift,LFU,200,8,20000,0.3693,0.011372867587327376,7386,84,12.080097087891772,10.207993909716606,23.041974054649472,50.66605284810066,4.201422998448834,76965.08710327758,0.25985808309633285,443.7734375,0,198.41355,12414,,,,0.8
quora-drift,LFU,200,9,20000,0.35595,0.008006742520016857,7119,57,12.441338982898742,10.375049896538258,22.291019558906555,52.292846376076206,4.291856265626848,74811.60342430575,0.2673382080392912,445.1875,0,198.3336,12681,,,,0.8
quora-drift,LFU,400,0,20000,0.4346,0.06442705936493327,8692,560,14.376962097594514,12.457952834665775,24.957937421277165,55.37545192055398,4.700096178567037,63905.93883594583,0.312959959032014,872.9609375,0,392.38315,10908,,,,0.8
quora-drift,LFU,400,1,20000,0.44345,0.019280640432968767,8869,171,13.919971598079428,12.165983207523823,23.62497616559267,51.83299072086811,4.49554257793352,66740.23842322915,0.29966929205693305,875.23046875,0,391.98545,10731,,,,0.8
quora-drift,LFU,400,2,20000,0.44535,0.019759739530706186,8907,176,13.085752696497366,11.792057193815708,23.291032994166017,49.00002386420965,4.269895737525076,70894.52048261766,0.28210924996528774,871.53515625,0,392.4336,10693,,,,0.8
quora-drift,LFU,400,3,20000,0.44425,0.028362408553742263,8885,252,14.528094581328332,12.832926586270332,20.29111492447555,32.917844364419445,4.538155160844326,63820.14646208822,0.31338066596072167,869.7421875,0,391.92725,10715,,,,0.8
quora-drift,LFU,400,4,20000,0.43195,0.013774742447042482,8639,119,13.48733626655303,12.08402682095766,22.999942302703857,50.66896323114587,4.4180007360409945,68740.07753232376,0.2909510829485953,873.68359375,0,392.07355,10961,,,,0.8
quora-drift,LFU,400,5,20000,0.4538,0.025231379462318203,9076,229,13.074039987986907,12.165983207523823,22.085040109232036,47.00000863522291,4.1563853330444545,70990.52188532038,0.28172774997074157,870.765625,0,392.1066,10524,,,,0.8
quora-drift,LFU,400,6,20000,0.44035,0.01669126830929942,8807,147,12.949139141710475,12.249918654561043,21.20796707458794,47.16685623861836,4.226871713763103,71835.75833862965,0.2784128749044612,879.578125,0,391.38915,10793,,,,0.8
quora-drift,LFU,400,7,20000,0.45115,0.021611437437659316,9023,195,14.016156742582098,13.999990187585354,19.54101026058197,26.333038695156574,4.301522776950151,66154.31998340196,0.3023234159918502,874.48828125,0,392.0404,10577,,,,0.8
quora-drift,LFU,400,8,20000,0.45145,0.014287296489090709,9029,129,12.849971308605745,11.999974958598614,22.00210001319644,48.95841819234186,4.114675096934661,72296.77829594463,0.2766374999191612,871.58984375,0,392.364,10571,,,,0.8
quora-drift,LFU,400,9,20000,0.44395,0.016330667868003152,8879,145,12.64165942557156,11.958996765315533,22.290972992777824,46.91825481131653,4.068980010924861,73375.72496216735,0.2725697089917958,874.54296875,0,391.84865,10721,,,,0.8
quora-drift,LFU,800,0,20000,0.5153,0.0723850184358626,10306,746,16.01336842868477,13.91698606312275,32.29209687560797,59.49998740106821,4.21355419093743,58012.667246090656,0.3447522920323536,1724.83203125,0,761.64015,8894,,,,0.8
quora-drift,LFU,800,1,20000,0.48145,0.02772873610966871,9629,267,17.3412935633678,14.832941815257072,35.08513327687976,65.95801096409559,4.582546360325068,54141.83333091132,0.36940012499690056,1723.70703125,0,761.13695,9571,,,,0.8
quora-drift,LFU,800,2,20000,0.48405,0.03512033880797438,9681,340,17.80531695112586,14.9579718708992,38.37707918137309,69.12580342032003,4.645060014445335,52637.090886455175,0.3799602079670876,1717.28515625,0,762.63505,9519,,,,0.8
quora-drift,LFU,800,3,20000,0.49245,0.03695806680881308,9849,364,17.63349343673326,14.832941815257072,37.7520977053791,68.20839014835649,4.513837833655998,52977.875241802554,0.3775160840013996,1721.28515625,0,761.30415,9351,,,,0.8
quora-drift,LFU,800,4,20000,0.5178,0.025106218617226728,10356,260,16.160271607805043,14.208024367690086,28.294051298871604,54.709347896277706,3.9569278771523386,58062.10468150501,0.3444587499834597,1728.6015625,0,761.506,8844,,,,0.8
quora-drift,LFU,800,5,20000,0.50265,0.04287277429622998,10053,431,16.827245010063052,14.33398574590683,28.62501423805952,61.04234256781618,4.253567126579583,55525.69122045833,0.3601936249760911,1726.171875,0,761.2273,9147,,,,0.8
quora-drift,LFU,800,6,20000,0.48815,0.025606883130185394,9763,250,18.572975241113454,14.874967746436596,43.7101174611598,83.29223142936806,4.959109832998365,50492.19896713012,0.3961007919861004,1722.12890625,0,759.4272,9437,,,,0.8
quora-drift,LFU,800,7,20000,0.54105,0.026060438037149986,10821,282,19.313979940488935,15.791971236467361,43.08596835471687,85.54321946576218,4.67125503346324,48694.4313143581,0.4107245830819011,1722.17578125,0,762.24305,8379,,,,0.8
quora-drift,LFU,800,8,20000,0.48775,0.024295233213736545,9755,237,19.720164133468643,16.542035154998302,42.45794843882322,79.7087722457944,4.808501491788775,47789.75376088747,0.4184997499687597,1721.546875,0,761.9264,9445,,,,0.8
quora-drift,LFU,800,9,20000,0.52115,0.029070325242252712,10423,303,17.641373025253415,15.416066162288189,29.87717743963,57.7542022801929,4.213800630532205,52968.94233525328,0.3775797499110922,1719.890625,0,759.8041,8777,,,,0.8
quora-drift,LFU,1600,0,20000,0.5949,0.1195999327618087,11898,1423,26.99284349801019,22.875028662383556,57.79101047664881,91.34013787843173,4.2256803484633565,35259.46226080807,0.5672236250247806,3410.875,0,1420.63845,6502,,,,0.8
quora-drift,LFU,1600,1,20000,0.5981,0.03377361645209831,11962,404,25.3069908474572,22.083986550569534,48.45799412578344,68.08522739447633,3.5375312552787364,37835.58092985738,0.5286029580747709,3413.48828125,0,1420.1776,6438,,,,0.8
quora-drift,LFU,1600,2,20000,0.62825,0.04536410664544369,12565,570,27.22340275067836,24.374923668801785,53.66699770092964,78.70950736105435,3.6372761824168265,35188.84611561041,0.5683619159972295,3415.18359375,0,1421.7342,5835,,,,0.8
quora-drift,LFU,1600,3,20000,0.64175,0.03420335021425789,12835,439,25.882604747312143,22.792024537920952,52.16698627918959,74.00081143714475,3.507093252846971,36926.55374512911,0.5416156660066918,3414.30078125,0,1418.55995,5565,,,,0.8
quora-drift,LFU,1600,4,20000,0.59415,0.03786922494319616,11883,450,21.836967807030305,20.541949197649956,31.9161219522357,43.41792431659983,3.763824823545292,43308.97540449862,0.4617980410112068,3412.36328125,0,1421.8086,6517,,,,0.8
quora-drift,LFU,1600,5,20000,0.68645,0.04479568795979314,13729,615,22.316289658192545,19.125058315694332,47.332956455647945,65.58521883562187,3.095282835420221,42684.82194204746,0.4685506250243634,3403.3359375,0,1420.9679,4671,,,,0.8
quora-drift,LFU,1600,6,20000,0.6077,0.06318907355603094,12154,768,16.59742207848467,15.374971553683281,30.08609055541453,47.835258301347295,2.6407886180095375,56955.26407922844,0.35115279199089855,3411.6796875,0,1414.56855,6246,,,,0.8
quora-drift,LFU,1600,7,20000,0.61705,0.03419495988979823,12341,422,18.360558577114716,16.583013348281384,33.00001844763756,50.20940676331514,3.0308587418403476,51700.67763712421,0.3868421249790117,3411.7578125,0,1423.5175,6059,,,,0.8
quora-drift,LFU,1600,8,20000,0.6096,0.03207020997375328,12192,391,19.45448786718771,18.249964341521263,29.082992114126682,34.70807336270809,3.3063987095374614,48435.84995962695,0.4129172919783741,3421.18359375,0,1423.5662,6208,,,,0.8
quora-drift,LFU,1600,9,20000,0.6008,0.04668774966711052,12016,561,15.840978384949267,15.166006051003933,23.04196823388338,30.292081646621227,2.9036924650426954,59280.424559889136,0.3373795000370592,3414.265625,0,1414.14575,6384,,,,0.8
quora-drift,FIFO,50,0,20000,0.33525,0.004772557792692021,6705,32,12.158437410835177,12.874952517449856,15.875091776251793,29.79249693453305,4.339403915219009,75097.96754834223,0.2663187920115888,105.9462890625,0,49.92585,13245,,,,0.8
quora-drift,FIFO,50,1,20000,0.34045,0.00293728888236158,6809,20,12.207383592613041,13.083918020129204,14.91699367761612,22.20942638814443,4.377053445205092,75245.19359267828,0.26579770806711167,105.9462890625,0,49.9269,13141,,,,0.8
quora-drift,FIFO,50,2,20000,0.34235,0.004235431575872645,6847,29,11.607792729046196,13.292068615555763,14.374963939189911,15.790933975949882,4.071056353859603,77692.1672243981,0.25742620800156146,105.9462890625,0,49.9214,13103,,,,0.8
quora-drift,FIFO,50,3,20000,0.3545,0.005077574047954866,7090,36,10.536754166241735,10.33395528793335,14.791963621973991,26.20945684611791,3.7019837589468807,87506.05024010486,0.22855562495533377,105.9462890625,0,49.9089,12860,,,,0.8
quora-drift,FIFO,50,4,20000,0.3476,0.00215765247410817,6952,15,12.024039757670835,13.042008504271507,15.959027223289013,26.62499900907278,4.224773211171851,76912.7848065901,0.26003479200880975,105.9462890625,0,49.92875,12998,,,,0.8
quora-drift,FIFO,50,5,20000,0.3554,0.0025323579065841305,7108,18,11.525039310799912,13.165990822017193,14.249933883547783,18.582912161946297,4.085710609797388,79981.81756423772,0.25005683302879333,105.9462890625,0,49.92475,12842,,,,0.8
quora-drift,FIFO,50,6,20000,0.3456,0.004195601851851852,6912,29,8.82702493108809,9.958981536328793,11.124997399747372,11.499971151351929,3.0690270476043224,104929.13311812277,0.19060483400244266,105.9462890625,0,49.92645,13038,,,,0.8
quora-drift,FIFO,50,7,20000,0.3575,0.0023776223776223776,7150,17,8.608799194917083,9.750016033649445,10.833959095180035,11.208001524209976,2.952054695924744,107283.2829506572,0.186422333936207,105.9775390625,0,49.91735,12800,,,,0.8
quora-drift,FIFO,50,8,20000,0.3445,0.0020319303338171262,6890,14,12.372322811279446,13.291952200233936,16.125035472214222,32.125040888786316,4.446586535777897,74532.65694944047,0.26833875000011176,105.9462890625,0,49.91825,13060,,,,0.8
quora-drift,FIFO,50,9,20000,0.3405,0.0023494860499265785,6810,16,12.613946391502395,13.125012628734112,18.124934285879135,35.58429074473659,4.516624432289973,73092.64746173023,0.27362533297855407,105.9775390625,0,49.9126,13140,,,,0.8
quora-drift,FIFO,100,0,20000,0.42155,0.006523544063574902,8431,55,8.63333293236792,9.792041964828968,11.209049262106419,11.583906598389149,2.707821858348325,107078.82473615377,0.18677829205989838,210.4462890625,0,99.6909,11469,,,,0.8
quora-drift,FIFO,100,1,20000,0.42605,0.0045769275906583735,8521,39,8.3378623588942,9.541981853544712,10.833959095180035,11.249912204220891,2.622039581183344,110743.60660397852,0.18059733300469816,210.4150390625,0,99.6691,11379,,,,0.8
quora-drift,FIFO,100,2,20000,0.42625,0.005043988269794721,8525,43,12.010557088069618,13.37495632469654,16.502104699611632,27.08431915380054,3.856797137996182,76764.52863960237,0.2605370000237599,210.4462890625,0,99.6486,11375,,,,0.8
quora-drift,FIFO,100,3,20000,0.43745,0.0064007315121728196,8749,56,11.410083732334897,13.416982255876064,14.666002243757248,18.332968465983868,3.6513675353489816,80687.06390305939,0.24787120800465345,210.4462890625,0,99.61675,11151,,,,0.8
quora-drift,FIFO,100,4,20000,0.4292,0.002912395153774464,8584,25,12.292191648157313,13.249926269054413,17.50001683831215,34.45842419750982,3.972978377714753,75020.9239731805,0.2665922910673544,210.4462890625,0,99.66045,11316,,,,0.8
quora-drift,FIFO,100,5,20000,0.4373,0.004344843356963183,8746,38,11.401281715370715,13.29102087765932,14.54097218811512,19.16696783155203,3.6258334934245795,80689.17981750233,0.24786470807157457,210.4150390625,0,99.6228,11154,,,,0.8
quora-drift,FIFO,100,6,20000,0.42855,0.004783572511958932,8571,41,8.413193846354261,9.542098268866539,11.00008375942707,11.458061635494232,2.6428659388329834,109762.48089731754,0.18221162492409348,210.4462890625,0,99.60925,11329,,,,0.8
quora-drift,FIFO,100,7,20000,0.4347,0.0033356337704163793,8694,29,10.380406014155596,10.167015716433525,15.040975995361805,26.25044551677995,3.3289408369455487,88653.26820666733,0.22559799998998642,210.4150390625,0,99.62955,11206,,,,0.8
quora-drift,FIFO,100,8,20000,0.42615,0.003050569048457116,8523,26,10.352608666289598,9.582960046827793,14.542019926011562,18.45893100835383,3.3551914093550295,89102.43772999031,0.2244607500033453,210.4462890625,0,99.63985,11377,,,,0.8
quora-drift,FIFO,100,9,20000,0.42675,0.003983596953719977,8535,34,8.530955179594457,9.582960046827793,11.2500274553895,11.708015808835624,2.6588581851683557,108366.3568590647,0.18455912498757243,210.4462890625,0,99.6195,11365,,,,0.8
quora-drift,FIFO,200,0,20000,0.50565,0.011470384653416394,10113,116,9.67435606289655,9.416020475327969,15.208031982183456,22.083475487306647,2.6852261798921973,95495.78241388664,0.209433333016932,419.0830078125,0,198.48435,9687,,,,0.8
quora-drift,FIFO,200,1,20000,0.50765,0.006106569486851177,10153,62,8.507223887136206,8.25000461190939,11.708005331456661,14.791963621973991,2.3436766234226525,108697.25187161643,0.1839972920715809,419.0830078125,0,198.33715,9647,,,,0.8
quora-drift,FIFO,200,2,20000,0.50745,0.008670805005419254,10149,88,9.560481185326353,9.042094461619854,14.875084161758423,17.083026468753815,2.651419141329825,96713.47448326937,0.2067964170128107,419.0244140625,0,198.39795,9651,,,,0.8
quora-drift,FIFO,200,3,20000,0.51865,0.006748288826761786,10373,70,9.27577005350031,8.750008419156075,14.66704998165369,18.874998204410076,2.511232701363042,99522.80850563897,0.20095895905978978,419.0244140625,0,198.2372,9427,,,,0.8
quora-drift,FIFO,200,4,20000,0.5093,0.00490869821323385,10186,50,9.184273757273331,8.812465239316225,14.625024050474167,16.083428636193208,2.4844610365107656,100795.9939851416,0.19842058408539742,419.1103515625,0,198.38555,9614,,,,0.8
quora-drift,FIFO,200,5,20000,0.51615,0.007555943039814008,10323,78,9.20353977708146,8.624978363513947,14.62490763515234,17.04100053757429,2.500376448733732,100577.67187064733,0.1988512920215726,419.0830078125,0,198.34175,9477,,,,0.8
quora-drift,FIFO,200,6,20000,0.50905,0.0074648855711619685,10181,76,9.125710226362571,8.666538633406162,14.25005029886961,16.208458691835336,2.49331301311031,101653.02661709566,0.19674770801793784,419.0244140625,0,198.1495,9619,,,,0.8
quora-drift,FIFO,200,7,20000,0.51475,0.005828071879553181,10295,60,9.084187244297937,8.458038792014122,14.165998436510563,17.083026468753815,2.483902085805312,101842.19803177333,0.19638225005473942,419.1103515625,0,198.34075,9505,,,,0.8
quora-drift,FIFO,200,8,20000,0.5088,0.005110062893081761,10176,52,9.100611956091598,8.541974239051342,14.125020243227482,17.084474675357278,2.4815030628815293,101660.58296327628,0.19673308392520994,419.0791015625,0,198.41355,9624,,,,0.8
quora-drift,FIFO,200,9,20000,0.50745,0.006404571879002857,10149,65,8.874051162274554,8.624978363513947,14.20790795236826,15.95797948539257,2.4268912675324827,104097.47167177811,0.1921276249922812,419.0791015625,0,198.3336,9651,,,,0.8
quora-drift,FIFO,400,0,20000,0.58485,0.019406685474908095,11697,227,11.303991579916328,9.709037840366364,18.000020645558834,27.542412281036313,2.895294124027714,81711.1401117581,0.24476466700434685,840.4853515625,0,392.38315,7903,,,,0.8
quora-drift,FIFO,400,1,20000,0.583,0.008319039451114923,11660,97,11.384256213204935,9.999959729611874,19.00207716971633,28.62543333321803,2.927535865455866,81154.50399743182,0.246443499927409,840.4033203125,0,391.98545,7940,,,,0.8
quora-drift,FIFO,400,2,20000,0.58535,0.011019048432561716,11707,129,11.561785021331161,10.209041647613049,18.83308868855238,26.95848233997815,2.9478184296749532,79857.74681566785,0.25044533307664096,840.4541015625,0,392.4336,7893,,,,0.8
quora-drift,FIFO,400,3,20000,0.59205,0.01047208850603834,11841,124,11.32290808018297,9.875046089291573,19.499915651977062,35.7503921259194,2.9047545918729156,81555.24480228327,0.24523254204541445,840.4853515625,0,391.92725,7759,,,,0.8
quora-drift,FIFO,400,4,20000,0.58335,0.008314048170052284,11667,97,12.083032488590106,10.64554089680314,20.25009598582983,36.667394451796945,3.1297907698899508,76427.60789254788,0.2616855420637876,840.4267578125,0,392.07355,7933,,,,0.8
quora-drift,FIFO,400,5,20000,0.5906,0.009735861835421605,11812,115,11.474472674308345,9.916024282574654,20.208070054650307,40.87546956725412,2.9798985575325787,80214.97612942883,0.2493300000205636,840.4580078125,0,392.1066,7788,,,,0.8
quora-drift,FIFO,400,6,20000,0.58565,0.01246478272005464,11713,146,11.696485814172775,10.209041647613049,19.582925597205758,35.74998117983341,2.9931924189440906,79087.6971505174,0.25288383301813155,840.4853515625,0,391.38915,7887,,,,0.8
quora-drift,FIFO,400,7,20000,0.59015,0.008726594933491484,11803,103,11.231485876487568,9.66701190918684,18.83606892079112,37.333007203415036,2.8827832837123424,82327.38123846268,0.24293254199437797,840.4853515625,0,392.0404,7797,,,,0.8
quora-drift,FIFO,400,8,20000,0.58475,0.008721675929884567,11695,102,11.30523513420485,9.791925549507141,18.708989955484867,33.00406271591716,2.8550650167744607,81783.67481852652,0.24454758292995393,840.4541015625,0,392.364,7905,,,,0.8
quora-drift,FIFO,400,9,20000,0.58195,0.009880573932468426,11639,115,11.312346294289455,9.875046089291573,18.544093472883077,33.375412458553846,2.835644519655034,81671.79454555378,0.24488258291967213,840.5400390625,0,391.84865,7961,,,,0.8
quora-drift,FIFO,800,0,20000,0.64705,0.05996445406073719,12941,776,13.543346262304112,12.416974641382694,21.416926756501198,34.62546970695251,2.4327047052793205,68595.82924168541,0.29156291601248085,1686.5009765625,0,761.64015,6259,,,,0.8
quora-drift,FIFO,800,1,20000,0.64635,0.013769629457724144,12927,178,13.209244364406914,12.167030945420265,20.666979253292084,37.41601132787764,2.3385589302051812,70787.17866256523,0.2825370409991592,1686.4775390625,0,761.13695,6273,,,,0.8
quora-drift,FIFO,800,2,20000,0.65195,0.0161055295651507,13039,210,14.03835941455327,12.874952517449856,21.83315227739513,36.16698086261749,2.441021765116602,66915.9099348587,0.2988825829233974,1686.6416015625,0,762.63505,6161,,,,0.8
quora-drift,FIFO,800,3,20000,0.6554,0.01762282575526396,13108,231,14.01887551182881,12.875068932771683,21.666986867785454,34.37541075982147,2.363842393970117,66931.5014560831,0.298812958993949,1686.4775390625,0,761.30415,6092,,,,0.8
quora-drift,FIFO,800,4,20000,0.64625,0.013617021276595745,12925,176,14.005059993360192,12.959004379808903,21.083978936076164,31.958405161276392,2.354110963642597,67142.98076482386,0.29787179199047387,1686.5009765625,0,761.506,6275,,,,0.8
quora-drift,FIFO,800,5,20000,0.6542,0.015744420666462856,13084,206,13.884386670542881,12.750038877129555,21.332991309463978,34.95926735922674,2.3362914216704667,67553.91234109276,0.29605983290821314,1686.5322265625,0,761.2273,6116,,,,0.8
quora-drift,FIFO,800,6,20000,0.6507,0.018825879821730444,13014,245,14.219213009346277,13.08403443545103,21.74999099224806,34.33568170294139,2.3946246947161853,66174.34784350437,0.30223191692493856,1686.5595703125,0,759.4272,6186,,,,0.8
quora-drift,FIFO,800,7,20000,0.6504,0.013376383763837638,13008,174,14.012997219106182,13.041077181696892,21.458958508446813,35.20879196003066,2.2565332998055965,67128.3700096697,0.2979366249637678,1686.5322265625,0,762.24305,6192,,,,0.8
quora-drift,FIFO,800,8,20000,0.6496,0.015471059113300493,12992,201,15.385274076834321,14.499993994832039,24.707987904548645,34.75080360658453,2.2862051788251847,61560.023254314605,0.324886167072691,1686.6962890625,0,761.9264,6208,,,,0.8
quora-drift,FIFO,800,9,20000,0.64775,0.015206483983018139,12955,197,16.22139022219926,15.208031982183456,25.667017325758934,33.45987410284565,2.388070075539872,58381.84500826089,0.34257224993780255,1686.5322265625,0,759.8041,6245,,,,0.8
quora-drift,FIFO,1600,0,20000,0.68985,0.10038414148003189,13797,1385,25.54269377142191,22.20796886831522,50.629104953259166,88.95921404473464,2.6503285276703537,37339.112188724066,0.5356313749216497,3307.2587890625,0,1420.63845,4603,,,,0.8
quora-drift,FIFO,1600,1,20000,0.68735,0.032370699061613446,13747,445,25.659705273574218,22.042077034711838,51.625072956085205,87.62957761064098,2.599710482172668,37219.61995002358,0.5373510000063106,3306.9892578125,0,1420.1776,4653,,,,0.8
quora-drift,FIFO,1600,2,20000,0.6921,0.03265424071665944,13842,452,27.89689563214779,24.62498378008604,59.33503271080551,97.17114036902719,2.88490314851515,34289.38570380178,0.5832708749221638,3307.2080078125,0,1421.7342,4558,,,,0.8
quora-drift,FIFO,1600,3,20000,0.69645,0.029076028429894464,13929,405,27.37880438216962,24.20798409730196,57.45795206166804,95.54497431963635,2.7929450385272503,34946.97593087061,0.5722955840174109,3306.7705078125,0,1418.55995,4471,,,,0.8
quora-drift,FIFO,1600,4,20000,0.6874,0.024439918533604887,13748,336,28.817470849025995,23.583066649734974,67.169195972383,108.83391485549497,3.37116060545668,33145.81321780271,0.603394457953982,3307.0712890625,0,1421.8086,4652,,,,0.8
quora-drift,FIFO,1600,5,20000,0.6944,0.026713709677419355,13888,371,28.395628550788388,23.291504476219416,65.91598503291607,101.66680673137294,3.2765423879027367,33516.02123225679,0.5967295420123264,3306.7705078125,0,1420.9679,4512,,,,0.8
quora-drift,FIFO,1600,6,20000,0.69165,0.03686835827369334,13833,510,27.151697361841798,21.875021047890186,63.16695362329483,105.95942381769412,3.425673540914431,34913.51159559557,0.5728441249812022,3306.8759765625,0,1414.56855,4567,,,,0.8
quora-drift,FIFO,1600,7,20000,0.6917,0.026239699291600405,13834,363,26.362962462008,20.875013433396816,62.75216583162543,103.25044859200709,3.2985213212668896,35967.65963649867,0.5560550839873031,3306.9345703125,0,1423.5175,4566,,,,0.8
quora-drift,FIFO,1600,8,20000,0.69225,0.026724449259660527,13845,370,23.765729478327557,18.459046259522438,55.999960750341415,95.00169428065392,3.064431034727022,39797.596030238055,0.5025429170345888,3307.2353515625,0,1423.5662,4555,,,,0.8
quora-drift,FIFO,1600,9,20000,0.6895,0.026540971718636692,13790,366,23.714180587558076,18.457998521625996,56.458055041730404,94.08386074937867,3.123340307502076,39888.17350385764,0.5014017500216141,3307.1259765625,0,1414.14575,4610,,,,0.8
quora-drift,RR,50,0,20000,0.3354,0.004919499105545617,6708,33,12.257058511022478,10.041054338216782,23.54407333768901,62.50197417102721,4.734988941345364,75563.55060563868,0.2646778749767691,102.9521484375,0,49.92585,13242,,,,0.8
quora-drift,RR,50,1,20000,0.33965,0.0033858383630207566,6793,23,11.4592254627496,9.958050213754177,20.95806412398815,55.540945613756776,4.356869973707944,80759.58425271843,0.24764862505253404,102.8896484375,0,49.9269,13157,,,,0.8
quora-drift,RR,50,2,20000,0.33985,0.003530969545387671,6797,24,10.287906642770395,9.917072020471096,15.3339933604002,37.165951216593385,3.8751016079913825,90081.41672347253,0.22202137496788055,102.7646484375,0,49.9214,13153,,,,0.8
quora-drift,RR,50,3,20000,0.3554,0.004783342712436691,7108,34,9.951814380474389,9.833020158112049,15.544076450169056,37.459788145497306,3.708316246047616,93009.55662497245,0.2150316669140011,102.8896484375,0,49.9089,12842,,,,0.8
quora-drift,RR,50,4,20000,0.3451,0.002028397565922921,6902,14,10.143478214740753,9.958981536328793,15.833112411201,38.70902583003044,3.8308759802021086,91432.4552862325,0.21874070796184242,103.1396484375,0,49.92875,13048,,,,0.8
quora-drift,RR,50,5,20000,0.3514,0.003130335799658509,7028,22,10.173648520139977,9.958981536328793,15.08404966443777,35.58449796400958,3.7975745217408985,91102.26916613779,0.21953349991235882,102.7646484375,0,49.92475,12922,,,,0.8
quora-drift,RR,50,6,20000,0.3422,0.0030683810637054353,6844,21,10.417201992822811,10.124989785254002,15.042023733258247,34.625888802111014,3.9337756927125156,88883.65462156358,0.2250132500194013,103.1396484375,0,49.92645,13106,,,,0.8
quora-drift,RR,50,7,20000,0.35555,0.0018281535648994515,7111,13,10.118786309612915,9.999959729611874,15.249941498041153,38.29368622973535,3.803152951877564,91570.00783907065,0.21841212501749396,102.7646484375,0,49.91735,12839,,,,0.8
quora-drift,RR,50,8,20000,0.3433,0.0026216137489076608,6866,18,9.990132186794654,10.25001984089613,14.66704998165369,31.7080516833812,3.740040207048878,92780.65942076783,0.2155621669953689,103.1396484375,0,49.91825,13084,,,,0.8
quora-drift,RR,50,9,20000,0.3393,0.003389330975537872,6786,23,9.80018656118773,9.999959729611874,14.417106285691261,32.833383884280856,3.6559921747539192,94635.56325883155,0.2113370419247076,102.7646484375,0,49.9126,13164,,,,0.8
quora-drift,RR,100,0,20000,0.41815,0.005978715771852206,8363,50,9.933121537324041,10.541989468038082,15.042023733258247,30.541910091415048,3.4117114439141005,93157.48579856455,0.2146902079693973,204.4833984375,0,99.6909,11537,,,,0.8
quora-drift,RR,100,1,20000,0.424,0.004127358490566038,8480,35,10.015600547194481,10.166899301111698,15.374971553683281,34.20940134674304,3.394134301925078,92355.46862267764,0.2165545830503106,204.1083984375,0,99.6691,11420,,,,0.8
quora-drift,RR,100,2,20000,0.425,0.004470588235294118,8500,38,9.945158136542886,10.29099803417921,15.416997484862804,36.13048116676423,3.4496617037802935,92981.05408540784,0.21509758301544935,204.4833984375,0,99.6486,11400,,,,0.8
quora-drift,RR,100,3,20000,0.43875,0.005128205128205128,8775,45,10.171843378338963,10.375049896538258,15.583005733788013,36.25040524639183,3.5025207384023815,90786.8208761365,0.2202962919836864,204.1083984375,0,99.61675,11125,,,,0.8
quora-drift,RR,100,4,20000,0.42935,0.0031442878770234074,8587,27,10.456929134670645,9.916024282574654,19.12704319693145,45.29145080596202,3.6313308752141893,88409.46401865323,0.22622012498322874,204.1083984375,0,99.66045,11313,,,,0.8
quora-drift,RR,100,5,20000,0.4361,0.0041274936941068565,8722,36,10.75270824949257,10.041985660791397,17.919065430760355,42.33291954733431,3.7256879499182105,85950.91139573367,0.23269095900468528,204.4833984375,0,99.6228,11178,,,,0.8
quora-drift,RR,100,6,20000,0.4294,0.005822077317186773,8588,50,11.270778527250513,10.020507033914328,19.291113130748272,47.62533702887588,3.9002902572974563,82178.87691088463,0.24337154207751155,204.4833984375,0,99.60925,11312,,,,0.8
quora-drift,RR,100,7,20000,0.43315,0.003924737388895302,8663,34,12.403525464469567,10.041985660791397,23.04196823388338,57.999975979328156,4.278366704238579,74725.01194558875,0.2676480000372976,204.1083984375,0,99.62955,11237,,,,0.8
quora-drift,RR,100,8,20000,0.42505,0.0027055640512880837,8501,23,12.369399628369138,10.124989785254002,23.586046881973715,62.042442150413926,4.4124238134827465,74877.96081495682,0.26710129098501056,204.4833984375,0,99.63985,11399,,,,0.8
quora-drift,RR,100,9,20000,0.42425,0.004478491455509723,8485,38,12.743569625308737,10.416959412395954,22.37502485513687,62.37831083126313,4.521690047113225,71956.3693362044,0.2779462080216035,204.1083984375,0,99.6195,11415,,,,0.8
quora-drift,RR,200,0,20000,0.501,0.009880239520958085,10020,99,14.853679988300428,10.624993592500687,32.334006391465664,88.50551093928429,4.678098810836673,62603.71183783086,0.3194698750739917,406.3662109375,0,198.48435,9780,,,,0.8
quora-drift,RR,200,1,20000,0.5026,0.007361719060883406,10052,74,14.67361404793337,10.459101758897305,29.710121452808348,92.16767968609902,4.587372636888176,62961.55404433164,0.3176541669527069,406.6865234375,0,198.33715,9748,,,,0.8
quora-drift,RR,200,2,20000,0.5011,0.008281780083815606,10022,83,14.42559075076133,10.499963536858559,30.082999728620052,82.91746489703648,4.697974113514647,64309.017679012984,0.3109983750618994,406.7412109375,0,198.39795,9778,,,,0.8
quora-drift,RR,200,3,20000,0.51725,0.009279845335911068,10345,96,14.096575288567692,10.166899301111698,29.921141685917913,85.70852223783724,4.320221394300461,65464.984212246265,0.30550683301407844,406.6240234375,0,198.2372,9455,,,,0.8
quora-drift,RR,200,4,20000,0.50595,0.006028263662417235,10119,61,14.473849110072479,10.624993592500687,30.46018537133929,84.00172693654868,4.547999857459217,63324.85570839817,0.3158317500492558,406.7138671875,0,198.38555,9681,,,,0.8
quora-drift,RR,200,5,20000,0.51015,0.005488581789669705,10203,56,14.715311519103125,10.624993592500687,32.7499583363533,89.54575867392063,4.622850788291544,62890.13166722581,0.3180149169638753,406.3115234375,0,198.34175,9597,,,,0.8
quora-drift,RR,200,6,20000,0.5081,0.008954930131863806,10162,91,14.983777335146442,10.958057828247547,34.91907846182582,88.87548465281718,4.802110302262008,61703.0425351514,0.3241331250173971,406.3115234375,0,198.1495,9638,,,,0.8
quora-drift,RR,200,7,20000,0.50885,0.006485211751989781,10177,66,14.8608737741597,10.874937288463116,34.16608087718487,89.08298332244158,4.74468354950659,62104.52827243347,0.3220377089455724,406.7138671875,0,198.34075,9623,,,,0.8
quora-drift,RR,200,8,20000,0.50555,0.006923153001681337,10111,70,14.857961580855772,10.834075510501862,34.58303399384022,86.835615802556,4.777271032799035,62253.30514200537,0.3212680829456076,406.7138671875,0,198.41355,9689,,,,0.8
quora-drift,RR,200,9,20000,0.5027,0.007360254625024865,10054,74,15.280987578444183,10.875053703784943,36.294059827923746,89.50373274274111,4.974702070467174,60294.20547142165,0.3317068339092657,406.7138671875,0,198.3336,9746,,,,0.8
quora-drift,RR,400,0,20000,0.5732,0.022941381716678297,11464,263,19.451397767988965,13.415934517979622,49.83607213944194,109.37540908344083,6.336305692093447,47312.31076074477,0.4227229589596391,819.3076171875,0,392.38315,8136,,,,0.8
quora-drift,RR,400,1,20000,0.5738,0.009672359707215058,11476,111,19.512006896547973,13.416982255876064,50.71104969829318,108.46140678040643,6.376855430426076,47301.46613131238,0.42281987506430596,818.8779296875,0,391.98545,8124,,,,0.8
quora-drift,RR,400,2,20000,0.57475,0.012092214006089605,11495,139,21.499556087655947,13.582990504801273,54.25000563263893,119.29194559343159,7.0170757186133415,43125.54928935242,0.46376220893580467,819.0146484375,0,392.4336,8105,,,,0.8
quora-drift,RR,400,3,20000,0.5803,0.010080992590039634,11606,117,21.71194069669582,13.458076864480972,52.08603106439111,116.8762962333856,7.307641248917207,42739.02294722509,0.4679564159596339,818.9287109375,0,391.92725,7994,,,,0.8
quora-drift,RR,400,4,20000,0.5732,0.008810188415910677,11464,101,21.218545216834173,13.54096457362175,50.54609500803048,118.08567913249108,6.484016863396391,43884.5907755847,0.4557408340042457,819.3349609375,0,392.07355,8136,,,,0.8
quora-drift,RR,400,5,20000,0.5808,0.010416666666666666,11616,121,19.667580083478242,12.999982573091984,44.79091730900109,108.54411637410489,6.179367285221815,46942.213548927975,0.42605574999470264,819.3076171875,0,392.1066,7984,,,,0.8
quora-drift,RR,400,6,20000,0.57735,0.014635836147917207,11547,169,18.63123937509954,12.874952517449856,35.166979068890214,89.92314105853325,5.594391172053292,50020.56582690421,0.39983554102946073,819.2529296875,0,391.38915,8053,,,,0.8
quora-drift,RR,400,7,20000,0.5753,0.009125673561620024,11506,105,18.567278422415257,13.082986697554588,34.585129469633074,84.54093360342085,5.774361430667341,50015.06703431029,0.3998795000370592,819.2646484375,0,392.0404,8094,,,,0.8
quora-drift,RR,400,8,20000,0.5745,0.009399477806788513,11490,108,15.656449506059289,12.708944268524647,27.169077657163115,61.62658799439642,4.774538043420762,59344.26803713296,0.3370165419764817,818.9873046875,0,392.364,8110,,,,0.8
quora-drift,RR,400,9,20000,0.5751,0.011824030603373326,11502,136,15.215999796055257,12.542004697024822,26.957946829497814,57.91593459434807,4.57611070596613,61010.61794122461,0.32781179202720523,818.9013671875,0,391.84865,8098,,,,0.8
quora-drift,RR,800,0,20000,0.63115,0.09363859621326151,12623,1182,17.45852315798402,14.499993994832039,33.08291197754443,62.16632900759571,4.227377218194306,53336.10083780634,0.3749805419938639,1651.1943359375,0,761.64015,6577,,,,0.8
quora-drift,RR,800,1,20000,0.62935,0.019623420989910226,12587,247,17.055960174184293,14.208955690264702,31.335052335634796,60.792702715843646,4.099205002421513,54857.0049269894,0.3645842500263825,1651.3583984375,0,761.13695,6613,,,,0.8
quora-drift,RR,800,2,20000,0.633,0.01769352290679305,12660,224,16.839294164674357,14.125020243227482,31.044078059494467,61.960490420460296,3.8704938953742385,55653.9805445303,0.3593633340205997,1651.3857421875,0,762.63505,6540,,,,0.8
quora-drift,RR,800,3,20000,0.6364,0.017049025769956004,12728,217,16.85085028875619,14.125020243227482,31.4170029014349,58.33491683006273,3.836005768971518,55588.104236826715,0.35978920804336667,1651.2763671875,0,761.30415,6472,,,,0.8
quora-drift,RR,800,4,20000,0.6247,0.014006723227149031,12494,175,16.32166384952143,13.959011994302273,28.166925767436624,52.084916969761125,3.6473928717896342,57576.214059878104,0.34736566699575633,1651.5146484375,0,761.506,6706,,,,0.8
quora-drift,RR,800,5,20000,0.6365,0.015161036920659858,12730,193,15.814520342973992,13.582990504801273,27.45795645751059,52.45969397947165,3.435152949532494,59476.78268460221,0.33626566699240357,1651.1435546875,0,761.2273,6470,,,,0.8
quora-drift,RR,800,6,20000,0.6336,0.019807449494949496,12672,251,15.905680018477142,13.582990504801273,27.540954761207104,49.04287867248045,3.553486685268581,59044.03282211704,0.3387302500195801,1651.4677734375,0,759.4272,6528,,,,0.8
quora-drift,RR,800,7,20000,0.6307,0.015617567781829713,12614,197,15.999896929133683,13.666925951838493,27.752085588872404,50.16738199628883,3.578783484408632,58709.283730803625,0.3406616250285879,1651.4951171875,0,762.24305,6586,,,,0.8
quora-drift,RR,800,8,20000,0.63035,0.01665741254858412,12607,210,16.75881146802567,14.25005029886961,30.45797348022461,54.20839996077114,3.7582204560749233,56152.665072075506,0.35617187491152436,1651.7373046875,0,761.9264,6593,,,,0.8
quora-drift,RR,800,9,20000,0.62815,0.01806893257979782,12563,227,16.788370604626834,14.459015801548958,30.4579793009907,56.125820847228034,3.7387068616226315,55986.267398666336,0.35723045899067074,1651.5498046875,0,759.8041,6637,,,,0.8
quora-drift,RR,1600,0,20000,0.6748,0.13011262596324838,13496,1756,27.89500755025074,23.79098441451788,57.83308297395706,86.12498641014099,3.5451614763587713,34289.860891567645,0.5832627919735387,3240.5263671875,0,1420.63845,4904,,,,0.8
quora-drift,RR,1600,1,20000,0.6734,0.028734778734778733,13468,387,27.732659765752032,23.250002413988113,57.87711124867198,86.45847090519958,3.589404677040875,34533.022512618045,0.5791557919001207,3240.5224609375,0,1420.1776,4932,,,,0.8
quora-drift,RR,1600,2,20000,0.677,0.04254062038404727,13540,576,28.768915275577456,25.583081878721714,57.87495174445212,87.75002788752317,3.4242949914187193,33354.770726791045,0.5996143749216571,3240.7763671875,0,1421.7342,4860,,,,0.8
quora-drift,RR,1600,3,20000,0.68275,0.031197363603075796,13655,426,28.587437589885667,24.833017960190773,57.211093371733995,83.66594673134387,3.416457277489826,33523.45794210644,0.5965971659170464,3240.3310546875,0,1418.55995,4745,,,,0.8
quora-drift,RR,1600,4,20000,0.67105,0.02838834662096714,13421,381,30.112011166056618,26.54106356203556,60.416990891098976,95.58291756547987,3.836427943315357,31900.042316805302,0.6269584159599617,3240.1708984375,0,1421.8086,4979,,,,0.8
quora-drift,RR,1600,5,20000,0.6797,0.03258790642930705,13594,443,29.9065520754084,26.250025257468224,60.45802147127688,92.12586097419249,3.7378877867013216,32043.41667579855,0.6241531670093536,3240.8505859375,0,1420.9679,4806,,,,0.8
quora-drift,RR,1600,6,20000,0.67825,0.04821231109472908,13565,654,25.568842072971165,20.832987502217293,59.49998740106821,95.08344926871352,4.108553839614615,37021.53995493517,0.5402260420378298,3240.4990234375,0,1414.56855,4835,,,,0.8
quora-drift,RR,1600,7,20000,0.67665,0.026971107662750314,13533,365,26.60914894659072,21.875021047890186,60.16693660058081,99.62538257241242,4.250918497564271,35684.83775809114,0.560462124994956,3240.3037109375,0,1423.5175,4867,,,,0.8
quora-drift,RR,1600,8,20000,0.6733,0.02636269122233774,13466,355,25.343185861129314,20.459061488509178,58.582983911037445,98.20796549320221,4.172408289741725,37378.054116856176,0.5350733330706134,3240.7216796875,0,1423.5662,4934,,,,0.8
quora-drift,RR,1600,9,20000,0.67415,0.02907364829785656,13483,392,23.674992460291833,19.249971956014633,53.999945521354675,92.91908587329057,4.001192061696202,39891.38906598393,0.5013613330665976,3240.5498046875,0,1414.14575,4917,,,,0.8
quora-drift,ARC,50,0,20000,0.48245,0.003938231941133796,9649,38,24.235670757479966,27.082976885139942,57.50202690251169,108.0420333892107,16.61181109957397,39339.0095976701,0.5084012079751119,426.8828125,100,49.92585,10301,0.0,25.0,5.644294118605747,0.8
quora-drift,ARC,50,1,20000,0.488,0.0036885245901639345,9760,36,23.615914053516462,26.875059120357037,61.33299903012812,103.2931893132625,16.096416022628546,40316.15932579559,0.4960789999458939,429.203125,100,49.9269,10190,1.0,28.90876152832675,5.585268323585508,0.8
quora-drift,ARC,50,2,20000,0.4829,0.004762890867674467,9658,46,21.26809394103475,25.874993298202753,42.041996493935585,75.25035296566777,14.543319150106981,44891.16137099006,0.4455220000818372,428.80078125,100,49.9214,10292,2.0,24.0,5.356251903963858,0.8
quora-drift,ARC,50,3,20000,0.49505,0.006867993132006868,9901,68,20.692384260473773,23.707980290055275,42.74992388673127,75.37496276199818,14.052908291341737,46122.43404488692,0.43362845899537206,429.203125,100,49.9089,10049,0.0,23.742753623188406,6.195744968320729,0.8
quora-drift,ARC,50,4,20000,0.4878,0.002050020500205002,9756,20,20.719542156439275,26.166439056396484,40.624989196658134,70.66899794153822,14.112580742221326,46073.11631549421,0.43409262492787093,429.203125,100,49.92875,10194,1.0,24.916666666666668,6.019523991043672,0.8
quora-drift,ARC,50,5,20000,0.49435,0.002427429958531405,9887,24,20.708717877278104,25.499961338937283,41.29204899072647,74.37495631165802,14.057825726922601,46101.255221582505,0.43382766703143716,426.8359375,100,49.92475,10063,1.0,24.0,6.059978290291902,0.8
quora-drift,ARC,50,6,20000,0.48745,0.004923581905836496,9749,48,20.228741702158004,26.332912966609,39.790995651856065,66.95884861983346,13.797488203272223,47201.283558288655,0.4237172909779474,428.828125,100,49.92645,10201,2.0,27.92391304347826,5.9849543763584485,0.8
quora-drift,ARC,50,7,20000,0.49585,0.002823434506403146,9917,28,20.350065908860415,25.250017642974854,40.16596940346062,64.37499541789293,13.73778514098376,46918.25281099934,0.4262733329087496,429.265625,100,49.91735,10033,4.0,26.083333333333332,6.21016630259658,0.8
quora-drift,ARC,50,8,20000,0.4823,0.000725689404934688,9646,7,19.39584290375933,25.709043256938457,37.46111760847268,47.25120263174156,13.233192131156102,49278.98172119938,0.40585254202596843,428.80078125,100,49.91825,10304,3.0,25.0,5.68218600948384,0.8
quora-drift,ARC,50,9,20000,0.4855,0.0021627188465499483,9710,21,19.399264798266813,26.708468794822693,36.95895429700613,42.83437971025699,13.138967991108075,49255.14413095407,0.40604895900469273,429.265625,100,49.9126,10240,8.0,26.90942028985507,6.006090667945004,0.8
quora-drift,ARC,100,0,20000,0.5404,0.05662472242783124,10808,612,18.44079962465912,8.292030543088913,38.58399577438831,43.12542732805007,12.025222048396245,51547.62623888057,0.3879907079972327,846.77734375,200,99.6909,9092,1.0,46.90909090909091,17.143538420444195,0.8
quora-drift,ARC,100,1,20000,0.54295,0.005525370660281794,10859,60,18.293884623562917,8.333008736371994,38.499943912029266,43.12500823289156,11.837725981604308,52086.9109142751,0.383973625022918,846.10546875,200,99.6691,9041,1.0,47.61509404872032,18.005800117051802,0.8
quora-drift,ARC,100,2,20000,0.53725,0.007073057235923686,10745,76,19.199874985497445,8.66700429469347,40.12498538941145,59.33346808888012,12.566543719731271,49615.42881863857,0.4031004160642624,846.33984375,200,99.6486,9155,0.0,49.334133874143134,17.040001280834627,0.8
quora-drift,ARC,100,3,20000,0.54775,0.006572341396622547,10955,72,18.643892178079113,8.416012860834599,39.87504169344902,54.00244612246712,12.073785881511867,51113.54041317787,0.3912857500836253,846.6015625,200,99.61675,8945,4.0,49.006751185322614,19.28110741686325,0.8
quora-drift,ARC,100,4,20000,0.5397,0.0025013896609227346,10794,27,18.570130044827238,8.457922376692295,39.499951526522636,55.04280910827206,12.136488250689581,51308.50028525205,0.38979895901866257,845.671875,200,99.66045,9106,7.0,49.75121908742598,18.716199507555437,0.8
quora-drift,ARC,100,5,20000,0.54765,0.003286770747740345,10953,36,18.481838796287775,8.334056474268436,39.45804201066494,60.20936765708023,12.01606968534179,51482.536154093075,0.38848125003278255,841.9765625,200,99.6228,8947,3.0,44.25541125541125,17.985720642889945,0.8
quora-drift,ARC,100,6,20000,0.54085,0.004992141998705741,10817,54,18.574767012614757,8.375034667551517,39.29203376173973,49.54246338456863,12.084397277794778,51303.02198849125,0.3898405829677358,842.2734375,200,99.60925,9083,4.0,52.124149659863946,18.335779899736917,0.8
quora-drift,ARC,100,7,20000,0.5419,0.0032293781140431813,10838,35,19.038770103361458,8.500064723193645,39.74990104325116,56.91748927347356,12.390448356745765,50024.996874702374,0.3998001249274239,841.61328125,200,99.62955,9062,4.0,50.753401360544224,20.70865545063851,0.8
quora-drift,ARC,100,8,20000,0.53955,0.0025020850708924102,10791,27,20.017873437609524,8.915900252759457,41.83396231383085,79.16644681245081,13.09954875614494,47563.71232835113,0.42048862506635487,846.16796875,200,99.63985,9109,1.0,47.92620567049929,17.930828646845047,0.8
quora-drift,ARC,100,9,20000,0.54275,0.0036849378166743437,10855,40,19.6130262396764,8.709030225872993,41.127041913568945,76.08342100866132,12.808264780323952,48509.15692317889,0.41229329199995846,846.2265625,200,99.6195,9045,3.0,49.91836734693878,19.006254503455125,0.8
quora-drift,ARC,200,0,20000,0.5804,0.05573742246726396,11608,647,20.25706428103149,9.207986295223236,47.377031296491595,87.83333585597568,12.704273202689365,46827.56423343375,0.42709887493401766,1669.890625,400,198.48435,8192,61.56444275679995,111.83240577430769,69.30145715058788,0.8
quora-drift,ARC,200,1,20000,0.58135,0.005934462888105272,11627,69,20.231521024834365,9.29099041968584,47.625042498111725,88.12500163912773,12.691098608775064,47034.77580629208,0.4252172920387238,1658.05859375,400,198.33715,8173,74.8284283647834,116.3816059662619,73.71306185486928,0.8
quora-drift,ARC,200,2,20000,0.579,0.010362694300518135,11580,120,20.46731729642488,9.333016350865364,47.58306313306093,86.12707606516744,12.769313983153552,46454.00603282761,0.43053337500896305,1665.34765625,400,198.39795,8220,51.986447778731524,111.08372975914118,68.6636963679098,0.8
quora-drift,ARC,200,3,20000,0.5897,0.005511276920468035,11794,65,20.74943520128727,9.37492586672306,48.7080542370677,88.41771050356301,12.971918104449287,45779.03474629107,0.4368812079774216,1657.796875,400,198.2372,8006,70.52520973644181,112.63806782859447,71.6170264260603,0.8
quora-drift,ARC,200,4,20000,0.5796,0.005262249827467219,11592,61,20.373515313258395,9.33394767343998,45.62491667456925,83.29451899044176,12.768945377320051,46690.16796571217,0.4283557089511305,1665.07421875,400,198.38555,8208,73.36696033762531,122.40019773978077,70.81013897153657,0.8
quora-drift,ARC,200,5,20000,0.59125,0.006342494714587738,11825,75,19.887109514093027,9.167008101940155,44.95796747505665,81.08304813504219,12.31873479555361,47820.68673609377,0.41822904197033495,1658.1328125,400,198.34175,7975,76.2402411360269,108.18944218817926,75.3035313699209,0.8
quora-drift,ARC,200,6,20000,0.5809,0.011878120158374935,11618,138,18.973285949323326,8.874922059476376,41.83303099125624,65.58345747180276,11.69964637956582,50132.86777181639,0.39893987495452166,1665.2890625,400,198.1495,8182,61.394381890594936,113.90117017763,74.4035019104917,0.8
quora-drift,ARC,200,7,20000,0.58025,0.005945713054717794,11605,69,18.82340982556343,8.833943866193295,41.29100125283003,67.08617554977504,11.621481773909181,50560.292351512966,0.3955673329764977,1657.71875,400,198.34075,8195,80.65034560646036,122.43829072619371,70.86485189990677,0.8
quora-drift,ARC,200,8,20000,0.5818,0.004640770024063252,11636,54,18.176176631823182,8.624978363513947,39.9579294025898,56.66785058565424,11.236214853124693,52342.46713211706,0.3820989169180393,1658.31640625,400,198.41355,8164,68.26704096455848,105.63260306400471,70.55630694129681,0.8
quora-drift,ARC,200,9,20000,0.5827,0.008065900120130427,11654,94,18.32048031501472,8.874922059476376,40.66690453328192,51.334656309336154,11.286978953285143,51954.000745992555,0.384955917019397,1657.28125,400,198.3336,8146,49.54924098285215,105.13007181445361,71.1341666406253,0.8
quora-drift,ARC,400,0,20000,0.6202,0.09263140922283135,12404,1149,19.888653024099767,10.167015716433525,46.2500611320138,70.5424009356647,11.444834200665355,47312.95901438057,0.42271716706454754,3309.39453125,800,392.38315,7196,240.54906094296632,276.46280475351665,178.53590007210585,0.8
quora-drift,ARC,400,1,20000,0.62155,0.010055506395302068,12431,125,20.431408059084788,10.375049896538258,47.208089381456375,76.250466518104,11.85644903453067,46369.065471235204,0.43132204189896584,3308.671875,800,391.98545,7169,233.56254422584988,273.6050835248398,181.4303500232781,0.8
quora-drift,ARC,400,2,20000,0.62325,0.017809867629362215,12465,222,21.710126049583778,10.624993592500687,51.749986596405506,95.91598063707352,12.48374018468894,43614.631676813646,0.45856170810293406,3311.20703125,800,392.4336,7135,240.04118201198173,270.23787728136875,182.935632103116,0.8
quora-drift,ARC,400,3,20000,0.63215,0.01502807877877086,12643,190,21.481256344122812,10.541058145463467,51.3360777404159,96.58480179496097,12.351544573903084,44063.11898317248,0.45389433298259974,3308.9140625,800,391.92725,6957,229.33626257181277,273.67351761857884,161.85876983047433,0.8
quora-drift,ARC,400,4,20000,0.6218,0.009327758121582503,12436,116,22.254403989063576,10.624993592500687,51.99993611313403,97.41827961988727,12.995857873465866,42549.55893778323,0.47004012495744973,3311.0703125,800,392.07355,7164,267.8141221502212,280.12983799883244,179.799274127059,0.8
quora-drift,ARC,400,5,20000,0.6293,0.011282377244557445,12586,142,22.32572614448145,10.791933164000511,52.58603487163779,97.8359114378686,12.961681094020605,42423.98265914259,0.4714314580196515,3310.66015625,800,392.1066,7014,246.31407592981614,283.17745221357586,176.80219014673978,0.8
quora-drift,ARC,400,6,20000,0.62295,0.014688177221285818,12459,183,21.793636598158628,10.66701952368021,49.29404240101573,83.45978916622686,12.45588386664167,43528.74085987504,0.45946654106955975,3308.8046875,800,391.38915,7141,241.29336088062058,281.16512297853285,183.18614067387122,0.8
quora-drift,ARC,400,7,20000,0.62445,0.008567539434702539,12489,107,21.839099167846143,10.83302777260542,49.08395931124687,80.75247402302881,12.454966979566962,43401.2041141886,0.46081670792773366,3311.31640625,800,392.0404,7111,248.3589609636396,265.383705946732,177.35605224674163,0.8
quora-drift,ARC,400,8,20000,0.6248,0.009923175416133162,12496,124,20.02565586590208,10.416959412395954,46.50000482797623,68.91601718962193,11.353944090660661,47355.234774669734,0.42233979189768434,3310.95703125,800,392.364,7104,247.73454869712253,270.70893413386034,167.49908707452065,0.8
quora-drift,ARC,400,9,20000,0.62225,0.012053033346725592,12445,150,20.424925442785025,10.624993592500687,47.91701212525368,72.16869154944989,11.586541828000918,46493.20633389816,0.43017037492245436,3311.26171875,800,391.84865,7155,246.45584259675843,273.70016390373786,172.0949958407308,0.8
quora-drift,ARC,800,0,20000,0.6581,0.12232183558729676,13162,1610,28.822386235697195,14.208024367690086,72.21010164357719,128.54249216616148,15.434282104251906,32931.99066422789,0.6073122090892866,6599.10546875,1600,761.64015,6038,373.30158934335935,374.57396010984775,197.22877500719045,0.8
quora-drift,ARC,800,1,20000,0.6577,0.01892960316253611,13154,249,29.619495361112058,14.25005029886961,74.54201113432646,128.3750170841813,15.81081876065582,32243.546231193843,0.6202791670802981,6603.328125,1600,761.13695,6046,388.5280914742058,388.5280914742058,189.74242633798278,0.8
quora-drift,ARC,800,2,20000,0.6621,0.025147258722247396,13242,333,30.44142207945697,15.083991456776857,77.21218862570817,130.87961589917467,16.080141701968387,31461.834839900108,0.6356908330926672,6602.47265625,1600,762.63505,5958,377.3078431461392,377.54064737894345,193.66295549569378,0.8
quora-drift,ARC,800,3,20000,0.66515,0.024806434638803276,13303,330,30.00070537091233,15.083933249115944,76.58510003238914,128.2117108348751,15.939657640410587,31756.22650104641,0.6297977500362322,6561.515625,1600,761.30415,5897,362.7507243087681,362.7507243087681,181.25198307955617,0.8
quora-drift,ARC,800,4,20000,0.65575,0.019214639725505148,13115,252,29.22153896652162,15.83306584507227,61.12707778811452,106.21061897836599,14.110335143050179,32609.16752743788,0.6133244580123574,6563.4453125,1600,761.506,6085,377.13473627478373,377.13473627478373,190.46791547589808,0.8
quora-drift,ARC,800,5,20000,0.66265,0.027390024900022635,13253,363,29.849150840891525,15.583005733788013,62.166014686226845,114.04529330320602,14.048292848747224,31976.51434523246,0.6254590410972014,6562.203125,1600,761.2273,5947,358.6716091713476,358.6716091713476,174.14912459140032,0.8
quora-drift,ARC,800,6,20000,0.6592,0.023134101941747573,13184,305,24.14038209244609,14.875084161758423,55.627035908400984,71.79245818406336,11.623074259841815,39674.95956430351,0.5040962919592857,6561.44921875,1600,759.4272,6016,352.7851215279441,352.7851215279441,176.14498814279906,0.8
quora-drift,ARC,800,7,20000,0.65915,0.017901843283016007,13183,236,25.077284214785323,15.3339933604002,57.45794624090195,76.37663045898053,12.168008991284296,38212.54150335382,0.5233883749460801,6563.51953125,1600,762.24305,6017,363.3007853588768,363.3007853588768,182.68613904698933,0.8
quora-drift,ARC,800,8,20000,0.6587,0.021178078032488234,13174,279,27.162830461747944,16.208039596676826,65.29405363835392,115.41977291926682,13.26072130468674,35310.02533574652,0.5664113749517128,6561.34765625,1600,761.9264,6026,341.9174815604541,341.9174815604541,159.80928738928583,0.8
quora-drift,ARC,800,9,20000,0.6557,0.022952569772761933,13114,301,27.581697510322556,16.208039596676826,66.00003689527512,114.0011870302258,13.609949528472498,34718.96225643025,0.576054083998315,6561.28515625,1600,759.8041,6086,343.11391536567714,343.11391536567714,169.2143014689944,0.8
quora-drift,ARC,1600,0,20000,0.6886,0.10470519895440024,13772,1442,33.57028808677569,22.124964743852615,91.46106895059344,116.66742153465741,13.757053902372718,28453.333700148953,0.7029053330188617,15619.83984375,3200,1420.63845,4628,283.26507170346935,283.26507170346935,108.55167868883983,0.8
quora-drift,ARC,1600,1,20000,0.6865,0.028332119446467588,13730,389,29.289110493846238,19.7909539565444,69.082947447896,118.58526268042604,11.392938008066267,32783.85768918063,0.6100563328946009,15547.609375,3200,1420.1776,4670,330.97691578175477,332.15337926237703,126.86321093505812,0.8
quora-drift,ARC,1600,2,20000,0.69065,0.03851444291609354,13813,532,27.202479331754148,17.791055142879486,65.41691836901009,105.62751907855233,10.569757455959916,35208.45235741532,0.5680454169632867,15619.12890625,3200,1421.7342,4587,291.6763913626745,291.6763913626745,115.56466938004026,0.8
quora-drift,ARC,1600,3,20000,0.6966,0.03323284524834912,13932,463,31.886201916495338,21.33304951712489,83.00004992634058,109.75121287628988,12.615619349526241,29938.46897930147,0.6680368329398334,15545.6796875,3200,1418.55995,4468,310.074637912552,311.13693574050484,117.61105531922001,0.8
quora-drift,ARC,1600,4,20000,0.6876,0.0295956951716114,13752,407,35.88879810995422,23.56251934543252,92.6669454202056,114.41693757660687,15.147781017003581,26725.507323236394,0.7483487500576302,15547.609375,3200,1421.8086,4648,339.5290976719161,339.5290976719161,130.11357389821617,0.8
quora-drift,ARC,1600,5,20000,0.6968,0.045421928817451204,13936,633,31.87578913057223,21.582935005426407,78.70793342590332,118.00080770626651,13.250895100645721,29955.50482665522,0.6676569170085713,15547.85546875,3200,1420.9679,4464,358.3712555750625,358.3712555750625,130.63299597128682,0.8
quora-drift,ARC,1600,6,20000,0.6913,0.05663243165051352,13826,783,32.71776721230708,20.041014067828655,102.66597382724285,132.25084752775714,14.444793638540432,29121.043165611067,0.6867885839892551,15547.33203125,3200,1414.56855,4574,303.51830111716265,306.73002750152745,115.7774975343094,0.8
quora-drift,ARC,1600,7,20000,0.69165,0.03000072290898576,13833,415,32.97413660911843,22.500054910779,87.79193740338087,117.25167976692292,13.78882029093802,28901.76542924989,0.691999249975197,15547.93359375,3200,1423.5175,4567,318.35371334677575,326.36182541639164,131.86162410369423,0.8
quora-drift,ARC,1600,8,20000,0.69045,0.031139112173220365,13809,430,29.08663962734863,19.582919776439667,74.66599345207214,108.16735797561698,12.3330554633867,32804.62754597182,0.6096700830385089,15547.76953125,3200,1423.5662,4591,317.71827887181877,318.73395285301,115.48786078717879,0.8
quora-drift,ARC,1600,9,20000,0.6874,0.03956939191155077,13748,544,29.16427204036154,18.582912161946297,72.20800034701824,92.91825583204607,12.571920279879123,32675.90768634911,0.6120717499870807,15547.76953125,3200,1414.14575,4652,342.9740523307927,345.9503391900915,134.69403809431628,0.8
quora-drift,ARC-exact,50,0,20000,0.32295,0.008205604582752749,6459,53,16.30997148458846,19.91703175008297,22.20796886831522,28.459836030378806,9.932944166939706,58062.63851086451,0.34445558302104473,424.16796875,100,49.92585,13491,0.0,0.0,0.0,0.8
quora-drift,ARC-exact,50,1,20000,0.3401,0.0008820935019112026,6802,6,19.463505694875494,24.04197584837675,26.958994567394257,34.042265033349196,11.747656017541885,48513.03509220926,0.4122603329597041,424.1953125,100,49.9269,13148,0.0,0.0,0.0,0.8
quora-drift,ARC-exact,50,2,20000,0.34495,0.022756921292941008,6899,157,17.56637683720328,18.417020328342915,26.333960704505444,29.958389932289652,10.638199374079704,53831.77378175776,0.3715277910232544,424.05859375,100,49.9214,13051,0.0,0.0,0.0,0.8
quora-drift,ARC-exact,50,3,20000,0.34155,0.008929878495095887,6831,61,17.892314796335995,18.542050383985043,26.5840208157897,31.666947761550546,10.840399685548618,52844.83566040071,0.37846650008577853,424.140625,100,49.9089,13119,0.0,0.0,0.0,0.8
quora-drift,ARC-exact,50,4,20000,0.3471,0.003025064822817632,6942,21,15.529233659617603,18.332968465983868,24.833017960190773,32.334827119484416,9.42835335736163,60892.485930175375,0.32844775007106364,424.22265625,100,49.92875,13008,0.0,0.0,0.0,0.8
quora-drift,ARC-exact,50,5,20000,0.35675,0.0037841625788367205,7135,27,15.340644546085969,18.249964341521263,22.249994799494743,35.74998117983341,9.181065164739266,61675.48398736295,0.3242779579013586,424.2265625,100,49.92475,12815,0.0,0.0,0.0,0.8
quora-drift,ARC-exact,50,6,20000,0.3453,0.002172024326672459,6906,15,16.79812225047499,18.08302477002144,27.04199869185686,49.418485723435474,10.11673005996272,56306.53093265519,0.35519858298357576,424.1953125,100,49.92645,13044,0.0,0.0,0.0,0.8
quora-drift,ARC-exact,50,7,20000,0.3566,0.003224901850813236,7132,23,16.604560054838657,18.37499439716339,28.08608114719388,60.62544533051544,10.049119271570817,57015.197336695914,0.3507836670614779,424.25390625,100,49.91735,12818,0.0,0.0,0.0,0.8
quora-drift,ARC-exact,50,8,20000,0.35115,0.0014238929232521715,7023,10,17.327321198536083,18.791062757372856,29.211008222773643,63.12671350315186,10.510090878233314,54638.084667343006,0.36604504205752164,424.25390625,100,49.91825,12927,0.0,0.0,0.0,0.8
quora-drift,ARC-exact,50,9,20000,0.33685,0.0037108505269407748,6737,25,17.169799137627706,18.541933968663216,29.957969672977924,63.50126815959791,10.504610103089362,55126.84222887492,0.36279966693837196,424.25390625,100,49.9126,13213,0.0,0.0,0.0,0.8
quora-drift,ARC-exact,100,0,20000,0.3514,0.008110415480933409,7028,57,17.135904758470133,18.750084564089775,28.833048418164253,59.66733791865402,10.284200793830678,55170.39722409786,0.3625132499728352,831.3984375,200,99.6909,12872,0.0,0.0,0.0,0.8
quora-drift,ARC-exact,100,1,20000,0.3718,0.00457235072619688,7436,34,17.622045270400122,19.082974176853895,29.333989368751645,62.54265899769935,10.447849793126807,53626.803076545795,0.37294783303514123,831.63671875,200,99.6691,12464,0.0,0.0,0.0,0.8
quora-drift,ARC-exact,100,2,20000,0.367,0.006948228882833788,7340,51,17.586115148151293,18.958933651447296,31.04202914983034,65.74997678399086,10.41940946597606,53704.28674200674,0.3724097500089556,831.31640625,200,99.6486,12560,0.0,0.0,0.0,0.8
quora-drift,ARC-exact,100,3,20000,0.3643,0.010705462530881142,7286,78,18.361167731927708,19.08303238451481,34.66901835054156,68.45927913673202,10.975471267011017,51519.1937309298,0.3882048330269754,831.48046875,200,99.61675,12614,0.0,0.0,0.0,0.8
quora-drift,ARC-exact,100,4,20000,0.3649,0.006166072896684023,7298,45,18.84627045947127,18.50002445280552,43.669086880981894,77.04327930696289,11.24954327242449,50124.774216443286,0.39900429104454815,831.63671875,200,99.66045,12602,0.0,0.0,0.0,0.8
quora-drift,ARC-exact,100,5,20000,0.38145,0.0045877572421025034,7629,35,18.641195655800402,18.416962120682,43.04409958422181,75.5843392107635,11.049409402767196,50602.05375259464,0.39524087496101856,831.47265625,200,99.6228,12271,0.0,0.0,0.0,0.8
quora-drift,ARC-exact,100,6,20000,0.3671,0.0031326614001634433,7342,23,18.430946016451344,18.415972590446472,41.29105363972485,72.99997378140688,11.034789885161445,51156.65726678066,0.39095595898106694,831.41796875,200,99.60925,12558,0.0,0.0,0.0,0.8
quora-drift,ARC-exact,100,7,20000,0.37605,0.004786597526924611,7521,36,18.465893593383953,18.50002445280552,41.291932575404644,71.33344304747872,10.99623219924979,51149.712282047156,0.3910090420395136,831.5,200,99.62955,12379,0.0,0.0,0.0,0.8
quora-drift,ARC-exact,100,8,20000,0.3709,0.0036397950930169855,7418,27,18.47023808513768,18.749968148767948,37.37491206265986,71.62582245655345,10.961158166173846,51162.02268195373,0.3909149590181187,831.5546875,200,99.63985,12482,0.0,0.0,0.0,0.8
quora-drift,ARC-exact,100,9,20000,0.36085,0.0044339753360121935,7217,32,18.705333437537774,18.70805863291025,38.83300814777613,71.00120885297636,11.219223903026432,50549.744259481726,0.395649875048548,831.63671875,200,99.6195,12683,0.0,0.0,0.0,0.8
quora-drift,ARC-exact,200,0,20000,0.3998,0.06615807903951976,7996,529,17.161725740879774,19.33402381837368,28.708018362522125,56.542820530012115,9.763104352168739,54720.16108983852,0.3654960000421852,1650.453125,400,198.48435,11804,0.0,0.0,0.0,0.8
quora-drift,ARC-exact,200,1,20000,0.39965,0.0087576629550857,7993,70,17.125132773071527,19.417027942836285,29.083044501021504,57.66691290773451,9.743796556722373,55250.13220214333,0.3619900840567425,1651.48046875,400,198.33715,11807,0.0,0.0,0.0,0.8
quora-drift,ARC-exact,200,2,20000,0.3992,0.010646292585170341,7984,85,16.688238957431167,19.291997887194157,28.461054898798437,58.95795882679522,9.513108362443745,56664.63450391912,0.3529538339935243,1651.26171875,400,198.39795,11816,0.0,0.0,0.0,0.8
quora-drift,ARC-exact,200,3,20000,0.3978,0.01583710407239819,7956,126,17.0279334357474,19.83309630304575,28.75004429370165,55.20840641111129,9.669084229972214,55543.20613479422,0.3600800420390442,1651.42578125,400,198.2372,11844,0.0,0.0,0.0,0.8
quora-drift,ARC-exact,200,4,20000,0.3997,0.010257693269952465,7994,82,16.29533906816505,19.707949832081795,26.958109810948372,41.12541326321655,9.197076509008184,58103.621261871216,0.34421262505929917,1650.53515625,400,198.38555,11806,0.0,0.0,0.0,0.8
quora-drift,ARC-exact,200,5,20000,0.41625,0.013933933933933934,8325,116,16.57151832478121,20.042061805725098,27.791946195065975,45.166934141889215,9.354997100308537,57142.62597052276,0.3500014159362763,1650.64453125,400,198.34175,11475,0.0,0.0,0.0,0.8
quora-drift,ARC-exact,200,6,20000,0.40715,0.009578779319661059,8143,78,16.836460446938872,19.165920093655586,28.540962375700474,55.0410570576787,9.537089546211064,56193.310605262275,0.35591425001621246,1650.3125,400,198.1495,11657,0.0,0.0,0.0,0.8
quora-drift,ARC-exact,200,7,20000,0.4117,0.009837260140879281,8234,81,16.975852462928742,18.834020011126995,29.541022377088666,56.999968364834785,9.562560979975387,55713.2356104757,0.3589811250567436,1650.34375,400,198.34075,11566,0.0,0.0,0.0,0.8
quora-drift,ARC-exact,200,8,20000,0.4083,0.0073475385745775165,8166,60,16.57425255398266,18.95800232887268,28.166925767436624,57.2936097159979,9.421879780711606,57008.06028202698,0.3508275829954073,1651.42578125,400,198.41355,11634,0.0,0.0,0.0,0.8
quora-drift,ARC-exact,200,9,20000,0.40205,0.010322099241387887,8041,83,17.569825134705752,19.875005818903446,29.502151301130624,60.291449772193964,10.0106660858728,53837.26201538531,0.37148991704452783,1650.42578125,400,198.3336,11759,0.0,0.0,0.0,0.8
quora-drift,ARC-exact,400,0,20000,0.46015,0.06432684994023688,9203,592,19.055931392358616,22.332998923957348,34.24996975809336,61.666020192205906,10.245573753491044,49165.01410267816,0.40679333393927664,3299.78515625,800,392.38315,10397,0.0,0.0,0.0,0.8
quora-drift,ARC-exact,400,1,20000,0.4722,0.018424396442185513,9444,174,19.823315739631653,22.542080841958523,36.70801525004208,71.62499241530895,10.577119397930801,47536.26468321555,0.4207314170198515,3299.7578125,800,391.98545,10156,0.0,0.0,0.0,0.8
quora-drift,ARC-exact,400,2,20000,0.45685,0.021232351975484294,9137,194,21.10548291238956,21.95802517235279,40.99996294826269,83.25124275870601,11.309655639342964,44614.80279149654,0.4482817080570385,3299.359375,800,392.4336,10463,0.0,0.0,0.0,0.8
quora-drift,ARC-exact,400,3,20000,0.46305,0.03131411294676601,9261,290,20.62989268451929,21.3750172406435,38.961018435656996,78.58374505303787,11.101146176224574,45568.38449706908,0.4389007909921929,3301.98828125,800,391.92725,10339,0.0,0.0,0.0,0.8
quora-drift,ARC-exact,400,4,20000,0.4599,0.012828875842574472,9198,118,21.359068498713896,22.16600114479661,37.74999640882015,83.54415884241429,11.427767743589357,44107.589003337926,0.4534367090091109,3300.56640625,800,392.07355,10402,0.0,0.0,0.0,0.8
quora-drift,ARC-exact,400,5,20000,0.47605,0.026047684066799706,9521,248,22.107884037541226,21.95802517235279,44.58608455024657,90.79279028810548,11.74593631294556,42583.30558479826,0.469667625031434,3299.87890625,800,392.1066,10079,0.0,0.0,0.0,0.8
quora-drift,ARC-exact,400,6,20000,0.4652,0.016981943250214963,9304,158,22.70618781913072,22.124964743852615,47.83301264978945,91.16693399846554,12.043416476808488,41426.289935959525,0.4827852079179138,3299.671875,800,391.38915,10296,0.0,0.0,0.0,0.8
quora-drift,ARC-exact,400,7,20000,0.47355,0.020589166930630346,9471,195,21.86416347976774,21.58398274332285,48.58302418142557,88.33478670567261,11.72974014771171,43015.019506480894,0.46495387493632734,3299.94921875,800,392.0404,10129,0.0,0.0,0.0,0.8
quora-drift,ARC-exact,400,8,20000,0.4677,0.014111610006414367,9354,132,20.652696170145646,21.541956812143326,41.08297289349139,77.79447711072822,10.921152104856446,45588.32303435697,0.43870883306954056,3299.796875,800,392.364,10246,0.0,0.0,0.0,0.8
quora-drift,ARC-exact,400,9,20000,0.4585,0.016357688113413305,9170,150,21.287370077334344,21.875021047890186,42.33292420394719,77.29280390776681,11.308914597611874,44240.80558907469,0.4520713340025395,3300.55859375,800,391.84865,10430,0.0,0.0,0.0,0.8
quora-drift,ARC-exact,800,0,20000,0.5562,0.11263933836749371,11124,1253,22.791718650842085,16.207923181355,45.252148993313284,86.58442180603735,10.507486120332032,41154.08041925329,0.4859785420121625,6610.46875,1600,761.64015,8076,0.0,0.0,0.0,0.8
quora-drift,ARC-exact,800,1,20000,0.5642,0.019230769230769232,11284,217,23.477748926961794,16.417005099356174,49.83805702067906,96.66989557445002,10.67564808181487,40167.37075908189,0.4979165830882266,6610.27734375,1600,761.13695,7916,0.0,0.0,0.0,0.8
quora-drift,ARC-exact,800,2,20000,0.56985,0.02965692726156006,11397,338,23.749165394110605,16.812526155263186,50.46010483056304,97.75040787644677,10.67466075764969,39624.17461042411,0.5047423749929294,6609.59375,1600,762.63505,7803,0.0,0.0,0.0,0.8
quora-drift,ARC-exact,800,3,20000,0.5656,0.030144978783592645,11312,341,24.193459894740954,17.25007314234972,51.12495273351669,99.95792177505791,10.905133612686768,38912.297537358085,0.5139763330807909,6610.33203125,1600,761.30415,7888,0.0,0.0,0.0,0.8
quora-drift,ARC-exact,800,4,20000,0.5541,0.023912651146002526,11082,265,23.576469119871035,18.167076632380486,48.210035311058135,91.00290481001092,10.464597406098619,40075.75994275768,0.4990547909401357,6610.49609375,1600,761.506,8118,0.0,0.0,0.0,0.8
quora-drift,ARC-exact,800,5,20000,0.57505,0.033301452047648034,11501,383,23.002178134629503,17.000013031065464,47.08716296590859,87.46044244617184,10.009710642043501,40958.41671159422,0.4883001249982044,6610.88671875,1600,761.2273,7699,0.0,0.0,0.0,0.8
quora-drift,ARC-exact,800,6,20000,0.56385,0.023233129378380776,11277,262,22.76569182286039,16.833015251904726,46.08609597198662,87.95848116278641,10.112753789871931,41471.92504695553,0.4822539580054581,6610.50390625,1600,759.4272,7923,0.0,0.0,0.0,0.8
quora-drift,ARC-exact,800,7,20000,0.5691,0.02345809172377438,11382,267,21.963523793965578,16.33400097489357,44.74993911571801,78.58344004489474,9.663087106309831,43013.932473796536,0.4649656250840053,6610.91015625,1600,762.24305,7818,0.0,0.0,0.0,0.8
quora-drift,ARC-exact,800,8,20000,0.55985,0.022148789854425293,11197,248,21.436045016162097,16.50000922381878,41.16701893508434,67.6676107104865,9.149959060596302,44193.238678409005,0.45255791605450213,6610.38671875,1600,761.9264,8003,0.0,0.0,0.0,0.8
quora-drift,ARC-exact,800,9,20000,0.5579,0.02652805162215451,11158,296,21.98395393206738,16.666948795318604,43.83309278637171,72.9159323964268,9.33070071041584,43079.59118486677,0.4642569590359926,6610.60546875,1600,759.8041,8042,0.0,0.0,0.0,0.8
quora-drift,ARC-exact,1600,0,20000,0.68285,0.10419565058211906,13657,1423,28.608219581656158,22.916938178241253,61.958032893016934,98.16698729991913,7.692471391055734,33306.059386853565,0.6004913330543786,15547.9375,3105,1420.63845,4743,0.0,0.0,0.0,0.8
quora-drift,ARC-exact,1600,1,20000,0.6805,0.02777369581190301,13610,378,28.44233177602291,22.833002731204033,61.62491627037525,97.83424204215387,7.764983258675784,33622.463199521364,0.5948404161026701,15619.8125,3098,1420.1776,4790,0.0,0.0,0.0,0.8
quora-drift,ARC-exact,1600,2,20000,0.68315,0.03827856254116958,13663,523,29.60475263535045,23.875036276876926,62.916119350120425,98.58689736574841,7.975404179887845,32281.236302184298,0.619554957957007,15547.3359375,3131,1421.7342,4737,0.0,0.0,0.0,0.8
quora-drift,ARC-exact,1600,3,20000,0.69315,0.0323883719252687,13863,449,29.684138286393136,23.91706220805645,64.29199129343033,97.58294327184558,7.884320034645497,32211.053263818787,0.6209048749879003,15619.6484375,3072,1418.55995,4537,0.0,0.0,0.0,0.8
quora-drift,ARC-exact,1600,4,20000,0.6804,0.028145208700764257,13608,383,31.13525979570113,25.62499139457941,68.66699550300837,106.87581030651914,8.273737388662994,30753.560268148314,0.6503312080167234,15619.7578125,3107,1421.8086,4792,0.0,0.0,0.0,0.8
quora-drift,ARC-exact,1600,5,20000,0.6902,0.04440741813966966,13804,613,30.40576378116384,24.707987904548645,64.00211714208123,98.08294591493905,8.10021978104487,31429.288131040095,0.6363491249503568,15619.921875,3071,1420.9679,4596,0.0,0.0,0.0,0.8
quora-drift,ARC-exact,1600,6,20000,0.68385,0.05629889595671565,13677,770,28.608574386453256,22.666994482278824,63.12709301710126,100.91831558383981,7.727074052672833,33315.132668486905,0.600327790947631,15546.71484375,3119,1414.56855,4723,0.0,0.0,0.0,0.8
quora-drift,ARC-exact,1600,7,20000,0.684,0.02850877192982456,13680,390,28.20663371239789,22.332998923957348,59.95812825858593,98.67606917396027,7.676135795190931,33857.41794650714,0.5907125000376254,15548.1796875,3116,1423.5175,4720,0.0,0.0,0.0,0.8
quora-drift,ARC-exact,1600,8,20000,0.68265,0.028491906540687027,13653,389,27.725866256514564,22.6249685510993,57.37494211643934,92.79271354898783,7.64878976624459,34429.75116370214,0.5808929580962285,15619.80859375,3122,1423.5662,4747,0.0,0.0,0.0,0.8
quora-drift,ARC-exact,1600,9,20000,0.68175,0.03887055372203887,13635,530,27.457549155224115,21.916930563747883,56.333024986088276,90.83472425118062,7.831974036525936,34721.70477230553,0.5760085840011016,15619.91796875,3111,1414.14575,4765,0.0,0.0,0.0,0.8
quora-drift,LRU-batch,50,0,20000,0.37285,0.004023065575968888,7457,30,8.989358477992937,7.083057425916195,26.54106356203556,39.91747624240809,2.7273511281237006,102688.22788953542,0.19476429198402911,103.56640625,0,45.46945,12500,,,,0.8
quora-drift,LRU-batch,50,1,20000,0.38205,0.0030100772150242114,7641,23,9.025309036951512,7.041962817311287,26.667024940252304,38.87586295604692,2.7592527854721993,101909.0972543799,0.1962533330079168,103.56640625,0,45.4959,12310,,,,0.8
quora-drift,LRU-batch,50,2,20000,0.3823,0.004446769552707298,7646,34,9.351165447151288,7.291906513273716,28.1248998362571,39.667417295277055,2.859128185082227,98449.84565880691,0.20314912497997284,103.53515625,0,45.4805,12310,,,,0.8
quora-drift,LRU-batch,50,3,20000,0.3939,0.004696623508504696,7878,37,9.87370703369379,7.333001121878624,29.082992114126682,44.791027903556824,3.139844222459942,93247.24829454315,0.2144835409708321,103.50390625,0,45.4483,12080,,,,0.8
quora-drift,LRU-batch,50,4,20000,0.3844,0.0014308012486992717,7688,11,9.735824808012694,7.292022928595543,28.791953809559345,44.918659841641514,3.0268786009401083,94378.61304222458,0.21191241696942598,103.56640625,0,45.49475,12270,,,,0.8
quora-drift,LRU-batch,50,5,20000,0.3965,0.00201765447667087,7930,16,9.573382383678108,7.166992872953415,28.915941948071122,44.667340116575296,2.998210780788213,96071.18888592737,0.2081789580406621,103.19140625,0,45.50365,12020,,,,0.8
quora-drift,LRU-batch,50,6,20000,0.38545,0.0041509923466078605,7709,32,10.006312478799373,7.249996997416019,29.75005190819502,49.792210338637034,3.144614165648818,91693.32934622651,0.2181183750508353,103.56640625,0,45.4737,12250,,,,0.8
quora-drift,LRU-batch,50,7,20000,0.3959,0.001641828744632483,7918,13,10.572537640109658,7.166992872953415,32.04098902642727,58.583404170349176,3.356679732678458,86925.48369608457,0.23008212493732572,103.56640625,0,45.4926,12040,,,,0.8
quora-drift,LRU-batch,50,8,20000,0.38385,0.001823629021753289,7677,14,10.947013850091025,7.792026735842228,33.70794584043324,55.252923630177506,3.437410481274128,84002.55368338608,0.23808799998369068,103.53515625,0,45.4811,12280,,,,0.8
quora-drift,LRU-batch,50,9,20000,0.37595,0.0022609389546482243,7519,17,10.321824153652415,7.207971066236496,31.250063329935074,51.75123689696173,3.2442659430671483,89117.37592417607,0.22442312503699213,103.19140625,0,45.45565,12440,,,,0.8
quora-drift,LRU-batch,100,0,20000,0.46525,0.005265986029016657,9305,49,9.992092731408775,7.207971066236496,27.256278553977516,62.584470724686916,2.838466258253902,91798.28248476518,0.21786899992730469,205.4140625,0,90.32345,10600,,,,0.8
quora-drift,LRU-batch,100,1,20000,0.4695,0.004153354632587859,9390,39,9.962118009570986,7.249996997416019,25.794096291065188,61.667773406952485,2.806366392178461,92034.93290584357,0.21730879100505263,205.1015625,0,90.34625,10520,,,,0.8
quora-drift,LRU-batch,100,2,20000,0.4637,0.007332326935518654,9274,68,9.980251762317494,7.333001121878624,26.377104222774477,62.251610215753054,2.8056874754838645,92052.81192977692,0.21726658404804766,205.4140625,0,90.2745,10640,,,,0.8
quora-drift,LRU-batch,100,3,20000,0.47755,0.004711548528949848,9551,45,9.937543579144403,7.416936568915844,23.583066649734974,61.04193278588341,2.826188725885004,92422.36684788976,0.21639783401042223,205.4140625,0,90.30405,10360,,,,0.8
quora-drift,LRU-batch,100,4,20000,0.4652,0.002472055030094583,9304,23,10.007619200041518,7.582944817841053,22.58814056403929,60.62627537175993,2.782217093044892,91897.12411558654,0.21763466694392264,205.4140625,0,90.32935,10600,,,,0.8
quora-drift,LRU-batch,100,5,20000,0.47765,0.0037684497016643986,9553,36,9.106422966578975,7.334048859775066,14.666933566331863,53.25040780007833,2.4624175566714257,100814.56047029987,0.19838404201436788,205.1015625,0,90.3283,10360,,,,0.8
quora-drift,LRU-batch,100,6,20000,0.4701,0.008296107211231652,9402,78,9.020283201243728,7.375027053058147,13.166043208912015,52.084604976698486,2.4465960392262787,101703.08170966004,0.1966508749173954,205.4140625,0,90.2447,10500,,,,0.8
quora-drift,LRU-batch,100,7,20000,0.4714,0.002969876962240136,9428,28,8.953026443487033,7.292022928595543,13.1669279653579,52.62632970698158,2.4638041388243437,102502.73235702734,0.19511674996465445,205.0703125,0,90.2901,10480,,,,0.8
quora-drift,LRU-batch,100,8,20000,0.4644,0.0022609819121447027,9288,21,8.855094632599503,7.2909751906991005,10.791001841425896,50.66697485744953,2.540792996296659,103876.09277982872,0.19253708398900926,205.3828125,0,90.3206,10620,,,,0.8
quora-drift,LRU-batch,100,9,20000,0.467,0.003533190578158458,9340,33,8.96196008543484,7.4999406933784485,11.167023330926895,52.46073123998914,2.448260481469333,102467.3933239542,0.19518404197879136,205.4140625,0,90.3142,10560,,,,0.8
quora-drift,LRU-batch,200,0,20000,0.5435,0.05050597976080957,10870,549,9.317488339729607,7.792026735842228,11.666910722851753,83.87616253457944,2.2239684883970767,97615.97387322997,0.20488450000993907,408.78515625,0,179.5728,8960,,,,0.8
quora-drift,LRU-batch,200,1,20000,0.5434,0.004600662495399337,10868,50,9.272629057522863,7.58306123316288,11.95794902741909,81.37531345710151,2.200143050868064,99143.48313987309,0.20172783290036023,408.78515625,0,179.25955,8960,,,,0.8
quora-drift,LRU-batch,200,2,20000,0.54355,0.010762579339527182,10871,117,9.504317661048844,7.9160090535879135,11.791940778493881,82.24998600780964,2.2706359217409045,96792.67406076004,0.2066272080410272,408.4453125,0,179.55375,8960,,,,0.8
quora-drift,LRU-batch,200,3,20000,0.55575,0.007377417903733694,11115,82,9.380835189949721,7.7909789979457855,11.625001206994057,80.71294985711495,2.212469989899546,98068.86086050243,0.20393833296839148,408.4140625,0,179.1419,8720,,,,0.8
quora-drift,LRU-batch,200,4,20000,0.5448,0.005965491923641704,10896,65,9.425360552268103,7.6249707490205765,12.500095181167126,84.29368608631167,2.2742516186553985,97562.26487198003,0.20499729097355157,408.4140625,0,179.36365,8920,,,,0.8
quora-drift,LRU-batch,200,5,20000,0.5517,0.005256479970998732,11034,58,8.823281450895593,7.458031177520752,10.999973164871335,80.58387436904,2.0783604064490646,104426.07733660641,0.19152304204180837,408.73046875,0,179.15115,8800,,,,0.8
quora-drift,LRU-batch,200,6,20000,0.54465,0.01019003029468466,10893,111,9.261134319240227,7.95791856944561,11.167023330926895,83.29556207172499,2.1759487804956734,99442.85054034239,0.20112054201308638,408.703125,0,179.34515,8920,,,,0.8
quora-drift,LRU-batch,200,7,20000,0.5473,0.005207381691942262,10946,57,9.696673339931294,7.833004929125309,13.25004268437624,83.79368227906498,2.2865149134304374,94887.31355872037,0.21077633299864829,408.7578125,0,179.4265,8880,,,,0.8
quora-drift,LRU-batch,200,8,20000,0.54425,0.0044097381717960495,10885,48,9.676307754125446,7.625087164342403,13.794004917144745,84.79110896587372,2.342649857746437,95000.27424764128,0.21052570804022253,408.47265625,0,179.4078,8920,,,,0.8
quora-drift,LRU-batch,200,9,20000,0.54485,0.0078003120124804995,10897,85,9.784540231339633,7.833004929125309,13.499986380338669,85.12789965607179,2.393033530097455,93992.52644740869,0.21278287493623793,408.38671875,0,179.3384,8920,,,,0.8
quora-drift,LRU-batch,400,0,20000,0.6127,0.09319405908274848,12254,1142,11.81730714160949,9.00006853044033,20.666979253292084,54.95887249708162,2.7233351836912334,76810.07747878098,0.2603825000114739,818.1328125,0,354.98765,7360,,,,0.8
quora-drift,LRU-batch,400,1,20000,0.61165,0.009319055015123028,12233,114,11.929048836464062,9.167008101940155,20.711054094135733,51.919006509706044,2.7330956887453794,76851.82877268392,0.26024104200769216,818.39453125,0,354.4161,7440,,,,0.8
quora-drift,LRU-batch,400,2,20000,0.61215,0.016335865392469166,12243,200,11.876903922529891,9.37492586672306,19.166088895872235,49.837565748020275,2.6394684449769557,77265.78306451421,0.2588467909954488,818.4765625,0,355.1124,7360,,,,0.8
quora-drift,LRU-batch,400,3,20000,0.62005,0.013627933231191033,12401,169,11.152689665323123,9.042094461619854,15.208031982183456,43.46045549027582,2.4170718563254923,82269.04878584702,0.24310479208361357,818.3671875,0,354.3818,7200,,,,0.8
quora-drift,LRU-batch,400,4,20000,0.6116,0.008502289077828646,12232,104,11.18827840546146,8.999952115118504,15.374977374449372,45.08653422817548,2.5143019622191787,82000.62364478857,0.24390058405697346,818.1640625,0,354.8464,7440,,,,0.8
quora-drift,LRU-batch,400,5,20000,0.6179,0.008415601229972487,12358,104,11.23490267782472,9.125098586082458,15.125027857720852,45.12544372119003,2.4713968043215573,81837.76221008548,0.24438595899846405,818.16015625,0,354.5334,7280,,,,0.8
quora-drift,LRU-batch,400,6,20000,0.6142,0.014246173884728102,12284,175,10.918105248128995,9.25001222640276,13.708951883018017,37.211717572062604,2.356742473784834,84182.19960127048,0.23757991706952453,818.078125,0,354.25235,7360,,,,0.8
quora-drift,LRU-batch,400,7,20000,0.61315,0.007583788632471663,12263,93,10.898373741656542,9.25001222640276,13.500102795660496,36.207959055900574,2.3672660579904914,84318.02452424809,0.23719720798544586,818.39453125,0,354.2677,7360,,,,0.8
quora-drift,LRU-batch,400,8,20000,0.6131,0.008236829228510847,12262,101,10.793985956115648,9.207986295223236,13.37495632469654,36.667394451796945,2.3068263835739344,85285.63412150113,0.23450608307030052,818.53125,0,354.81,7360,,,,0.8
quora-drift,LRU-batch,400,9,20000,0.6127,0.011588052880692019,12254,142,10.637109697563574,9.333016350865364,12.999982573091984,28.042836347594726,2.215322689153254,86437.94107660007,0.2313798749819398,818.50390625,0,354.66225,7360,,,,0.8
quora-drift,LRU-batch,800,0,20000,0.6626,0.11915182613945065,13252,1579,12.795752158854157,11.582975275814533,16.166060231626034,27.666529640555314,1.9973021349869668,72340.74298284987,0.27646937500685453,1642.109375,0,691.3926,6080,,,,0.8
quora-drift,LRU-batch,800,1,20000,0.6615,0.01345427059712774,13230,178,12.890112970490009,11.792057193815708,16.25006552785635,27.333047473803163,1.9929693255107848,72538.71613190376,0.2757148329401389,1641.97265625,0,690.62055,6080,,,,0.8
quora-drift,LRU-batch,800,2,20000,0.66675,0.017547806524184476,13335,234,13.198514725081623,12.042000889778137,16.583013348281384,28.127919649704825,2.0160293381195515,70805.71279809767,0.28246308397501707,1641.640625,0,693.23165,5920,,,,0.8
quora-drift,LRU-batch,800,3,20000,0.6704,0.02028639618138425,13408,272,13.225869310554117,12.082979083061218,16.79093111306429,29.667670605703922,1.9929124042391777,70736.03183975734,0.2827413339400664,1642.3125,0,691.6323,5920,,,,0.8
quora-drift,LRU-batch,800,4,20000,0.661,0.015431164901664145,13220,204,13.220802909927443,11.958996765315533,16.874988796189427,32.50001464039087,2.0636483968701214,70776.86612946226,0.2825782080180943,1642.421875,0,690.23195,6080,,,,0.8
quora-drift,LRU-batch,800,5,20000,0.66925,0.017781098244303326,13385,238,13.21477351593785,12.124888598918915,16.95798709988594,29.66808970086243,1.9849878503009675,70742.7560335238,0.28271445899736136,1641.65625,0,689.8547,5920,,,,0.8
quora-drift,LRU-batch,800,6,20000,0.6655,0.020886551465063862,13310,278,13.435757294064388,12.25003506988287,17.125043086707592,31.249948078766465,2.0153109275270253,69629.44820260094,0.287234790972434,1641.80859375,0,688.94775,5920,,,,0.8
quora-drift,LRU-batch,800,7,20000,0.665,0.014285714285714285,13300,190,13.48914034315385,12.25003506988287,17.08406489342451,32.585315639152924,2.0431023032870144,69422.79008065171,0.288089832989499,1642.0546875,0,692.2983,5920,,,,0.8
quora-drift,LRU-batch,800,8,20000,0.6654,0.01547941088067328,13308,206,13.548672350589186,12.417091056704521,17.583020962774754,29.000408248975805,1.9250215322244912,69448.09166752218,0.2879848750308156,1641.859375,0,691.6178,5920,,,,0.8
quora-drift,LRU-batch,800,9,20000,0.66215,0.017292154345692062,13243,229,13.603175181197003,12.37494871020317,17.708982340991497,27.126673376187416,1.9345783395692704,69166.27833343786,0.28915824997238815,1642.09375,0,689.07715,6080,,,,0.8
quora-drift,LRU-batch,1600,0,20000,0.68885,0.10205414821804457,13777,1406,16.654860449489206,15.66705759614706,23.082946427166462,28.33292935974896,1.6718972998205572,56804.538885713904,0.3520845409948379,3289.91796875,0,1298.15225,4800,,,,0.8
quora-drift,LRU-batch,1600,1,20000,0.68685,0.035815680279537014,13737,492,18.81756572984159,17.834012396633625,24.75001383572817,27.417088858783245,2.086325245909393,49953.29890422633,0.4003739580512047,3289.7265625,0,1295.8992,4800,,,,0.8
quora-drift,LRU-batch,1600,2,20000,0.6918,0.04466608846487424,13836,618,18.912649125559255,17.583020962774754,24.916959227994084,35.000443458557065,2.2448887350037694,49648.96123620553,0.4028281660284847,3289.38671875,0,1299.8152,4800,,,,0.8
quora-drift,LRU-batch,1600,3,20000,0.6961,0.031748312024134466,13922,442,14.60838137427345,13.167038559913635,21.292013116180897,25.334364036098055,1.580167020438239,64462.61820083532,0.3102573329815641,3288.8671875,0,1297.2358,4480,,,,0.8
quora-drift,LRU-batch,1600,4,20000,0.68595,0.026532546103943438,13719,364,20.080961962230504,19.3954911082983,26.04199107736349,31.209788285195696,2.2290906810667366,47071.72672322118,0.4248834999743849,3289.25,0,1297.48845,4800,,,,0.8
quora-drift,LRU-batch,1600,5,20000,0.6954,0.039473684210526314,13908,549,19.886367669096217,19.0419377759099,26.665983023121953,37.04195958562195,2.4037242808844894,47316.03718466452,0.4226896669715643,3289.37109375,0,1298.0798,4800,,,,0.8
quora-drift,LRU-batch,1600,6,20000,0.6913,0.03782728193259077,13826,523,13.641184085281566,12.958073057234287,17.333077266812325,19.291997887194157,1.6990795556921512,68499.12275739087,0.2919745420804247,3289.5625,0,1294.1164,4800,,,,0.8
quora-drift,LRU-batch,1600,7,20000,0.6916,0.029063042220936957,13832,402,13.305725436657667,12.37494871020317,16.95798709988594,19.041006453335285,1.6605449258349836,70294.90911525115,0.28451562498230487,3289.359375,0,1300.77345,4800,,,,0.8
quora-drift,LRU-batch,1600,8,20000,0.6907,0.027218763573186623,13814,376,17.178024747408926,16.125035472214222,23.875036276876926,26.16702113300562,2.015272277640179,54631.46179685307,0.366089417017065,3290.0,0,1301.47005,4800,,,,0.8
quora-drift,LRU-batch,1600,9,20000,0.68835,0.03007191109174112,13767,414,18.4616184909828,17.291982658207417,24.124979972839355,26.87494270503521,2.0794178475625813,50892.980980354274,0.39298149989917874,3289.38671875,0,1291.7256,4800,,,,0.8
wildchat,LRU,50,0,20000,0.27265,0.0,5453,0,12.102659657830372,13.665994629263878,15.166937373578548,21.417462266981534,5.005567631451413,76627.21484321452,0.2610038749407977,104.859375,0,49.9153,14497,,,,0.8
wildchat,LRU,50,1,20000,0.26945,0.0,5389,0,9.883545408956707,10.958057828247547,12.167030945420265,15.042433515191012,4.046856745844707,94139.9269793877,0.21244970802217722,104.859375,0,49.88925,14561,,,,0.8
wildchat,LRU,50,2,20000,0.274,0.0,5480,0,10.413822857663035,10.66701952368021,14.874967746436596,18.707943381741643,4.281035874737427,89241.49190902423,0.22411100007593632,104.859375,0,49.90415,14470,,,,0.8
wildchat,LRU,50,3,20000,0.27935,0.0,5587,0,10.018100327579305,10.499963536858559,14.25005029886961,23.752095876261258,4.102821490960196,92787.74413503498,0.21554570796433836,104.859375,0,49.922,14363,,,,0.8
wildchat,LRU,50,4,20000,0.28325,0.0,5665,0,10.082892345963046,10.459101758897305,14.499993994832039,23.084207205101645,4.093646421097219,92243.72471377495,0.2168169169453904,104.859375,0,49.87905,14285,,,,0.8
wildchat,LRU,50,5,20000,0.2791,0.0,5582,0,10.38837306550704,10.750023648142815,14.792080037295818,25.04106145352125,4.229444614611566,89675.64321331402,0.22302599996328354,104.8671875,0,49.93035,14368,,,,0.8
wildchat,LRU,50,6,20000,0.27285,0.0,5457,0,9.899705887073651,10.582967661321163,14.125020243227482,19.45801661349833,4.042888205731288,93870.76691587007,0.21305887505877763,104.7421875,0,49.90275,14493,,,,0.8
wildchat,LRU,50,7,20000,0.27935,0.0,5587,0,10.3813968191389,10.999967344105244,14.749937690794468,21.74999099224806,4.331483115674928,89694.91369429386,0.22297808399889618,104.921875,0,49.92445,14363,,,,0.8
wildchat,LRU,50,8,20000,0.287,0.0,5740,0,10.347539017675444,10.791001841425896,14.62490763515234,18.667909316718447,4.2113292729482055,89827.46935601435,0.22264904202893376,104.859375,0,49.90675,14210,,,,0.8
wildchat,LRU,50,9,20000,0.26965,0.0,5393,0,10.24974980391562,10.83302777260542,14.542019926011562,18.417439423501424,4.228606750257313,90821.6235236123,0.22021187492646277,104.7421875,0,49.93275,14557,,,,0.8
wildchat,LRU,100,0,20000,0.28405,0.0,5681,0,10.461505298735574,11.167023330926895,14.832941815257072,19.58304550498724,4.205860907677561,88995.32092918018,0.22473091608844697,208.0234375,0,99.58175,14219,,,,0.8
wildchat,LRU,100,1,20000,0.28295,0.0,5659,0,10.601756803225726,11.249911040067673,15.086092753335803,20.125065930187702,4.193722805939615,87846.10678672972,0.2276708750287071,208.15625,0,99.54575,14241,,,,0.8
wildchat,LRU,100,2,20000,0.2852,0.0,5704,0,10.211484920000657,10.91696321964264,14.583929441869259,19.167388090863756,4.064427298726514,91214.2090690402,0.219264084007591,207.84375,0,99.6017,14196,,,,0.8
wildchat,LRU,100,3,20000,0.2904,0.0,5808,0,10.469330864725634,11.166906915605068,15.042023733258247,22.166783455759152,4.209554160479456,88959.84245549684,0.22482054203283042,208.2109375,0,99.65045,14092,,,,0.8
wildchat,LRU,100,4,20000,0.2951,0.0,5902,0,10.580377344740555,11.040945537388325,14.959019608795643,22.875448921695284,4.237644706154242,87990.05405711157,0.2272984170122072,207.84375,0,99.576,13998,,,,0.8
wildchat,LRU,100,5,20000,0.2906,0.0,5812,0,10.73718246188946,11.082971468567848,15.3339933604002,23.12591765075909,4.274876817362383,86649.5592335619,0.2308147920994088,207.84375,0,99.6897,14088,,,,0.8
wildchat,LRU,100,6,20000,0.2872,0.0,5744,0,11.98789402260445,10.83302777260542,19.83607653528449,49.16687263175832,4.871462500886992,77614.88165749545,0.2576825419673696,208.0625,0,99.6407,14156,,,,0.8
wildchat,LRU,100,7,20000,0.2914,0.0,5828,0,12.227644835365936,10.91696321964264,19.502080976963015,47.62837197631544,4.969974246341735,75960.50883177166,0.26329470810014755,208.15625,0,99.62765,14072,,,,0.8
wildchat,LRU,100,8,20000,0.2987,0.0,5974,0,11.939159146277234,10.624993592500687,21.208898397162557,46.668194700032274,4.869295872049406,77707.19725655935,0.25737641693558544,207.84375,0,99.5857,13926,,,,0.8
wildchat,LRU,100,9,20000,0.2844,0.0,5688,0,12.087939225602895,10.832911357283592,20.460993982851477,47.12492343969643,5.024983960902318,77008.47753787073,0.25971166603267193,208.2109375,0,99.71385,14212,,,,0.8
wildchat,LRU,200,0,20000,0.29255,0.0,5851,0,12.245070451172069,10.95794141292572,21.919095888733835,49.000442959368165,4.793182667344809,76116.07555977187,0.2627565839793533,413.8359375,0,198.24525,13949,,,,0.8
wildchat,LRU,200,1,20000,0.29355,0.0,5871,0,12.586507358355448,11.416967026889324,22.33598497696218,50.71015795692768,4.939589480636641,74161.03009767947,0.2696834169328213,413.7734375,0,198.15335,13929,,,,0.8
wildchat,LRU,200,2,20000,0.2935,0.0,5870,0,12.020288099301979,11.209049262106419,17.666956409811974,43.54189266450703,4.657041444443166,77646.7846740036,0.2575766670051962,413.7421875,0,198.52795,13930,,,,0.8
wildchat,LRU,200,3,20000,0.2986,0.0,5972,0,12.270682584494352,11.457945220172405,18.75212765298781,43.99998695589602,4.725419019814581,76082.36677036037,0.2628729999996722,414.0859375,0,198.63165,13828,,,,0.8
wildchat,LRU,200,4,20000,0.3042,0.0,6084,0,12.125935161020607,11.208001524209976,18.794042989611597,46.375384554266866,4.663690825691447,76995.09960329765,0.2597567910561338,413.7734375,0,198.4326,13716,,,,0.8
wildchat,LRU,200,5,20000,0.30035,0.0,6007,0,12.508611753582954,11.499971151351929,21.37707197107372,50.375415012240346,4.8408915812615305,74551.72281193515,0.26827012503053993,414.140625,0,198.5868,13793,,,,0.8
wildchat,LRU,200,6,20000,0.2986,0.0,5972,0,12.582142680184916,11.041993275284767,23.085047723725406,49.58521341904978,4.91336026461795,74151.32657258573,0.26971870800480247,414.0859375,0,198.47035,13828,,,,0.8
wildchat,LRU,200,7,20000,0.30065,0.0,6013,0,13.98084569373168,11.709053069353104,27.419184334576098,59.5008174423127,5.569578724680468,66838.692735317,0.299227875075303,413.7734375,0,198.46195,13787,,,,0.8
wildchat,LRU,200,8,20000,0.3079,0.0,6158,0,13.653173815691844,10.999967344105244,29.250048100948334,60.29362091794584,5.250818358035758,68312.01855282027,0.2927742500323802,413.7421875,0,198.1871,13642,,,,0.8
wildchat,LRU,200,9,20000,0.2963,0.0,5926,0,13.757654052460566,11.292053386569023,26.796205202117502,59.584449045360024,5.335429031401873,67959.193910132,0.29429424996487796,414.0859375,0,198.71125,13874,,,,0.8
wildchat,LRU,400,0,20000,0.3008,0.0,6016,0,16.19576164521277,13.959011994302273,30.710129067301718,63.16789891570793,6.3299617322627455,57666.150112207855,0.3468239159556106,829.83984375,0,393.6596,13584,,,,0.8
wildchat,LRU,400,1,20000,0.3022,0.0,6044,0,15.757740673143417,13.83305061608553,28.542010113596916,62.58385372348116,6.207092647673562,59333.74147591139,0.3370763330021873,830.05859375,0,392.7813,13556,,,,0.8
wildchat,LRU,400,2,20000,0.30165,0.0,6033,0,15.055575006408617,13.499986380338669,24.461024440824957,57.29143624193959,5.708964797668159,61986.04040288455,0.32265329209621996,830.15234375,0,394.21445,13567,,,,0.8
wildchat,LRU,400,3,20000,0.3069,0.0,6138,0,14.306682767346501,13.499986380338669,22.583111422136426,51.332986913621426,5.4598987742792815,65235.43749669729,0.30658183293417096,830.02734375,0,394.2963,13462,,,,0.8
wildchat,LRU,400,4,20000,0.3124,0.0,6248,0,13.545428874203935,13.54096457362175,20.08292358368635,39.95834966190153,5.032523191766813,68971.2251840716,0.2899760000873357,829.80859375,0,393.6738,13352,,,,0.8
wildchat,LRU,400,5,20000,0.3089,0.0,6178,0,14.350613649003208,14.124903827905655,20.707963267341256,44.91698928177357,5.362335307290778,65270.867427885634,0.30641541606746614,830.15234375,0,394.0022,13422,,,,0.8
wildchat,LRU,400,6,20000,0.3076,0.0,6152,0,14.2043087631464,13.750046491622925,20.79101395793259,45.586117776110434,5.349314748309553,65751.79445275603,0.3041742079658434,829.83984375,0,393.84165,13448,,,,0.8
wildchat,LRU,400,7,20000,0.30875,0.0,6175,0,14.101618208223954,13.749930076301098,20.875013433396816,45.04409967921641,5.313476186711341,66369.1944168458,0.30134462495334446,829.80859375,0,393.90055,13425,,,,0.8
wildchat,LRU,400,8,20000,0.316,0.0,6320,0,13.537470920709893,13.375072740018368,20.37500962615013,46.000420115888055,5.008174903923646,69046.12073156274,0.2896614579949528,830.15234375,0,392.7133,13280,,,,0.8
wildchat,LRU,400,9,20000,0.30555,0.0,6111,0,14.318055694457144,13.791956007480621,21.415995433926582,47.70804662257433,5.381896591279656,65380.57625081675,0.30590124998707324,830.15234375,0,394.4076,13489,,,,0.8
wildchat,LRU,800,0,20000,0.3106,0.0,6212,0,16.893157712183893,15.95797948539257,24.75001383572817,49.70931098796407,5.208585731452331,55950.68128613432,0.357457667007111,1665.30078125,0,776.33935,12988,,,,0.8
wildchat,LRU,800,1,20000,0.31135,0.0,6227,0,16.96662066387944,16.167061403393745,24.377083173021646,49.375407397746976,5.209569697035477,55807.06185768039,0.35837758402340114,1665.64453125,0,772.8787,12973,,,,0.8
wildchat,LRU,800,2,20000,0.31145,0.0,6229,0,17.18585072667338,16.625039279460907,24.667009711265564,47.917421907186444,5.152264365460724,55107.71611349892,0.3629255830310285,1665.33203125,0,776.0236,12971,,,,0.8
wildchat,LRU,800,3,20000,0.31635,0.0,6327,0,17.28941339533776,16.666948795318604,25.250017642974854,49.043921753763684,5.220939213177189,54755.31049920485,0.3652613749727607,1665.30078125,0,776.5962,12873,,,,0.8
wildchat,LRU,800,4,20000,0.32175,0.0,6435,0,16.83244790765457,16.125035472214222,24.58296366967261,48.29376121051583,4.945366160245612,56164.74142737808,0.3560952920233831,1665.64453125,0,775.65995,12765,,,,0.8
wildchat,LRU,800,5,20000,0.31835,0.0,6367,0,17.629941034829244,16.70804340392351,27.169077657163115,50.916417967528034,5.248047428904101,53676.61317285588,0.37260174995753914,1665.64453125,0,776.4316,12833,,,,0.8
wildchat,LRU,800,6,20000,0.3168,0.0,6336,0,17.270189960254356,16.37497916817665,26.04094333946705,52.584303775802056,4.915355105185881,54973.6052767995,0.3638109579915181,1665.30078125,0,775.083,12864,,,,0.8
wildchat,LRU,800,7,20000,0.319,0.0,6380,0,17.974721640348434,17.332960851490498,26.211090153083177,51.16719170473496,5.1387744781095535,52748.05846090096,0.37916087498888373,1665.69921875,0,776.2465,12820,,,,0.8
wildchat,LRU,800,8,20000,0.3253,0.0,6506,0,18.30444078077562,17.70805101841688,26.666029589250684,48.83471992798137,5.111439648317173,51875.9533988856,0.3855350830126554,1665.51953125,0,772.44765,12694,,,,0.8
wildchat,LRU,800,9,20000,0.3149,0.0,6298,0,18.978158419486135,18.707942217588425,27.54189190454781,46.3749747723341,4.989419830963016,50252.58203023238,0.3979895000811666,1665.30078125,0,777.7971,12902,,,,0.8
wildchat,LRU,1600,0,20000,0.3219,0.0,6438,0,27.707603573799133,25.958986952900887,50.16902578063306,63.959246035665075,4.745141766034067,34868.16206437347,0.5735891660442576,3336.80859375,0,1508.0696,11962,,,,0.8
wildchat,LRU,1600,1,20000,0.3227,0.0,6454,0,29.450024390826,26.958994567394257,52.50209360383448,67.54102651029825,4.831034247763455,32913.20992097444,0.6076587500283495,3336.87109375,0,1499.39905,11946,,,,0.8
wildchat,LRU,1600,2,20000,0.3229,0.0,6458,0,32.23619495984167,27.667032554745674,59.33293141424656,99.50046893209212,5.765348073327914,29997.125886784957,0.6667305419687182,3336.49609375,0,1505.64535,11942,,,,0.8
wildchat,LRU,1600,3,20000,0.32795,0.0,6559,0,33.922170934965834,29.75005190819502,61.04202475398779,99.41735886968665,6.019242573529482,28493.600338970544,0.70191199996043,3336.86328125,0,1505.0136,11841,,,,0.8
wildchat,LRU,1600,4,20000,0.33355,0.0,6671,0,34.77068424690515,30.791969038546085,63.20809479802847,101.75001807510853,6.033310305792838,27803.861585259958,0.7193245419766754,3336.78125,0,1503.59165,11729,,,,0.8
wildchat,LRU,1600,5,20000,0.32995,0.0,6599,0,34.671238937880844,30.749943107366562,61.70792621560395,102.45888493955123,6.276685994816944,27895.285040589155,0.7169670419534668,3336.4375,0,1506.2563,11801,,,,0.8
wildchat,LRU,1600,6,20000,0.3283,0.0,6566,0,31.56659795786254,27.250032871961594,61.33604911155996,100.00119800679366,6.085531908320263,30517.634374667712,0.6553587920498103,3336.80859375,0,1495.1815,11834,,,,0.8
wildchat,LRU,1600,7,20000,0.3298,0.0,6596,0,30.348268419038504,26.792054995894432,59.999991208314896,98.04415283724633,6.195788516197354,31689.709169947135,0.6311197080649436,3336.84375,0,1509.7179,11804,,,,0.8
wildchat,LRU,1600,8,20000,0.33705,0.0,6741,0,26.04499488370493,23.833010345697403,49.794046208262415,70.16700692474842,5.28480710927397,36869.176996949165,0.5424585420405492,3336.46875,0,1496.3246,11659,,,,0.8
wildchat,LRU,1600,9,20000,0.32695,0.0,6539,0,25.43811858049594,23.125088773667812,43.833983363583684,74.95838450267904,5.961729004047811,37633.25994238288,0.5314447919372469,3336.75,0,1506.2714,11861,,,,0.8
wildchat,LFU,50,0,20000,0.09335,0.0,1867,0,11.354713974287733,10.292045772075653,15.374971553683281,34.458844456821545,4.896946460939944,82208.16624884798,0.2432848330354318,114.8828125,0,49.9153,18083,,,,0.8
wildchat,LFU,50,1,20000,0.09675,0.0,1935,0,11.32625913596712,10.415911674499512,14.9579718708992,32.16716344468276,4.872943309601396,82488.71219324355,0.24245741590857506,112.9765625,0,49.88925,18015,,,,0.8
wildchat,LFU,50,2,20000,0.09745,0.0,1949,0,12.649512779898942,10.958989150822163,15.708967112004757,42.41697140969336,5.468036397360265,73743.3556049249,0.27121087501291186,116.4609375,0,49.90415,18001,,,,0.8
wildchat,LFU,50,3,20000,0.0976,0.0,1952,0,13.090070791076869,11.354510206729174,18.08302477002144,49.91816240362803,5.716120032593608,71238.83444004845,0.2807457499438897,115.109375,0,49.922,17998,,,,0.8
wildchat,LFU,50,4,20000,0.09875,0.0,1975,0,13.257076207082719,12.999982573091984,18.70805863291025,48.87665389105651,5.836011387873441,70378.65190636215,0.28417708294000477,115.9140625,0,49.87905,17975,,,,0.8
wildchat,LFU,50,5,20000,0.0957,0.0,1914,0,13.128975435392931,13.25004268437624,17.749960534274578,47.66695317812264,5.717688531149179,71072.5845971543,0.28140245797112584,112.96484375,0,49.93035,18036,,,,0.8
wildchat,LFU,50,6,20000,0.10105,0.0,2021,0,13.239270262420177,13.459008187055588,17.208047211170197,45.58342159725719,5.771724984515458,70395.38291147747,0.2841095420299098,114.23046875,0,49.90275,17929,,,,0.8
wildchat,LFU,50,7,20000,0.10135,0.0,2027,0,12.078951246803626,10.375049896538258,15.541911125183105,38.75208320096102,5.207046424038708,77255.12539519231,0.2588824999984354,115.74609375,0,49.92445,17923,,,,0.8
wildchat,LFU,50,8,20000,0.1005,0.0,2010,0,12.176811922108755,10.66701952368021,15.332945622503757,36.83352842926973,5.213769437978044,76551.36115646,0.2612625000765547,114.1171875,0,49.90675,17940,,,,0.8
wildchat,LFU,50,9,20000,0.1063,0.0,2126,0,11.670018651057035,10.292045772075653,15.624921070411801,39.0036974567914,5.01176361576654,79986.28236917192,0.2500428749481216,115.453125,0,49.93275,17824,,,,0.8
wildchat,LFU,100,0,20000,0.1165,0.0,2330,0,12.234070512931794,10.875053703784943,15.624921070411801,37.500471808016236,5.144780763657764,76281.35999429613,0.26218724995851517,221.96875,0,99.58175,17570,,,,0.8
wildchat,LFU,100,1,20000,0.11765,0.0,2353,0,12.17712985817343,10.95794141292572,15.333062037825584,30.957977287471294,5.141007073689252,76668.03272915406,0.2608649170724675,223.203125,0,99.54575,17547,,,,0.8
wildchat,LFU,100,2,20000,0.11395,0.0,2279,0,12.814209301723167,10.791933164000511,16.0830095410347,42.166910134255886,5.366920295637101,72883.80725803717,0.27440937503706664,221.44140625,0,99.6017,17621,,,,0.8
wildchat,LFU,100,3,20000,0.12415,0.0,2483,0,13.00242078723386,10.91696321964264,17.50001683831215,48.45974617637681,5.501180270221084,71556.47864893381,0.27949949994217604,223.7734375,0,99.65045,17417,,,,0.8
wildchat,LFU,100,4,20000,0.1213,0.0,2426,0,12.87356442771852,10.666903108358383,19.00207716971633,49.667590064927666,5.401318805525079,72503.32525549686,0.2758494169684127,223.78125,0,99.576,17474,,,,0.8
wildchat,LFU,100,5,20000,0.12035,0.0,2407,0,13.761786796385422,13.582990504801273,20.041060633957386,51.585638429969286,5.9139547345694155,67681.48465501818,0.29550179198849946,221.25,0,99.6897,17493,,,,0.8
wildchat,LFU,100,6,20000,0.11795,0.0,2359,0,13.669608224881813,10.750023648142815,25.752070359885664,56.958068162202835,5.868656100938097,67931.94648992413,0.2944122910266742,220.29296875,0,99.6407,17541,,,,0.8
wildchat,LFU,100,7,20000,0.1215,0.0,2430,0,13.87607310898602,13.54096457362175,21.249987185001373,52.792323986068304,5.846908286912367,67273.41682729649,0.297294249990955,221.87890625,0,99.62765,17470,,,,0.8
wildchat,LFU,100,8,20000,0.1208,0.0,2416,0,13.12328353524208,10.915915481746197,19.91897006519136,49.125357763841684,5.559673975221813,70976.2353258186,0.28178445796947926,222.0859375,0,99.5857,17484,,,,0.8
wildchat,LFU,100,9,20000,0.1222,0.0,2444,0,13.086681411368772,10.832911357283592,21.541962632909417,51.33477272465798,5.47984701115638,71382.02450844354,0.28018258290831,220.16796875,0,99.71385,17456,,,,0.8
wildchat,LFU,200,0,20000,0.14035,0.0,2807,0,13.836006307974458,11.584023013710976,22.421195171773373,53.7914095912128,5.525570071768016,67635.46969837532,0.29570283298380673,430.484375,0,198.24525,16993,,,,0.8
wildchat,LFU,200,1,20000,0.14365,0.0,2873,0,13.894267147406936,11.417083442211151,23.586046881973715,54.2504154145717,5.610444815829396,67226.60827941452,0.29750125005375594,430.45703125,0,198.15335,16927,,,,0.8
wildchat,LFU,200,2,20000,0.14265,0.0,2853,0,13.494064920814708,11.208001524209976,21.296163322403967,54.79244515299791,5.411994777387008,69346.36412296796,0.28840733401011676,434.51953125,0,198.52795,16947,,,,0.8
wildchat,LFU,200,3,20000,0.14745,0.0,2949,0,13.974123453954235,11.499971151351929,24.291040608659387,56.45806551910937,5.673931440105662,66960.85740886192,0.29868195799645036,430.515625,0,198.63165,16851,,,,0.8
wildchat,LFU,200,4,20000,0.1452,0.0,2904,0,14.024661586154252,11.041993275284767,28.125010430812836,57.45890201069401,5.665009387303144,66705.55978828896,0.2998250829987228,435.30859375,0,198.4326,16896,,,,0.8
wildchat,LFU,200,5,20000,0.1446,0.0,2892,0,14.774030703119934,13.792014215141535,26.958994567394257,60.91637653298669,5.85512463003397,63351.12395538175,0.3157007918925956,435.4375,0,198.5868,16908,,,,0.8
wildchat,LFU,200,6,20000,0.13985,0.0,2797,0,14.71818124409765,13.833981938660145,26.124995201826096,60.50041527487331,5.8797969308216125,63554.40733199975,0.31469100003596395,435.203125,0,198.47035,17003,,,,0.8
wildchat,LFU,200,7,20000,0.14455,0.0,2891,0,14.160150865791366,11.708005331456661,23.50006252527237,57.292474666610296,5.609023524448276,66147.6737801535,0.30235379200894386,435.109375,0,198.46195,16909,,,,0.8
wildchat,LFU,200,8,20000,0.14845,0.0,2969,0,13.915637548780069,11.375057511031628,22.336095571517916,54.833432659506734,5.553199339192361,67210.87874584616,0.29757087503094226,432.9296875,0,198.1871,16831,,,,0.8
wildchat,LFU,200,9,20000,0.1483,0.0,2966,0,13.526529108639807,10.999967344105244,21.9189852941781,55.45835243538016,5.420238833175972,69201.01930880758,0.2890130839077756,433.828125,0,198.71125,16834,,,,0.8
wildchat,LFU,400,0,20000,0.17215,0.0,3443,0,16.34191803750582,13.791956007480621,28.961058706045122,63.37539758533233,6.40595288714394,57155.0434018943,0.34992537507787347,852.40625,0,393.6596,16157,,,,0.8
wildchat,LFU,400,1,20000,0.1787,0.0,3574,0,16.049711988307536,13.499986380338669,28.169085271656485,61.58342701382929,6.213362247217447,58274.61970255832,0.3432025829097256,850.3515625,0,392.7813,16026,,,,0.8
wildchat,LFU,400,2,20000,0.17465,0.0,3493,0,16.29762562806718,13.833981938660145,28.875074349343777,63.83463623933467,6.358762446325272,57447.82300952297,0.3481420000316575,852.4609375,0,394.21445,16107,,,,0.8
wildchat,LFU,400,3,20000,0.1794,0.0,3588,0,16.489920410094783,13.625016435980797,33.836066722869845,67.71005573682453,6.468200677772984,56726.59866774614,0.352568291942589,851.76953125,0,394.2963,16012,,,,0.8
wildchat,LFU,400,4,20000,0.18185,0.0,3637,0,16.67420717421919,13.95796425640583,32.33605530112979,66.5008707437663,6.5441073616966605,56039.4798127448,0.3568912500049919,850.1171875,0,393.6738,15963,,,,0.8
wildchat,LFU,400,5,20000,0.18325,0.0,3665,0,16.405726899392903,14.042016118764877,28.87711743824181,63.750802073627575,6.460707617225125,56975.89741236317,0.35102562501560897,856.60546875,0,394.0022,15935,,,,0.8
wildchat,LFU,400,6,20000,0.17725,0.0,3545,0,16.25752486870624,13.999990187585354,27.54410379566249,60.45921938493828,6.29348554648459,57518.383653187855,0.3477149170357734,850.02734375,0,393.84165,16055,,,,0.8
wildchat,LFU,400,7,20000,0.17195,0.0,3439,0,16.221660532755777,13.791956007480621,29.9159437417984,63.37498780339956,6.301560299471021,57683.41253114091,0.3467201249441132,851.24609375,0,393.90055,16161,,,,0.8
wildchat,LFU,400,8,20000,0.1894,0.0,3788,0,16.180155979236588,13.958895578980446,28.083036886528134,61.8755025789141,6.269452394917607,57772.38367174798,0.3461861659307033,855.671875,0,392.7133,15812,,,,0.8
wildchat,LFU,400,9,20000,0.1778,0.0,3556,0,16.085193492472172,14.208024367690086,25.546137476339876,59.79236681014293,6.246502633439377,58282.417274375635,0.34315666602924466,851.32421875,0,394.4076,16044,,,,0.8
wildchat,LFU,800,0,20000,0.2098,0.0,4196,0,18.47318795043975,16.50000922381878,31.169108115136595,66.58522645011524,5.9046311769634485,51052.69052506229,0.39175212499685585,1696.44921875,0,776.33935,15004,,,,0.8
wildchat,LFU,800,1,20000,0.21045,0.0,4209,0,18.610411282861605,16.583013348281384,30.796119244769155,68.25083517469453,6.011754518840462,50686.43691696654,0.39458287495654076,1694.140625,0,772.8787,14991,,,,0.8
wildchat,LFU,800,2,20000,0.21315,0.0,4263,0,18.04554334958084,16.874982975423336,26.209047064185143,55.127902887761124,5.514496663818136,52363.440237701056,0.3819458750076592,1699.71484375,0,776.0236,14937,,,,0.8
wildchat,LFU,800,3,20000,0.21245,0.0,4249,0,18.120361864566803,17.541053239256144,25.749910855665803,49.29220653139035,5.394636286655441,52225.26419341304,0.3829564159968868,1692.22265625,0,776.5962,14951,,,,0.8
wildchat,LFU,800,4,20000,0.21855,0.0,4371,0,18.195874121738598,17.625046893954277,25.79099964350462,48.9615451078858,5.514835630310699,52071.19138385196,0.3840895410394296,1698.51171875,0,775.65995,14829,,,,0.8
wildchat,LFU,800,5,20000,0.22085,0.0,4417,0,17.996848188340664,17.666956409811974,25.165965780615807,44.58528128452579,5.352912476519123,52605.32238640778,0.38018966699019074,1700.6015625,0,776.4316,14783,,,,0.8
wildchat,LFU,800,6,20000,0.21735,0.0,4347,0,17.991418548626825,17.167069017887115,26.29193477332592,52.292846376076206,5.29847705620341,52739.26655666156,0.37922408303711563,1694.453125,0,775.083,14853,,,,0.8
wildchat,LFU,800,7,20000,0.21265,0.0,4253,0,18.848754157079384,17.999904230237007,28.499984182417393,57.00038862414652,5.6839267374016345,50225.4337198974,0.3982046250021085,1696.8203125,0,776.2465,14947,,,,0.8
wildchat,LFU,800,8,20000,0.22495,0.0,4499,0,19.326374609954655,17.54099503159523,33.12493208795786,67.50046741217368,5.772931827232242,48940.73384323952,0.40865754208061844,1700.29296875,0,772.44765,14701,,,,0.8
wildchat,LFU,800,9,20000,0.2115,0.0,4230,0,20.173498993972316,18.08407250791788,37.921196781098786,71.21183443814469,6.009481701767072,46995.77554820668,0.42557016597129405,1696.078125,0,777.7971,14970,,,,0.8
wildchat,LFU,1600,0,20000,0.26595,0.0,5319,0,31.237115716794506,26.333960704505444,69.54413838684556,105.41594703681767,7.070586230838671,30712.648617537754,0.6511975000612438,3386.109375,0,1508.0696,13081,,,,0.8
wildchat,LFU,1600,1,20000,0.26425,0.0,5285,0,32.220478291856125,27.04199869185686,73.76043358817681,110.37665652111146,7.231800077715889,29733.419438117973,0.6726437920005992,3381.0390625,0,1499.39905,13115,,,,0.8
wildchat,LFU,1600,2,20000,0.2701,0.0,5402,0,32.8753667708952,27.208938263356686,77.00209971517322,114.62580063380288,7.3479451588355005,29155.79755798514,0.685969915939495,3386.61328125,0,1505.64535,12998,,,,0.8
wildchat,LFU,1600,3,20000,0.2703,0.0,5406,0,34.05259064165875,27.999980375170708,80.3791510406881,114.0833611134439,7.6507154561113575,28133.922639872715,0.7108855830738321,3385.390625,0,1505.0136,12994,,,,0.8
wildchat,LFU,1600,4,20000,0.281,0.0,5620,0,34.09712493303232,27.374946512281895,84.4999507535249,120.20802707411349,7.213291700463742,28151.46236094416,0.7104426670121029,3387.00390625,0,1503.59165,12780,,,,0.8
wildchat,LFU,1600,5,20000,0.27915,0.0,5583,0,34.7233047185,27.62500662356615,84.79192038066685,119.2088483367114,7.5794824922923,27607.57896800046,0.7244387500686571,3392.4296875,0,1506.2563,12817,,,,0.8
wildchat,LFU,1600,6,20000,0.2695,0.0,5390,0,33.181199547834694,26.16702113300562,81.37705735862252,116.95971945300671,7.762982579879463,28834.401777736646,0.6936159159522504,3383.0625,0,1495.1815,13010,,,,0.8
wildchat,LFU,1600,7,20000,0.2751,0.0,5502,0,32.1112280304078,25.915971491485834,77.37929117865855,118.20884072221803,7.430851744720712,29758.56135152079,0.6720755000133067,3390.72265625,0,1509.7179,12898,,,,0.8
wildchat,LFU,1600,8,20000,0.28465,0.0,5693,0,30.241817492060363,24.04197584837675,73.58303410001099,112.5900098122645,7.150206156075001,31604.669826411435,0.6328178750118241,3390.25,0,1496.3246,12707,,,,0.8
wildchat,LFU,1600,9,20000,0.26645,0.0,5329,0,29.535091092111543,23.8749198615551,67.2919035423547,110.83505465649036,7.255080965114757,32307.631089371633,0.6190487920539454,3382.8671875,0,1506.2714,13071,,,,0.8
wildchat,FIFO,50,0,20000,0.26535,0.0,5307,0,12.52774330205284,11.020514648407698,18.00206955522296,52.708388539031084,4.778613074449822,74053.9034303478,0.2700735420221463,104.5791015625,0,49.9153,14643,,,,0.8
wildchat,FIFO,50,1,20000,0.2637,0.0,5274,0,12.062506866641343,9.542098268866539,21.502090385183664,58.125836076214775,4.655915003968403,76813.88803953801,0.26036958303302526,104.6103515625,0,49.88925,14676,,,,0.8
wildchat,FIFO,50,2,20000,0.2667,0.0,5334,0,11.491743999067694,9.832903742790222,19.16697365231812,46.875398838892515,4.438665235647932,80640.87986324923,0.248013166943565,104.5791015625,0,49.90415,14616,,,,0.8
wildchat,FIFO,50,3,20000,0.2725,0.0,5450,0,11.56719180289656,10.25001984089613,15.583005733788013,41.08609398826923,4.365371452877298,79904.04866455935,0.2503002079902217,104.5791015625,0,49.922,14500,,,,0.8
wildchat,FIFO,50,4,20000,0.27635,0.0,5527,0,11.102555401157588,9.624985978007317,18.626992823556037,44.83522498048822,4.210513853468001,83179.16319873568,0.24044483294710517,104.6103515625,0,49.87905,14423,,,,0.8
wildchat,FIFO,50,5,20000,0.27265,0.0,5453,0,11.224664258770645,9.916024282574654,15.624921070411801,41.165981674566865,4.288331163115799,82407.0978055843,0.24269754101987928,104.6103515625,0,49.93035,14497,,,,0.8
wildchat,FIFO,50,6,20000,0.2669,0.0,5338,0,11.241384444292635,9.999959729611874,15.583058120682836,39.33446947485202,4.285385028924793,82274.12528502186,0.24308979196939617,104.6103515625,0,49.90275,14612,,,,0.8
wildchat,FIFO,50,7,20000,0.2718,0.0,5436,0,11.171956785256043,10.041054338216782,16.62492868490517,42.20842383801931,4.286647622939199,82839.63225097176,0.2414303330006078,104.5791015625,0,49.92445,14514,,,,0.8
wildchat,FIFO,50,8,20000,0.2801,0.0,5602,0,11.684314266312867,10.37493348121643,16.877037705853553,42.2092538792638,4.437202191911638,79032.36721364959,0.2530608749948442,104.5791015625,0,49.90675,14348,,,,0.8
wildchat,FIFO,50,9,20000,0.2637,0.0,5274,0,11.419047391973436,9.958050213754177,18.79094634205103,46.66694556362927,4.349155048839748,81159.30650191836,0.2464289169292897,104.5791015625,0,49.93275,14676,,,,0.8
wildchat,FIFO,100,0,20000,0.28005,0.0,5601,0,11.927212652517483,10.167015716433525,21.16914256475863,49.00044412352138,4.452661919640377,77540.64340810076,0.2579292500158772,207.7119140625,0,99.58175,14299,,,,0.8
wildchat,FIFO,100,1,20000,0.27885,0.0,5577,0,11.729253816884011,10.082963854074478,21.999934688210487,49.70940295606845,4.395658813882619,78976.75067101144,0.25323908403515816,207.7119140625,0,99.54575,14323,,,,0.8
wildchat,FIFO,100,2,20000,0.2812,0.0,5624,0,12.013119860785082,10.041985660791397,23.46013789065179,52.20942199230188,4.576951503986493,77119.00131716531,0.259339457959868,207.7119140625,0,99.6017,14276,,,,0.8
wildchat,FIFO,100,3,20000,0.2866,0.0,5732,0,12.351895397296175,10.167015716433525,23.707980290055275,53.75125212594847,4.6845659671816975,74988.44708187893,0.2667077500373125,207.6806640625,0,99.65045,14168,,,,0.8
wildchat,FIFO,100,4,20000,0.2913,0.0,5826,0,12.004963139770553,9.875046089291573,24.37504008412361,53.20931435562664,4.513962694909424,77075.22638406839,0.2594867500010878,207.7119140625,0,99.576,14074,,,,0.8
wildchat,FIFO,100,5,20000,0.28685,0.0,5737,0,12.27371325949207,10.041985660791397,23.792032152414322,55.16783799976097,4.615433275466785,75418.81014787273,0.26518583309371024,207.6806640625,0,99.6897,14163,,,,0.8
wildchat,FIFO,100,6,20000,0.2828,0.0,5656,0,12.203850137302652,9.875046089291573,23.044127738103242,54.00256137363573,4.527151043293998,75866.27432929332,0.26362174993846565,207.7119140625,0,99.6407,14244,,,,0.8
wildchat,FIFO,100,7,20000,0.28725,0.0,5745,0,12.136963312514126,9.833020158112049,24.37504008412361,53.460951894521244,4.544816736597568,76345.04481637568,0.2619685409590602,207.7119140625,0,99.62765,14155,,,,0.8
wildchat,FIFO,100,8,20000,0.29495,0.0,5899,0,12.07292906474322,9.917072020471096,20.838133059441983,52.37668985500905,4.510339687112719,76770.34820655939,0.26051725004799664,207.7119140625,0,99.5857,14001,,,,0.8
wildchat,FIFO,100,9,20000,0.27985,0.0,5597,0,12.215363438008353,10.08401159197092,20.62495914287865,52.375430241227086,4.636698984540999,75960.77342173563,0.2632937909802422,207.7119140625,0,99.71385,14303,,,,0.8
wildchat,FIFO,200,0,20000,0.2904,0.0,5808,0,12.749508174601942,10.458985343575478,21.666986867785454,54.543340811505715,4.529294982785359,72865.8612050644,0.2744769590208307,413.6416015625,0,198.24525,13992,,,,0.8
wildchat,FIFO,200,1,20000,0.2909,0.0,5818,0,12.99552078708075,10.750023648142815,20.249985391274095,54.79317042045275,4.522339662071317,71655.7156921731,0.279112417018041,413.6103515625,0,198.15335,13982,,,,0.8
wildchat,FIFO,200,2,20000,0.2914,0.0,5828,0,12.57146822172217,10.416959412395954,22.83393987454474,52.12537012994283,4.462538659572601,73860.20992086183,0.27078179200179875,413.6416015625,0,198.52795,13972,,,,0.8
wildchat,FIFO,200,3,20000,0.29665,0.0,5933,0,12.659033201634884,10.582967661321163,22.33304549008608,53.41643583960824,4.5289390662219375,73410.67027722065,0.2724399589933455,413.6416015625,0,198.63165,13867,,,,0.8
wildchat,FIFO,200,4,20000,0.30225,0.0,6045,0,12.527902150759473,10.37493348121643,26.671175146475374,55.1670091226697,4.449654452037066,74236.5123680192,0.2694092079764232,413.6416015625,0,198.4326,13755,,,,0.8
wildchat,FIFO,200,5,20000,0.29785,0.0,5957,0,13.363530288916081,10.833959095180035,26.249914662912488,58.50163986906383,4.77538735140115,69638.83255865231,0.2871960839256644,413.6416015625,0,198.5868,13843,,,,0.8
wildchat,FIFO,200,6,20000,0.2957,0.0,5914,0,13.74049493460916,10.874937288463116,27.04095677472651,67.62496195733547,4.867670027306303,67693.85525824496,0.2954477909952402,413.6416015625,0,198.47035,13886,,,,0.8
wildchat,FIFO,200,7,20000,0.298,0.0,5960,0,14.004334120545536,10.999967344105244,27.916976250708103,66.96093827485991,4.965604085009545,66514.63439008332,0.30068570899311453,413.6416015625,0,198.46195,13840,,,,0.8
wildchat,FIFO,200,8,20000,0.3059,0.0,6118,0,13.519206485943869,10.958989150822163,24.374929489567876,61.71011598780718,4.74573164829053,68512.70331461032,0.2919166670180857,413.6416015625,0,198.1871,13682,,,,0.8
wildchat,FIFO,200,9,20000,0.2934,0.0,5868,0,14.188393001677468,12.457952834665775,26.710989186540218,67.7499920129776,5.163610010640696,65393.49178482542,0.30584083299618214,413.6416015625,0,198.71125,13932,,,,0.8
wildchat,FIFO,400,0,20000,0.2987,0.0,5974,0,16.137810359941795,13.082986697554588,30.75005952268839,74.79144260287278,5.775075918063521,57762.48355136034,0.34624550002627075,829.7119140625,0,393.6596,13626,,,,0.8
wildchat,FIFO,400,1,20000,0.2997,0.0,5994,0,15.762478928081691,13.582990504801273,23.62497616559267,61.95882102474557,5.522650765487924,59038.28117314339,0.33876324992161244,829.7119140625,0,392.7813,13606,,,,0.8
wildchat,FIFO,400,2,20000,0.2997,0.0,5994,0,14.537776698125526,12.70900247618556,22.499944316223264,53.16678667440997,5.079871695488691,64008.978243360725,0.3124561670701951,829.7119140625,0,394.21445,13606,,,,0.8
wildchat,FIFO,400,3,20000,0.3049,0.0,6098,0,15.342966554453596,13.582990504801273,22.582942619919777,53.16949333064218,5.235124443424866,60825.716658502795,0.32880829193163663,829.7119140625,0,394.2963,13502,,,,0.8
wildchat,FIFO,400,4,20000,0.31015,0.0,6203,0,14.858850633027032,13.249926269054413,21.3750172406435,50.20877928473042,5.046127847163007,62566.41972772839,0.31966029200702906,829.7119140625,0,393.6738,13397,,,,0.8
wildchat,FIFO,400,5,20000,0.30635,0.0,6127,0,14.926770399324596,13.25004268437624,22.54107967019081,54.33342885226005,5.160842277109623,62459.661391178066,0.3202066670637578,829.7119140625,0,394.0022,13473,,,,0.8
wildchat,FIFO,400,6,20000,0.30475,0.0,6095,0,15.105376194696873,13.37495632469654,23.041083477437496,56.58683483488798,5.221960030030459,61686.37428060353,0.3242207089206204,829.7119140625,0,393.84165,13505,,,,0.8
wildchat,FIFO,400,7,20000,0.3066,0.0,6132,0,15.426713065244257,13.707904145121574,22.95807935297489,55.4181938059626,5.418303271289915,60461.335035345306,0.33078991703223437,829.7119140625,0,393.90055,13468,,,,0.8
wildchat,FIFO,400,8,20000,0.3138,0.0,6276,0,15.245844540186226,13.458076864480972,23.792032152414322,58.375475928187306,5.294298526132479,60930.94865985744,0.32824041706044227,829.7119140625,0,392.7133,13324,,,,0.8
wildchat,FIFO,400,9,20000,0.30275,0.0,6055,0,15.873115917202085,13.750046491622925,27.125002816319466,63.83421598002295,5.587739241309464,58843.69202775418,0.3398835000116378,829.7119140625,0,394.4076,13545,,,,0.8
wildchat,FIFO,800,0,20000,0.30795,0.0,6159,0,18.052923976210877,15.583005733788013,32.16606564819813,65.54310093633796,5.325614556204528,52011.91297797326,0.3845272910548374,1665.3291015625,0,776.33935,13041,,,,0.8
wildchat,FIFO,800,1,20000,0.30895,0.0,6179,0,18.95751771517098,16.415957361459732,33.87709730304775,69.6674128994345,5.5804451229050756,49577.40432349441,0.4034095829119906,1665.2041015625,0,772.8787,13021,,,,0.8
wildchat,FIFO,800,2,20000,0.30895,0.0,6179,0,18.848174245795235,16.417005099356174,34.04205199331045,68.58377368189382,5.544934957288206,49917.70854611203,0.4006594169186428,1665.2041015625,0,776.0236,13021,,,,0.8
wildchat,FIFO,800,3,20000,0.31395,0.0,6279,0,18.622758734272793,16.417005099356174,32.585120061412425,67.20880279317485,5.457679816754535,50542.24461146037,0.39570858306251466,1665.2041015625,0,776.5962,12921,,,,0.8
wildchat,FIFO,800,4,20000,0.3188,0.0,6376,0,17.98185640363954,15.874975360929966,31.83300723321736,62.376345740631024,5.161876330384985,52324.111728669064,0.38223295798525214,1665.2041015625,0,775.65995,12824,,,,0.8
wildchat,FIFO,800,5,20000,0.31595,0.0,6319,0,18.174553842982277,16.625039279460907,31.16606385447085,56.79245921783143,5.135978810722008,51868.957438392456,0.38558708305936307,1665.2041015625,0,776.4316,12881,,,,0.8
wildchat,FIFO,800,6,20000,0.31435,0.0,6287,0,17.736822133883834,16.29104372113943,29.87496554851532,55.625826353207096,5.016811739187688,53047.98820173128,0.3770171250216663,1665.5166015625,0,775.083,12913,,,,0.8
wildchat,FIFO,800,7,20000,0.3162,0.0,6324,0,17.788645083783194,16.79197885096073,28.87495793402195,48.37499000132084,4.88655039225705,53036.49978283055,0.3770987919997424,1665.3291015625,0,776.2465,12876,,,,0.8
wildchat,FIFO,800,8,20000,0.32255,0.0,6451,0,17.72528020082973,16.874982975423336,29.293121770024268,49.291901523247226,4.719101666705683,53374.01016468727,0.3747142089996487,1665.3291015625,0,772.44765,12749,,,,0.8
wildchat,FIFO,800,9,20000,0.3125,0.0,6250,0,18.680987803963944,17.7919864654541,30.291080474853516,49.00156869553003,4.998052422888577,50671.059003572904,0.39470262499526143,1665.2041015625,0,777.7971,12950,,,,0.8
wildchat,FIFO,1600,0,20000,0.3188,0.0,6376,0,28.12373066553846,24.834007490426302,56.83396593667567,93.37582392618047,5.297650588909164,34121.28624263039,0.5861443750327453,3336.3681640625,0,1508.0696,12024,,,,0.8
wildchat,FIFO,1600,1,20000,0.32015,0.0,6403,0,30.864801682764664,27.62500662356615,59.583038091659546,93.08343287557356,5.48943800968118,31140.796332065373,0.642244333983399,3336.3681640625,0,1499.39905,11997,,,,0.8
wildchat,FIFO,1600,2,20000,0.31975,0.0,6395,0,29.66350313508883,26.37505531311035,57.9610466957092,92.8343296982346,5.242795922094956,32413.409230046054,0.6170285840053111,3336.6806640625,0,1505.64535,12005,,,,0.8
wildchat,FIFO,1600,3,20000,0.3249,0.0,6498,0,31.62269535823725,28.416980057954788,59.54406224191186,96.50128544308225,5.457538476912305,30462.375059931277,0.6565476250834763,3336.6806640625,0,1505.0136,11902,,,,0.8
wildchat,FIFO,1600,4,20000,0.33055,0.0,6611,0,32.26848290069029,29.37507815659046,60.08609198033807,93.91856845468256,5.259329656837508,29887.875664443894,0.6691676659975201,3336.6806640625,0,1503.59165,11789,,,,0.8
wildchat,FIFO,1600,5,20000,0.32705,0.0,6541,0,31.601729424437508,28.29096047207713,58.91697946935892,91.75036218948655,5.3591376228723675,30468.783162848325,0.6564095419598743,3336.3681640625,0,1506.2563,11859,,,,0.8
wildchat,FIFO,1600,6,20000,0.32575,0.0,6515,0,28.2430169172585,25.91707743704319,51.04194860905409,73.29329964704792,4.70270001096651,34109.02706605043,0.5863550420617685,3336.3681640625,0,1495.1815,11885,,,,0.8
wildchat,FIFO,1600,7,20000,0.32705,0.0,6541,0,26.804923499003053,24.37504008412361,51.458016969263554,77.95986370183515,5.039828398730606,35850.70243585122,0.5578691250411794,3336.3681640625,0,1509.7179,11859,,,,0.8
wildchat,FIFO,1600,8,20000,0.3341,0.0,6682,0,26.53001904836856,24.666893295943737,49.66608830727637,76.29187428392457,5.006279336521402,36113.44680227022,0.5538103330181912,3336.6806640625,0,1496.3246,11718,,,,0.8
wildchat,FIFO,1600,9,20000,0.324,0.0,6480,0,25.526216335128993,23.20797648280859,48.95799793303013,82.25040626712136,5.283337726723403,37477.80025573593,0.5336492500500754,3336.6806640625,0,1506.2714,11920,,,,0.8
wildchat,RR,50,0,20000,0.24815,0.0,4963,0,10.376199055463076,9.832903742790222,14.916108921170235,29.333471320569448,4.072422703029588,89594.06064496672,0.22322908299975097,101.7724609375,0,49.9153,14987,,,,0.8
wildchat,RR,50,1,20000,0.24775,0.0,4955,0,11.546651023672894,10.082963854074478,18.041935982182622,48.58291940763593,4.646818258333951,80538.33175940327,0.24832895793952048,101.4599609375,0,49.88925,14995,,,,0.8
wildchat,RR,50,2,20000,0.25225,0.0,5045,0,12.337571964599192,10.08401159197092,23.95808696746826,55.08432281203548,4.9819141800981015,75207.31375209946,0.26593158300966024,101.6787109375,0,49.90415,14905,,,,0.8
wildchat,RR,50,3,20000,0.2544,0.0,5088,0,12.307841778965667,10.25001984089613,21.125073544681072,51.460189279168645,4.905312537448481,75154.19519167944,0.26611954194959253,101.7099609375,0,49.922,14862,,,,0.8
wildchat,RR,50,4,20000,0.2607,0.0,5214,0,12.045883917016909,10.124989785254002,24.250010028481483,52.37585050053881,4.8920727567747235,76947.1844769384,0.2599185419967398,101.7724609375,0,49.87905,14736,,,,0.8
wildchat,RR,50,5,20000,0.25515,0.0,5103,0,12.065890425583348,10.082963854074478,23.919157683849303,54.000775562599166,4.872041667113081,76955.20308511118,0.25989145890343934,101.3974609375,0,49.93035,14847,,,,0.8
wildchat,RR,50,6,20000,0.25145,0.0,5029,0,12.01998939504847,9.958050213754177,21.707965061068535,50.084787653758994,4.872852494008839,77044.68156468625,0.25958962505683303,101.7724609375,0,49.90275,14921,,,,0.8
wildchat,RR,50,7,20000,0.2534,0.0,5068,0,11.591957439668477,10.082963854074478,18.960103625431625,49.083037301898,4.6975857694633305,79963.2968465401,0.2501147500006482,101.7724609375,0,49.92445,14882,,,,0.8
wildchat,RR,50,8,20000,0.26595,0.0,5319,0,11.607501184334978,10.165967978537083,19.208109006285667,49.29407383315232,4.683561547426507,79811.3524371393,0.2505909170722589,101.3662109375,0,49.90675,14631,,,,0.8
wildchat,RR,50,9,20000,0.24885,0.0,4977,0,11.884058290161192,10.25001984089613,19.5410568267107,49.333507195115025,4.79282007436268,78066.90724610818,0.25619049998931587,101.7724609375,0,49.93275,14973,,,,0.8
wildchat,RR,100,0,20000,0.26595,0.0,5319,0,12.12427964201197,10.792049579322338,18.625054508447647,46.20804567821324,4.8023241688497365,76616.10919468467,0.26104170794133097,201.7490234375,0,99.58175,14581,,,,0.8
wildchat,RR,100,1,20000,0.26495,0.0,5299,0,12.131066934671253,10.750023648142815,18.291990272700787,48.62493369728327,4.782587266527116,76628.53598113614,0.2609993750229478,201.3740234375,0,99.54575,14601,,,,0.8
wildchat,RR,100,2,20000,0.26815,0.0,5363,0,11.924729007296264,10.624993592500687,19.586016424000235,47.41741809993976,4.757069546030834,78016.88870061557,0.2563547500176355,201.7177734375,0,99.6017,14537,,,,0.8
wildchat,RR,100,3,20000,0.27445,0.0,5489,0,11.628138984087855,10.582967661321163,18.417020328342915,46.08342424035066,4.546320019289851,79883.45003310067,0.2503647500416264,201.7490234375,0,99.65045,14411,,,,0.8
wildchat,RR,100,4,20000,0.27975,0.0,5595,0,11.735807324294,10.791001841425896,17.08301715552807,42.66599309630692,4.504590557189658,79174.56559486153,0.2526063749101013,201.3427734375,0,99.576,14305,,,,0.8
wildchat,RR,100,5,20000,0.2748,0.0,5496,0,11.732661811402068,10.791001841425896,16.749952919781208,43.79195161163807,4.523983778199181,79231.7295416143,0.2524241249775514,201.7490234375,0,99.6897,14404,,,,0.8
wildchat,RR,100,6,20000,0.27045,0.0,5409,0,12.22333592013456,11.08401920646429,17.332960851490498,44.665997847914696,4.8107569687999785,75983.21079173754,0.2632160419598222,201.7490234375,0,99.6407,14491,,,,0.8
wildchat,RR,100,7,20000,0.27475,0.0,5495,0,12.57725942414254,11.124997399747372,21.666986867785454,53.58399357646704,4.878268745960668,74034.806019124,0.2701432079775259,201.7490234375,0,99.62765,14405,,,,0.8
wildchat,RR,100,8,20000,0.28325,0.0,5665,0,12.615554651711136,11.167023330926895,20.46010922640559,50.20889453589903,4.917920869775116,73630.78946730435,0.271625499939546,201.3427734375,0,99.5857,14235,,,,0.8
wildchat,RR,100,9,20000,0.2667,0.0,5334,0,12.755786732304841,11.333031579852104,20.586029859259696,49.625466344878014,4.958072968292981,72639.45584728297,0.27533245901577175,201.7490234375,0,99.71385,14566,,,,0.8
wildchat,RR,200,0,20000,0.28185,0.0,5637,0,13.639215286821127,12.25003506988287,22.044125944375963,52.33529256656746,5.071834824047983,68137.70288339446,0.293523250031285,400.8662109375,0,198.24525,14163,,,,0.8
wildchat,RR,200,1,20000,0.2806,0.0,5612,0,13.600653363391757,11.375057511031628,27.542002499103546,56.87630386091749,5.175099929329008,68458.58918549448,0.2921474169706926,401.2724609375,0,198.15335,14188,,,,0.8
wildchat,RR,200,2,20000,0.2819,0.0,5638,0,12.96704796841368,11.416035704314709,20.458013750612736,49.793040379881525,4.831800505053252,71839.9944544789,0.27839645801577717,401.2724609375,0,198.52795,14162,,,,0.8
wildchat,RR,200,3,20000,0.2877,0.0,5754,0,12.891512271016836,11.292053386569023,23.421208607032835,52.584395743906434,4.80097348918207,72330.76861084248,0.27650749997701496,401.2724609375,0,198.63165,14046,,,,0.8
wildchat,RR,200,4,20000,0.29275,0.0,5855,0,13.08643962838687,11.750031262636185,19.794050604104967,47.751616220921015,4.826059041079134,71046.12757682789,0.2815072500379756,400.8662109375,0,198.4326,13945,,,,0.8
wildchat,RR,200,5,20000,0.28945,0.0,5789,0,12.518025189638138,11.292053386569023,18.08600500226018,44.208440231159265,4.615794401615858,74391.28180158361,0.2688487080158666,400.8662109375,0,198.5868,14011,,,,0.8
wildchat,RR,200,6,20000,0.2855,0.0,5710,0,12.012508296174929,11.2500274553895,17.16695260256529,36.54236439615482,4.3721484078560024,77473.28623186224,0.25815350003540516,400.8662109375,0,198.47035,14090,,,,0.8
wildchat,RR,200,7,20000,0.28825,0.0,5765,0,11.412831448251382,10.833959095180035,16.50000922381878,34.33472593314933,4.176971549168229,81571.89033058433,0.24518249998800457,401.2724609375,0,198.46195,14035,,,,0.8
wildchat,RR,200,8,20000,0.2966,0.0,5932,0,11.388012982206419,10.792049579322338,16.290927305817604,31.87498077750206,4.099338431842625,81845.25564234638,0.2443635839736089,401.2724609375,0,198.1871,13868,,,,0.8
wildchat,RR,200,9,20000,0.28405,0.0,5681,0,11.597048758994788,11.08401920646429,16.37497916817665,33.29106606543064,4.218366369605064,80389.78336095344,0.24878783302847296,401.2724609375,0,198.71125,14119,,,,0.8
wildchat,RR,400,0,20000,0.29295,0.0,5859,0,15.07650458952412,14.499993994832039,21.792016923427582,41.089637670664914,5.911097308853641,61995.743680481246,0.3226027919445187,808.1552734375,0,393.6596,13741,,,,0.8
wildchat,RR,400,1,20000,0.2932,0.0,5864,0,15.77887119492516,14.708028174936771,23.000058718025684,48.12546656467014,6.149740709224716,59216.93731574116,0.3377412089612335,808.1552734375,0,392.7813,13736,,,,0.8
wildchat,RR,400,2,20000,0.29245,0.0,5849,0,15.763358830008656,14.8330582305789,23.45896791666746,51.87531118281179,6.186586734838784,59282.45985624451,0.3373679170617834,808.1552734375,0,394.21445,13751,,,,0.8
wildchat,RR,400,3,20000,0.29945,0.0,5989,0,15.873586724046618,15.042023733258247,23.04196823388338,46.45798937417567,6.100348039763048,58937.5548595787,0.339342207997106,808.5615234375,0,394.2963,13611,,,,0.8
wildchat,RR,400,4,20000,0.3035,0.0,6070,0,16.41580613795668,15.916943084448576,24.044024758040877,54.20810543000698,6.433160853339359,56981.13246872423,0.35099337506107986,808.6240234375,0,393.6738,13530,,,,0.8
wildchat,RR,400,5,20000,0.3001,0.0,6002,0,16.419821395538747,15.958910807967186,23.667002096772194,50.417745951562985,6.310354819288477,57053.89382134516,0.35054574999958277,808.5615234375,0,394.0022,13598,,,,0.8
wildchat,RR,400,6,20000,0.29755,0.0,5951,0,15.872081147972494,15.375087969005108,22.999942302703857,49.084485508501466,6.170559482416138,58719.25231078808,0.34060379199218005,808.1552734375,0,393.84165,13649,,,,0.8
wildchat,RR,400,7,20000,0.2997,0.0,5994,0,15.538197424029931,15.625031664967537,21.83393226005137,43.33480494096862,6.017819081898779,60229.361007830885,0.3320639579324052,808.1552734375,0,393.90055,13606,,,,0.8
wildchat,RR,400,8,20000,0.309,0.0,6180,0,14.991887263022363,15.249941498041153,21.3750172406435,43.25003828853369,5.769717105431482,62310.01928602268,0.32097566698212177,808.1865234375,0,392.7133,13420,,,,0.8
wildchat,RR,400,9,20000,0.29445,0.0,5889,0,15.197003597859293,15.375087969005108,21.16698306053877,39.375037886202335,5.835784558439627,61504.57877097644,0.3251790419453755,808.5615234375,0,394.4076,13711,,,,0.8
wildchat,RR,800,0,20000,0.305,0.0,6100,0,18.84334235219285,18.791062757372856,26.667024940252304,51.54247861355537,6.326802261173725,50179.3283791871,0.3985704999649897,1630.1474609375,0,776.33935,13100,,,,0.8
wildchat,RR,800,1,20000,0.3035,0.0,6070,0,18.409821391105652,18.541933968663216,26.082969270646572,46.502925688400396,6.115008884808049,51338.80910208264,0.3895688339835033,1630.0849609375,0,772.8787,13130,,,,0.8
wildchat,RR,800,2,20000,0.30495,0.0,6099,0,18.093526375014335,18.000020645558834,26.08312643133104,49.70981390215444,5.873921897727996,52225.070808417964,0.38295783405192196,1629.6787109375,0,776.0236,13101,,,,0.8
wildchat,RR,800,3,20000,0.31035,0.0,6207,0,18.49491487373598,18.666032701730728,26.209047064185143,47.12492227554321,5.967168405186385,51152.95564978118,0.3909842499997467,1629.6787109375,0,776.5962,12993,,,,0.8
wildchat,RR,800,4,20000,0.31595,0.0,6319,0,18.59315845067613,18.95800232887268,26.082975091412663,44.00040605105453,5.975987092824653,50856.59453159439,0.3932626669993624,1629.7099609375,0,775.65995,12881,,,,0.8
wildchat,RR,800,5,20000,0.311,0.0,6220,0,18.467471818439662,18.459046259522438,26.124995201826096,43.54180069640265,5.884265253553167,51260.14518576969,0.39016666705720127,1630.1474609375,0,776.4316,12980,,,,0.8
wildchat,RR,800,6,20000,0.3102,0.0,6204,0,19.75684335338883,18.874998204410076,31.58510662615296,63.54142562486224,6.212585425237194,47992.91619609994,0.4167281670961529,1630.1474609375,0,775.083,12996,,,,0.8
wildchat,RR,800,7,20000,0.31045,0.0,6209,0,19.99683307367377,19.290950149297714,31.33604768663642,60.917732771485774,6.275319552514702,47389.0227670391,0.42203866702038795,1630.0849609375,0,776.2465,12991,,,,0.8
wildchat,RR,800,8,20000,0.3194,0.0,6388,0,20.340215077158064,19.125058315694332,35.54090508259833,71.50121266022305,6.493562035029754,46529.4371076062,0.42983541695866734,1629.7099609375,0,772.44765,12812,,,,0.8
wildchat,RR,800,9,20000,0.30715,0.0,6143,0,21.778935147449374,20.707957446575165,38.002151995897265,74.95880359783756,6.885777844581753,43537.71900393029,0.4593717920361087,1629.6787109375,0,777.7971,13057,,,,0.8
wildchat,RR,1600,0,20000,0.3142,0.0,6284,0,32.426281744847074,29.999995604157448,60.74993871152401,94.41742673516266,7.248596928548068,29673.040189399628,0.6740124999778345,3272.9716796875,0,1508.0696,12116,,,,0.8
wildchat,RR,1600,1,20000,0.3167,0.0,6334,0,31.384194223210216,28.791953809559345,58.95796348340809,94.62589048780488,7.106623466825113,30633.05702830616,0.6528894579969347,3273.4365234375,0,1499.39905,12066,,,,0.8
wildchat,RR,1600,2,20000,0.3147,0.0,6294,0,33.18153549917042,30.624913051724434,60.416990891098976,87.00215956196156,6.879893923178315,29082.850495159993,0.6876905000535771,3273.4091796875,0,1505.64535,12106,,,,0.8
wildchat,RR,1600,3,20000,0.32125,0.0,6425,0,32.947715057525784,30.499999411404133,59.45796729065478,85.75001265853643,6.5200431330595165,29309.59778400884,0.6823703330010176,3273.2646484375,0,1505.0136,11975,,,,0.8
wildchat,RR,1600,4,20000,0.32735,0.0,6547,0,32.187889399938285,29.582995921373367,58.70801396667957,85.16783476807164,6.46992537076585,29960.977714557393,0.667534957989119,3272.9169921875,0,1503.59165,11853,,,,0.8
wildchat,RR,1600,5,20000,0.32275,0.0,6455,0,34.132744488306344,30.45797348022461,63.62493732012808,101.83886275626625,7.295952521963045,28233.625026912803,0.7083752079633996,3272.9443359375,0,1506.2563,11945,,,,0.8
wildchat,RR,1600,6,20000,0.3212,0.0,6424,0,30.690315162064508,27.2089964710176,59.54306689091024,97.5017040036616,6.887324247509241,31323.173035028434,0.6385049170348793,3273.3544921875,0,1495.1815,11976,,,,0.8
wildchat,RR,1600,7,20000,0.3221,0.0,6442,0,31.374960532411933,28.125010430812836,60.879171360284026,98.46136556006914,7.030791498254985,30631.520454081892,0.6529222090030089,3272.9716796875,0,1509.7179,11958,,,,0.8
wildchat,RR,1600,8,20000,0.3296,0.0,6592,0,27.37521545495838,24.250010028481483,53.669163025915594,94.08303070813417,6.997534504625946,34958.41914563786,0.5721082499949262,3273.4091796875,0,1496.3246,11808,,,,0.8
wildchat,RR,1600,9,20000,0.31935,0.0,6387,0,27.460906223859638,23.582950234413147,55.249896831810474,98.04103523492813,6.9947203155606985,34844.38172332256,0.5739806250203401,3273.3466796875,0,1506.2714,12013,,,,0.8
wildchat,ARC,50,0,20000,0.27395,0.0,5479,0,29.5842757972423,29.082992114126682,57.96215264126652,105.33492546528565,22.085096209775656,32456.36463307118,0.6162119579967111,422.60546875,100,49.9153,14471,35.03975790067456,48.446735745446865,29.21129746072952,0.8
wildchat,ARC,50,1,20000,0.26905,0.0,5381,0,28.850983758457005,28.749927878379822,53.50005812942982,94.75216036662427,21.561389253474772,33351.86212407136,0.5996666670544073,422.57421875,100,49.88925,14569,46.94457047940017,50.0,31.5427912502276,0.8
wildchat,ARC,50,2,20000,0.2748,0.0,5496,0,29.056084534386173,28.916983865201473,60.46018097549674,100.75001046061516,21.73451513517648,33118.102481070775,0.6038993330439553,423.49609375,100,49.90415,14454,34.35107158698824,48.401822325533445,29.204190464262478,0.8
wildchat,ARC,50,3,20000,0.27995,0.0,5599,0,28.519680444151163,28.582988306879997,57.875062339007854,99.12831010296887,21.365156368119642,33750.92606159151,0.592576332972385,422.60546875,100,49.922,14351,33.05680901336438,48.330321521481146,29.17167075725051,0.8
wildchat,ARC,50,4,20000,0.28355,0.0,5671,0,28.779769339598715,29.667047783732414,56.87493830919266,93.71146908961197,21.457414352335036,33434.52380821248,0.5981840840540826,424.63671875,100,49.87905,14279,32.32956763140835,49.044393912798114,30.84541417197782,0.8
wildchat,ARC,50,5,20000,0.2803,0.0,5606,0,27.861438266700134,28.999987989664078,54.33405749499798,89.96150805614849,20.819444878725335,34518.40780072706,0.5794010000536218,422.73828125,100,49.93035,14344,45.87399130199303,47.1643765273628,30.578174693802435,0.8
wildchat,ARC,50,6,20000,0.27315,0.0,5463,0,27.707456005737185,29.37507815659046,48.95904567092657,83.37615872733275,20.739896135637537,34744.704278177276,0.5756272909929976,421.33984375,100,49.90275,14487,36.73153351636321,50.0,31.202613387636276,0.8
wildchat,ARC,50,7,20000,0.2806,0.0,5612,0,27.409840462496504,29.916060157120228,46.58609977923331,83.25040340423577,20.408746134489775,35138.189386993545,0.5691812910372391,422.54296875,100,49.92445,14338,29.282811006764423,48.44355189201401,29.86896774004887,0.8
wildchat,ARC,50,8,20000,0.2876,0.0,5752,0,26.728705206187442,30.041905120015144,42.58297849446535,76.2103172019122,19.872267945902422,36022.843884681795,0.5552032500272617,423.04296875,100,49.90675,14198,34.61776707050295,49.1136821031827,31.148020714250677,0.8
wildchat,ARC,50,9,20000,0.2695,0.0,5390,0,27.102571970317513,29.95808608829975,42.50202327966687,76.79416565224496,20.308257918804884,35534.348090653766,0.5628357089590281,422.33984375,100,49.93275,14560,32.10112960654753,50.0,31.378122644946508,0.8
wildchat,ARC,100,0,20000,0.28545,0.0,5709,0,27.52213272615336,30.499999411404133,44.99999340623617,81.62495214492083,20.370288944104686,35025.275440384285,0.571016208967194,831.04296875,200,99.58175,14191,46.28298587685619,56.2812757571006,40.82542160694571,0.8
wildchat,ARC,100,1,20000,0.28445,0.0,5689,0,28.304734081029892,31.083007343113422,46.58300895243883,83.91643525101237,20.97759730531834,34029.3421020889,0.5877280830172822,830.79296875,200,99.54575,14211,57.45703968476709,74.23462636235156,50.400120700897446,0.8
wildchat,ARC,100,2,20000,0.28615,0.0,5723,0,26.851941901259124,30.12490924447775,43.12500823289156,76.00124692544321,19.84466623980552,35894.455047946154,0.557189124985598,830.85546875,200,99.6017,14177,45.21084164972165,57.5414767210069,40.381549901578786,0.8
wildchat,ARC,100,3,20000,0.2914,0.0,5828,0,27.573808655142784,31.0409814119339,45.2499371021986,82.95844309031956,20.35755435936153,34950.2127123066,0.5722425830317661,830.60546875,200,99.65045,14072,48.586883810587615,56.29605804457353,39.655112570872454,0.8
wildchat,ARC,100,4,20000,0.296,0.0,5920,0,27.825894800480455,29.999995604157448,52.54400894045827,93.37717783637312,20.576126041123644,34611.19054322304,0.5778477910207585,830.57421875,200,99.576,13980,55.54311578970888,61.34356430198755,46.77391742940192,0.8
wildchat,ARC,100,5,20000,0.2924,0.0,5848,0,28.40291816391982,30.41699528694153,56.33395630866289,95.70848313160234,20.98503508605063,33917.70238423639,0.5896625830791891,830.57421875,200,99.6897,14052,56.64509376595161,65.23585728694769,45.32709413295024,0.8
wildchat,ARC,100,6,20000,0.28845,0.0,5769,0,27.84419485833496,30.125025659799576,51.461003022268386,90.79279028810548,20.601014280691743,34562.27420034561,0.5786656249547377,831.04296875,200,99.6407,14131,60.06988550271579,76.70217496548142,50.222983823711544,0.8
wildchat,ARC,100,7,20000,0.2929,0.0,5858,0,27.732276648748666,29.916991479694843,51.708013052120805,93.08343287557356,20.469492237316445,34724.116130630406,0.5759685840457678,830.57421875,200,99.62765,14042,45.67125125772214,49.17610472636595,37.98084111752492,0.8
wildchat,ARC,100,8,20000,0.29995,0.0,5999,0,27.12515441235155,29.624905437231064,52.17318539507678,91.16705041378736,19.966769573511556,35488.7893153281,0.5635582499671727,831.04296875,200,99.5857,13901,59.29492634872707,62.76088668195912,47.474376205166266,0.8
wildchat,ARC,100,9,20000,0.2845,0.0,5690,0,28.43023192253895,30.375085771083832,53.20802447386086,93.54100213386118,21.0509960539639,33886.4472404404,0.5902064580004662,830.98046875,200,99.71385,14210,64.85846494675667,87.09045940979757,55.48443192893086,0.8
wildchat,ARC,200,0,20000,0.2958,0.0,5916,0,28.152215358568355,31.33306745439768,46.08609597198662,82.83382398076343,20.454850106034428,34232.85629219835,0.5842340419767424,1654.65234375,400,198.24525,13884,60.744690739102424,64.01049314389019,45.3567875753147,0.8
wildchat,ARC,200,1,20000,0.29535,0.0,5907,0,27.4462073110044,30.87497316300869,46.08609597198662,88.66848424076994,19.94724316173233,35144.183794054574,0.5690842079930007,1660.2265625,400,198.15335,13893,56.34434111013146,85.78465508106466,55.792071630967435,0.8
wildchat,ARC,200,2,20000,0.29695,0.0,5939,0,28.567328804638237,31.208968721330166,49.29404240101573,90.66787664778518,20.71842512814328,33738.76316585084,0.5927899579983205,1654.65234375,400,198.52795,13861,62.75570848632921,63.73031462429845,45.04412132165586,0.8
wildchat,ARC,200,3,20000,0.3023,0.0,6046,0,28.266596043249592,31.208968721330166,48.877153312787385,89.6665267646312,20.46102748136036,34120.871481196715,0.5861514999996871,1654.59765625,400,198.63165,13754,53.929743292915035,66.36214162548113,45.75598867636386,0.8
wildchat,ARC,200,4,20000,0.3053,0.0,6106,0,27.561139408499002,30.125025659799576,47.915964387357235,86.83531079441289,19.994794635567814,34951.309546849705,0.5722246250370517,1651.38671875,400,198.4326,13694,59.119863707600544,64.35169138694278,40.57347427155047,0.8
wildchat,ARC,200,5,20000,0.30235,0.0,6047,0,27.65319485333748,30.95890861004591,46.45814187824726,81.1660522595048,20.06997088319622,34880.0783088815,0.5733932080911472,1651.0703125,400,198.5868,13753,52.65595536274402,61.62259427009821,41.679576363682564,0.8
wildchat,ARC,200,6,20000,0.29965,0.0,5993,0,26.71019050758332,30.499999411404133,44.082989916205406,75.29278984293329,19.339179224334657,36124.992430542115,0.5536333339987323,1652.828125,400,198.47035,13807,68.54369683404441,86.8795665052406,55.158453423402484,0.8
wildchat,ARC,200,7,20000,0.30425,0.0,6085,0,27.073880756506696,31.000003218650818,44.12501584738493,76.45880454219865,19.54850250040181,35595.9028291684,0.5618624170310795,1651.0703125,400,198.46195,13715,57.60226208501468,58.992092593489254,42.69628302790969,0.8
wildchat,ARC,200,8,20000,0.30925,0.0,6185,0,26.673718501115218,31.541974749416113,42.99997817724943,71.99996733106673,19.199794006999582,36168.67346949633,0.552964709000662,1651.38671875,400,198.1871,13615,59.48178495924182,64.43972926389424,41.1589538650475,0.8
wildchat,ARC,200,9,20000,0.29765,0.0,5953,0,26.368050853488967,31.125033274292946,42.833975749090314,71.20799273252487,19.101964065339416,36585.10656446708,0.5466705410508439,1652.16015625,400,198.71125,13847,81.02563900134612,88.61244704483373,62.9596654891944,0.8
wildchat,ARC,400,0,20000,0.30495,0.0,6099,0,29.981527326162905,34.74997356534004,49.08291739411652,79.00042925029986,21.24648317694664,32058.001494679313,0.6238692079205066,3325.26953125,800,393.6596,13501,86.66868624946251,86.66868624946251,50.42747475885598,0.8
wildchat,ARC,400,1,20000,0.3045,0.0,6090,0,30.332511279266328,35.0830378010869,50.709000788629055,84.2096458654848,21.448875061469153,31738.691089043597,0.6301457090303302,3307.203125,800,392.7813,13510,106.2561944880841,115.37399548829973,72.78909108529506,0.8
wildchat,ARC,400,2,20000,0.30565,0.0,6113,0,30.479249806376174,34.70899537205696,52.336091175675364,87.58339216001325,21.577823092229664,31585.27896709071,0.6332063750596717,3325.046875,800,394.21445,13487,78.16870330999322,79.16870330999322,47.13155828950468,0.8
wildchat,ARC,400,3,20000,0.31055,0.0,6211,0,30.698905227473006,35.29095556586981,53.292023949325085,90.1660043746233,21.6207071847748,31349.0351816177,0.6379781669238582,3325.09765625,800,394.2963,13389,77.63072332510674,83.65112279671055,48.63980667035254,0.8
wildchat,ARC,400,4,20000,0.3148,0.0,6296,0,31.70343051897362,35.958015359938145,54.08294964581728,92.66706183552742,22.331854165531695,30367.49220885652,0.6585989999584854,3325.0703125,800,393.6738,13304,76.35115327557735,95.28107431128736,53.10676850817553,0.8
wildchat,ARC,400,5,20000,0.3122,0.0,6244,0,31.777969474205747,36.41692455857992,53.709023632109165,92.45902765542269,22.35777350142598,30291.01908422328,0.6602617080789059,3306.2421875,800,394.0022,13356,104.04041972136999,108.55957336013266,61.197230087645075,0.8
wildchat,ARC,400,6,20000,0.3104,0.0,6208,0,29.922913893824443,34.79106817394495,49.33308809995651,79.29282030090677,21.039802680024877,32159.19015282577,0.6219062079908326,3306.9296875,800,393.84165,13392,117.24151748940368,122.14315438517943,76.34480618661964,0.8
wildchat,ARC,400,7,20000,0.31325,0.0,6265,0,30.35431196913123,36.16698086261749,49.749971367418766,78.9584137964993,21.19355753529817,31750.132805043522,0.6299186249962077,3325.0703125,800,393.90055,13335,66.35615847473969,86.43683048672467,51.47834671737573,0.8
wildchat,ARC,400,8,20000,0.31985,0.0,6397,0,30.025832902174443,35.87501123547554,48.625050112605095,73.49997758865356,20.808895357185975,32075.222808777835,0.6235342500731349,3324.82421875,800,392.7133,13203,86.84850317395953,105.15164224943867,62.16352255118011,0.8
wildchat,ARC,400,9,20000,0.30845,0.0,6169,0,30.421660491265357,36.207959055900574,47.95799031853676,68.21192800998641,21.094361745053902,31692.00231201226,0.6310740420594811,3306.828125,800,394.4076,13431,124.21896084272187,127.85642417771878,76.64155656049431,0.8
wildchat,ARC,800,0,20000,0.3136,0.0,6272,0,36.58742394763976,40.375045500695705,60.87496876716614,84.83384852297591,23.25731614837423,26532.805725390393,0.7537838330026716,6659.828125,1600,776.33935,12928,143.18718941803706,145.66664147283157,61.77624828251206,0.8
wildchat,ARC,800,1,20000,0.312,0.0,6240,0,36.94042596616782,40.66701512783766,60.669094091281266,82.95844425447278,23.359149118186906,26281.111097227673,0.7610028330236673,6654.75390625,1600,772.8787,12960,173.3579295494711,173.3579295494711,81.21668132522322,0.8
wildchat,ARC,800,2,20000,0.31515,0.0,6303,0,36.61418015835807,40.624989196658134,59.95890242047608,87.29234337806695,22.72835881449282,26515.198594766498,0.7542843749979511,6659.91796875,1600,776.0236,12897,140.2431339161336,140.2431339161336,64.85084923558384,0.8
wildchat,ARC,800,3,20000,0.31995,0.0,6399,0,38.584162964252755,43.16703416407108,63.91601637005806,92.50083588995027,23.951903550187126,25201.98734562845,0.7935882089659572,6660.3203125,1600,776.5962,12801,130.81782067559044,134.74374660151636,65.80201697396245,0.8
wildchat,ARC,800,4,20000,0.32545,0.0,6509,0,38.6600729834754,43.208012357354164,65.2919989079237,103.04240509867661,23.85176764219068,25133.47969920346,0.7957513340516016,6660.12890625,1600,775.65995,12691,147.02345974739686,147.02345974739686,68.45007610581527,0.8
wildchat,ARC,800,5,20000,0.3213,0.0,6426,0,39.05653433757834,44.29102409631014,65.29404781758782,103.59547799452939,24.50108965858817,24863.29591112225,0.804398583015427,6658.34765625,1600,776.4316,12774,113.3788960232767,113.3788960232767,63.6665589849139,0.8
wildchat,ARC,800,6,20000,0.3175,0.0,6350,0,41.28898871713318,44.12501584738493,72.49997579492629,109.7097224555907,25.529758835909888,23546.04752045824,0.84939945791848,6658.35546875,1600,775.083,12850,170.57212598033027,170.57212598033027,77.3452622133949,0.8
wildchat,ARC,800,7,20000,0.3218,0.0,6436,0,41.02706201374531,44.41698547452688,71.50007877498865,108.8352466467766,25.289453828008845,23680.17670612113,0.8445882920641452,6660.11328125,1600,776.2465,12764,82.377565707286,93.7546027289401,49.01869259445221,0.8
wildchat,ARC,800,8,20000,0.3291,0.0,6582,0,40.9679971751757,44.33403955772519,72.50008638948202,112.20921529456953,25.193246023263782,23732.115438494013,0.8427398750791326,6659.73828125,1600,772.44765,12618,138.1202510821821,138.1202510821821,67.09972050933429,0.8
wildchat,ARC,800,9,20000,0.3164,0.0,6328,0,45.140267617534846,47.874986194074154,83.41693901456892,119.79318922385553,27.810649224556983,21579.903397286602,0.9267882080748677,6654.4296875,1600,777.7971,12872,179.6478434252261,179.6478434252261,83.8841049881874,0.8
wildchat,ARC,1600,0,20000,0.32255,0.0,6451,0,68.67315171402879,59.83305163681507,153.41611579060555,204.58522951230387,35.514387651346624,14274.367010250297,1.4011129169957712,15580.40234375,3200,1508.0696,11949,132.75542945682344,144.97872340425533,47.877594873756024,0.8
wildchat,ARC,1600,1,20000,0.3205,0.0,6410,0,70.75259690755047,61.62503268569708,157.24997501820326,213.58632948249524,36.31359584396705,13853.094513595437,1.443720749928616,15579.80078125,3200,1499.39905,11990,171.14814814814815,171.14814814814815,55.37378333334103,0.8
wildchat,ARC,1600,2,20000,0.3238,0.0,6476,0,79.02716398239136,66.83403626084328,164.00201711803672,222.0410481095314,39.78448871639557,12408.536167820048,1.6117936660302803,15579.85546875,3200,1505.64535,11924,152.12345679012347,161.0,49.74535617283951,0.8
wildchat,ARC,1600,3,20000,0.3283,0.0,6566,0,77.85643261740915,66.0414807498455,162.21096739172933,214.9588218890129,38.791041856165975,12586.431742783689,1.58901270898059,15579.41796875,3200,1505.0136,11834,119.89219945495388,119.89219945495388,40.32922446036955,0.8
wildchat,ARC,1600,4,20000,0.3343,0.0,6686,0,77.64123705564998,66.20900239795446,161.16905026137826,211.4598324988036,38.78183528431691,12619.64740539506,1.5848303330130875,15579.69140625,3200,1503.59165,11714,146.7450539381065,158.40397350993376,55.143817449704464,0.8
wildchat,ARC,1600,5,20000,0.33055,0.0,6611,0,79.13078704150394,69.54197306185961,161.16905608214435,217.00252196751495,39.895560062723234,12372.524013498345,1.6164850420318544,15579.7734375,3200,1506.2563,11789,147.37375872893844,147.37375872893844,52.55088165161698,0.8
wildchat,ARC,1600,6,20000,0.3261,0.0,6522,0,70.22585887461901,64.91655949503183,143.08602549135682,197.08527834154646,36.68647939921357,13891.38298979959,1.4397414580453187,15579.15234375,3200,1495.1815,11878,180.2439024390244,180.2439024390244,60.14049634146284,0.8
wildchat,ARC,1600,7,20000,0.3307,0.0,6614,0,68.22346925036982,63.08301817625761,140.71015175431964,190.00047002919013,35.292659571859986,14288.136043175582,1.3997627079952508,15579.87890625,3200,1509.7179,11786,86.36625526696122,102.0,41.12995289247018,0.8
wildchat,ARC,1600,8,20000,0.33775,0.0,6755,0,57.22935272497125,53.416937589645386,128.62496078014374,178.58858336694465,31.74669641302899,16980.651895777977,1.1778110830346122,15578.89453125,3200,1496.3246,11645,151.60459546137295,160.54248366013073,55.521693652825405,0.8
wildchat,ARC,1600,9,20000,0.32515,0.0,6503,0,57.02949389233254,53.04103251546621,126.74998142756522,178.29204443842173,31.619376252638173,17054.24996464996,1.172728208010085,15580.09765625,3200,1506.2714,11897,176.9090909090909,176.9090909090909,58.065731818184375,0.8
wildchat,ARC-exact,50,0,20000,0.14735,0.0,2947,0,21.587488532532007,18.750084564089775,40.41911452077326,82.00338110327667,14.026824961183593,44102.48680460361,0.45348916691727936,422.87109375,100,49.9153,17003,0.0,0.0,0.0,0.8
wildchat,ARC-exact,50,1,20000,0.15705,0.0,3141,0,21.90274713211693,18.625054508447647,44.958130456507206,84.83467972837362,14.233608153881505,43479.75354921123,0.45998420799151063,422.87109375,100,49.88925,16809,0.0,0.0,0.0,0.8
wildchat,ARC-exact,50,2,20000,0.14945,0.0,2989,0,21.64359635207802,18.459046259522438,43.460942106321426,81.12590410746621,14.121590415015817,43952.433579431105,0.4550373749807477,423.06640625,100,49.90415,16961,0.0,0.0,0.0,0.8
wildchat,ARC-exact,50,3,20000,0.15595,0.0,3119,0,21.104711067164317,19.042054191231728,39.58295565098524,71.4579364284873,13.930609606904909,45101.90493486022,0.4434402500046417,422.43359375,100,49.922,16831,0.0,0.0,0.0,0.8
wildchat,ARC-exact,50,4,20000,0.16205,0.0,3241,0,20.748054748401046,18.874998204410076,38.83300814777613,70.20840537734323,13.59124043956399,45869.99027120002,0.4360149169806391,423.06640625,100,49.87905,16709,0.0,0.0,0.0,0.8
wildchat,ARC-exact,50,5,20000,0.1605,0.0,3210,0,20.84547682898119,18.9170241355896,38.083107210695744,68.58336506411426,13.772382138995454,45638.6429274351,0.4382251249626279,422.87109375,100,49.93035,16740,0.0,0.0,0.0,0.8
wildchat,ARC-exact,50,6,20000,0.15915,0.0,3183,0,21.226065926020965,19.499915651977062,37.75204531848428,69.04229754582028,13.951569312484935,44835.48037899739,0.44607529195491225,423.33984375,100,49.90275,16767,0.0,0.0,0.0,0.8
wildchat,ARC-exact,50,7,20000,0.14445,0.0,2889,0,21.412605821387842,20.08303999900818,36.08293482102454,64.45799954235554,14.163746172562242,44499.987049317264,0.44943833304569125,422.87109375,100,49.92445,17061,0.0,0.0,0.0,0.8
wildchat,ARC-exact,50,8,20000,0.1662,0.0,3324,0,20.587751897983253,19.62494570761919,37.71007177419958,65.33297710120678,13.519674347480759,46205.667620179694,0.43284733302425593,423.14453125,100,49.90675,16626,0.0,0.0,0.0,0.8
wildchat,ARC-exact,50,9,20000,0.157,0.0,3140,0,20.821527211228386,19.875005818903446,33.46097655594346,60.625864425673946,13.74869003193453,45735.33703560635,0.4372986250091344,422.62890625,100,49.93275,16810,0.0,0.0,0.0,0.8
wildchat,ARC-exact,100,0,20000,0.1567,0.0,3134,0,21.305791119812056,20.249979570508003,37.754146615043226,65.04288408905255,14.039272611262277,44693.94012078315,0.44748795800842345,834.02734375,200,99.58175,16766,0.0,0.0,0.0,0.8
wildchat,ARC-exact,100,1,20000,0.1645,0.0,3290,0,20.89698234340176,20.041014067828655,33.66912715137002,62.375810230150684,13.63699843059294,45576.250507231984,0.4388250410556793,834.08203125,200,99.54575,16610,0.0,0.0,0.0,0.8
wildchat,ARC-exact,100,2,20000,0.15885,0.0,3177,0,20.603772439062595,19.91703175008297,33.70794001966715,61.459647258743374,13.487142272060737,46222.21504089385,0.43269237491767853,834.13671875,200,99.6017,16723,0.0,0.0,0.0,0.8
wildchat,ARC-exact,100,3,20000,0.1629,0.0,3258,0,20.879270689329132,20.209001377224922,32.374984584748745,60.96026976592819,13.621780247194692,45637.09820145629,0.43823995802085847,834.13671875,200,99.65045,16642,0.0,0.0,0.0,0.8
wildchat,ARC-exact,100,4,20000,0.1692,0.0,3384,0,20.290651940740645,19.832979887723923,34.99991726130247,61.1262780148534,13.18640880053863,46935.50287643073,0.4261166659416631,833.86328125,200,99.576,16516,0.0,0.0,0.0,0.8
wildchat,ARC-exact,100,5,20000,0.1677,0.0,3354,0,20.44770910870284,19.875005818903446,33.624941715970635,62.250370392575796,13.348053261870518,46578.99597807316,0.4293780829757452,833.42578125,200,99.6897,16546,0.0,0.0,0.0,0.8
wildchat,ARC-exact,100,6,20000,0.166,0.0,3320,0,20.19333725911565,19.70806624740362,33.21014810353515,59.66767552308711,13.189269293798134,47173.73319120638,0.4239647500216961,834.13671875,200,99.6407,16580,0.0,0.0,0.0,0.8
wildchat,ARC-exact,100,7,20000,0.15265,0.0,3053,0,21.707556687761098,20.62495332211256,36.87712014652786,64.58479212597,14.273170212982222,43920.05123522108,0.45537287497427315,834.13671875,200,99.62765,16847,0.0,0.0,0.0,0.8
wildchat,ARC-exact,100,8,20000,0.1732,0.0,3464,0,20.687241858104244,19.91703175008297,33.420172985643084,64.04245737940066,13.464169175131246,46027.24022608713,0.4345252920174971,834.13671875,200,99.5857,16436,0.0,0.0,0.0,0.8
wildchat,ARC-exact,100,9,20000,0.1639,0.0,3278,0,21.16018859669566,20.08292358368635,34.624943509697914,65.08437450975173,13.797164749121293,45024.34125100178,0.4442041669972241,833.06640625,200,99.71385,16622,0.0,0.0,0.0,0.8
wildchat,ARC-exact,200,0,20000,0.16835,0.0,3367,0,21.363432658836246,20.209001377224922,34.62505992501974,64.41598408855498,13.684784166980535,44633.101919052555,0.44809791701845825,1654.82421875,400,198.24525,16433,0.0,0.0,0.0,0.8
wildchat,ARC-exact,200,1,20000,0.17355,0.0,3471,0,20.437961217248812,19.875005818903446,33.08512386865911,64.29241155274205,13.043205038411543,46644.274788066614,0.4287771669914946,1654.38671875,400,198.15335,16329,0.0,0.0,0.0,0.8
wildchat,ARC-exact,200,2,20000,0.16935,0.0,3387,0,21.22598386486061,20.70807386189699,33.21103285998103,62.91824975050966,13.577870733570307,44956.47795257098,0.444874707958661,1655.09765625,400,198.52795,16413,0.0,0.0,0.0,0.8
wildchat,ARC-exact,200,3,20000,0.17275,0.0,3455,0,21.149142447393388,20.54101787507534,34.08612101338801,67.3771079163995,13.49378012237139,45087.191620074846,0.4435849579749629,1655.04296875,400,198.63165,16345,0.0,0.0,0.0,0.8
wildchat,ARC-exact,200,4,20000,0.17835,0.0,3567,0,21.20831321226433,20.165927708148956,32.87498839199543,66.37710030190613,13.442632870282978,44895.76318676246,0.44547633407637477,1655.09765625,400,198.4326,16233,0.0,0.0,0.0,0.8
wildchat,ARC-exact,200,5,20000,0.1812,0.0,3624,0,22.472502558957785,19.999919459223747,45.71311292238528,78.50042544305317,14.26460518850945,42365.610987566106,0.47208099998533726,1654.296875,400,198.5868,16176,0.0,0.0,0.0,0.8
wildchat,ARC-exact,200,6,20000,0.17625,0.0,3525,0,22.696957632433623,20.415987819433212,47.6249260827899,80.33392019569861,14.512137230485678,41981.0214374588,0.4764057499123737,1654.82421875,400,198.47035,16275,0.0,0.0,0.0,0.8
wildchat,ARC-exact,200,7,20000,0.16635,0.0,3327,0,22.50079249497503,19.832979887723923,48.46009542234239,78.2079400960356,14.408373180776834,42345.03259059105,0.4723104169825092,1654.359375,400,198.46195,16473,0.0,0.0,0.0,0.8
wildchat,ARC-exact,200,8,20000,0.1809,0.0,3618,0,22.75044901180081,20.417035557329655,45.37496715784073,80.08625591173714,14.469267975073308,41908.3343945598,0.47723204200156033,1655.09765625,400,198.1871,16182,0.0,0.0,0.0,0.8
wildchat,ARC-exact,200,9,20000,0.1761,0.0,3522,0,22.532095079077408,20.687526557594538,42.376993224024744,77.58343126624816,14.413027954287827,42289.284674621085,0.47293304093182087,1655.04296875,400,198.71125,16278,0.0,0.0,0.0,0.8
wildchat,ARC-exact,400,0,20000,0.1869,0.0,3738,0,24.00564724812284,23.209024220705032,40.960038313642116,75.58299694210291,15.030919283162802,39607.19885289707,0.5049587090034038,3309.234375,800,393.6596,15862,0.0,0.0,0.0,0.8
wildchat,ARC-exact,400,1,20000,0.19305,0.0,3861,0,23.13043110189028,24.08307045698166,31.957984901964664,56.66900775395287,14.300072012702003,41224.00604555084,0.4851542079122737,3308.55078125,800,392.7813,15739,0.0,0.0,0.0,0.8
wildchat,ARC-exact,400,2,20000,0.18905,0.0,3781,0,23.348531953524798,24.416949599981308,32.542040571570396,58.75253933481832,14.435368322301656,40832.05178816002,0.48981129098683596,3309.015625,800,394.21445,15819,0.0,0.0,0.0,0.8
wildchat,ARC-exact,400,3,20000,0.19395,0.0,3879,0,22.51331090228632,23.58399797230959,31.70897252857685,53.3357099629936,13.957133813528344,42344.10251849304,0.47232079110108316,3308.9609375,800,394.2963,15721,0.0,0.0,0.0,0.8
wildchat,ARC-exact,400,4,20000,0.19955,0.0,3991,0,22.194426646456122,23.666012566536665,31.083007343113422,50.45977188274251,13.66925542242825,42960.70116531229,0.46554174995981157,3309.2890625,800,393.6738,15609,0.0,0.0,0.0,0.8
wildchat,ARC-exact,400,5,20000,0.199,0.0,3980,0,22.58097447338514,24.062523152679205,31.208968721330166,45.50082725472735,13.907609332818538,42236.593086871755,0.47352304100058973,3309.1796875,800,394.0022,15620,0.0,0.0,0.0,0.8
wildchat,ARC-exact,400,6,20000,0.19515,0.0,3903,0,22.111173917073756,23.625034373253584,30.290917493402958,46.332948841154575,13.55372301186435,43087.03136759242,0.46417679206933826,3309.26171875,800,393.84165,15697,0.0,0.0,0.0,0.8
wildchat,ARC-exact,400,7,20000,0.18965,0.0,3793,0,22.20901027903892,24.124979972839355,30.41699528694153,35.332991974428296,13.553143996978179,42980.993285023535,0.46532195911277086,3308.5234375,800,393.90055,15807,0.0,0.0,0.0,0.8
wildchat,ARC-exact,400,8,20000,0.20475,0.0,4095,0,22.523747372906655,24.416018277406693,31.000003218650818,35.791085101664066,13.69835754740052,42359.4907351758,0.4721492079552263,3308.9609375,800,392.7133,15505,0.0,0.0,0.0,0.8
wildchat,ARC-exact,400,9,20000,0.1941,0.0,3882,0,21.977999235969037,23.875036276876926,30.166003853082657,33.33430970087641,13.399031292647123,43391.25433259512,0.4609223749721423,3308.87890625,800,394.4076,15718,0.0,0.0,0.0,0.8
wildchat,ARC-exact,800,0,20000,0.2246,0.0,4492,0,24.365981185110286,26.74991264939308,33.12493208795786,36.499929847195745,13.405134488129988,39343.19169560597,0.5083471660036594,6592.109375,1600,776.33935,14708,0.0,0.0,0.0,0.8
wildchat,ARC-exact,800,1,20000,0.22425,0.0,4485,0,24.339677050011232,26.708003133535385,33.125048503279686,36.58293397165835,13.296690996503457,39394.18635207753,0.5076891250209883,6592.19140625,1600,772.8787,14715,0.0,0.0,0.0,0.8
wildchat,ARC-exact,800,2,20000,0.22415,0.0,4483,0,24.843194766435772,27.249916456639767,33.7500823661685,36.6659474093467,13.301733904518187,38594.420169486315,0.518209624919109,6592.1640625,1600,776.0236,14717,0.0,0.0,0.0,0.8
wildchat,ARC-exact,800,3,20000,0.22835,0.0,4567,0,25.654510216554627,27.916976250708103,34.70899537205696,39.458051323890686,13.292070158058777,37434.75237273596,0.5342629170045257,6591.453125,1600,776.5962,14633,0.0,0.0,0.0,0.8
wildchat,ARC-exact,800,4,20000,0.2323,0.0,4646,0,25.620211515342817,27.833040803670883,34.74997356534004,41.45939834415906,13.497581862611696,37425.698270070476,0.5343921669991687,6591.86328125,1600,775.65995,14554,0.0,0.0,0.0,0.8
wildchat,ARC-exact,800,5,20000,0.2324,0.0,4648,0,24.904745584353805,26.958994567394257,34.16696563363075,39.21193885616911,13.11467377236113,38516.71802817831,0.5192550410283729,6591.78125,1600,776.4316,14552,0.0,0.0,0.0,0.8
wildchat,ARC-exact,800,6,20000,0.22875,0.0,4575,0,26.03344785165973,27.87495031952858,35.58292519301176,47.20846191048616,13.631598046049476,36904.71824351274,0.5419361250242218,6592.1640625,1600,775.083,14625,0.0,0.0,0.0,0.8
wildchat,ARC-exact,800,7,20000,0.22735,0.0,4547,0,25.74011770193465,27.333036996424198,35.541015677154064,48.37582004256533,13.33078250172548,37316.46417170871,0.5359564590035006,6592.08203125,1600,776.2465,14653,0.0,0.0,0.0,0.8
wildchat,ARC-exact,800,8,20000,0.23395,0.0,4679,0,25.668160093482584,27.292058803141117,36.04206722229719,50.1254701521247,13.037632359191775,37395.99244806692,0.5348166659241542,6592.21875,1600,772.44765,14521,0.0,0.0,0.0,0.8
wildchat,ARC-exact,800,9,20000,0.22615,0.0,4523,0,28.37687831488438,30.291499570012093,40.75001925230026,46.54098302125931,12.899586511775851,34008.93499956321,0.5880807499634102,6591.42578125,1600,777.7971,14677,0.0,0.0,0.0,0.8
wildchat,ARC-exact,1600,0,20000,0.29075,0.0,5815,0,40.21349521353841,40.416489355266094,65.04100747406483,72.75003008544445,12.70207897759974,24238.04179940347,0.825149166979827,15508.47265625,3200,1508.0696,12585,0.0,0.0,0.0,0.8
wildchat,ARC-exact,1600,1,20000,0.2806,0.0,5612,0,39.35341383330524,39.12497777491808,63.87499161064625,72.29205220937729,12.72313300287351,24768.54310659483,0.8074758339207619,15507.98046875,3200,1499.39905,12788,0.0,0.0,0.0,0.8
wildchat,ARC-exact,1600,2,20000,0.28975,0.0,5795,0,40.09142878348939,39.70798570662737,65.24997297674417,73.04240949451916,12.590686668409035,24320.31803422062,0.8223576670279726,15508.25390625,3200,1505.64535,12605,0.0,0.0,0.0,0.8
wildchat,ARC-exact,1600,3,20000,0.2924,0.0,5848,0,42.185982543742284,41.1659711971879,66.37501064687967,73.5834019724279,12.386353249894455,23149.42083228322,0.8639524999307469,15508.30859375,3200,1505.0136,12552,0.0,0.0,0.0,0.8
wildchat,ARC-exact,1600,4,20000,0.2947,0.0,5894,0,41.85435637482442,40.87493289262056,66.49992428719997,73.91634979285293,12.180138344410807,23320.744845562047,0.8576055410085246,15580.12890625,3200,1503.59165,12506,0.0,0.0,0.0,0.8
wildchat,ARC-exact,1600,5,20000,0.29085,0.0,5817,0,41.715229518013075,40.70904105901718,67.04195402562618,74.58298932760954,12.755757331615314,23386.19654110992,0.8552053329767659,15579.5625,3200,1506.2563,12583,0.0,0.0,0.0,0.8
wildchat,ARC-exact,1600,6,20000,0.28545,0.0,5709,0,38.85981488856487,38.99994771927595,64.95905108749866,73.29205982387066,13.127416209317744,25044.587192574163,0.7985757499700412,15580.1796875,3200,1495.1815,12691,0.0,0.0,0.0,0.8
wildchat,ARC-exact,1600,7,20000,0.29395,0.0,5879,0,38.28726264764555,38.08306064456701,63.08301817625761,71.95806596428156,12.566004763357341,25436.22059706359,0.7862803329480812,15580.04296875,3200,1509.7179,12521,0.0,0.0,0.0,0.8
wildchat,ARC-exact,1600,8,20000,0.2985,0.0,5970,0,36.13875278970227,36.624958738684654,60.20791479386389,70.87492849677801,12.66325365868397,26894.462768420508,0.7436474999412894,15579.796875,3200,1496.3246,12430,0.0,0.0,0.0,0.8
wildchat,ARC-exact,1600,9,20000,0.28425,0.0,5685,0,34.24970508785918,34.50002986937761,54.25000563263893,69.20797866769135,13.155166042270139,28303.65244731967,0.7066225829767063,15580.234375,3200,1506.2714,12715,0.0,0.0,0.0,0.8
wildchat,LRU-batch,50,0,20000,0.2705,0.0,5410,0,8.650967123685405,7.083057425916195,26.708003133535385,31.376227270811597,2.764695673249662,106773.01256828735,0.18731325003318489,102.36328125,0,45.43775,14540,,,,0.8
wildchat,LRU-batch,50,1,20000,0.2676,0.0,5352,0,8.418335032183677,6.979505997151136,26.583089493215084,28.75004429370165,2.706684690201655,109643.9129558607,0.18240866693668067,102.33203125,0,45.4132,14600,,,,0.8
wildchat,LRU-batch,50,2,20000,0.2717,0.0,5434,0,8.839718124363571,7.334048859775066,27.292058803141117,30.542435124516423,2.8577480174135417,104431.68927611315,0.1915127499960363,102.30859375,0,45.437,14520,,,,0.8
wildchat,LRU-batch,50,3,20000,0.27745,0.0,5549,0,8.875446923775598,7.333001121878624,27.959002181887627,31.917006708681583,2.8593313705641776,103872.78833227529,0.19254320906475186,102.33203125,0,45.4316,14410,,,,0.8
wildchat,LRU-batch,50,4,20000,0.2809,0.0,5618,0,9.094995522173122,7.416936568915844,28.544059023261042,33.249963307753205,2.9773381596896797,101470.06894090811,0.1971024579834193,102.27734375,0,45.4048,14340,,,,0.8
wildchat,LRU-batch,50,5,20000,0.27675,0.0,5535,0,8.994228288065642,7.333932444453239,28.165988624095917,32.458105124533176,2.938903763424605,102450.9688381842,0.19521533302031457,102.30859375,0,45.4428,14420,,,,0.8
wildchat,LRU-batch,50,6,20000,0.27045,0.0,5409,0,9.095301828347147,7.4999406933784485,28.916052542626858,32.62575948610888,3.0164928000885993,101446.11435290897,0.19714900001417845,102.36328125,0,45.4281,14550,,,,0.8
wildchat,LRU-batch,50,7,20000,0.2772,0.0,5544,0,8.87693534605205,7.249996997416019,28.62501423805952,32.20846410840743,2.9323968396056443,103893.0901966553,0.19250558398198336,102.36328125,0,45.44915,14410,,,,0.8
wildchat,LRU-batch,50,8,20000,0.28465,0.0,5693,0,8.617043227422982,7.207971066236496,28.249929891899228,30.250055715441704,2.8102643555030227,106853.25634662206,0.18717258307151496,102.33203125,0,45.4254,14260,,,,0.8
wildchat,LRU-batch,50,9,20000,0.26755,0.0,5351,0,8.941065141698346,7.249996997416019,28.45900598913431,32.334006391465664,2.964320738101378,103106.07033791357,0.19397500006016344,102.36328125,0,45.46185,14600,,,,0.8
wildchat,LRU-batch,100,0,20000,0.28225,0.0,5645,0,9.021323616616428,7.5410353019833565,10.124989785254002,48.624934861436486,2.792448428226635,102246.54841531986,0.19560562493279576,202.92578125,0,90.15725,14260,,,,0.8
wildchat,LRU-batch,100,1,20000,0.28155,0.0,5631,0,9.127112402347848,7.707974873483181,10.25001984089613,48.29198704101145,2.7996365912258625,101199.14658804939,0.19763012509793043,202.92578125,0,90.12465,14280,,,,0.8
wildchat,LRU-batch,100,2,20000,0.28355,0.0,5671,0,9.12175815901719,7.6249707490205765,10.457937605679035,48.91701973974705,2.8380411851685494,101296.38248382635,0.1974404170177877,202.98046875,0,90.16355,14240,,,,0.8
wildchat,LRU-batch,100,3,20000,0.2886,0.0,5772,0,8.83154179318808,7.416936568915844,10.0000761449337,47.54192195832729,2.722964173881337,104605.70220339055,0.19119416608009487,202.98046875,0,90.25765,14140,,,,0.8
wildchat,LRU-batch,100,4,20000,0.29385,0.0,5877,0,8.997644286137074,7.500057108700275,10.207993909716606,48.625050112605095,2.760178374592215,102458.88516083347,0.19520025001838803,202.98046875,0,90.1226,14040,,,,0.8
wildchat,LRU-batch,100,5,20000,0.28905,0.0,5781,0,8.920866809785366,7.417052984237671,10.165967978537083,47.9159748647362,2.739526826189831,103300.18254111019,0.19361050007864833,202.98046875,0,90.2653,14120,,,,0.8
wildchat,LRU-batch,100,6,20000,0.28535,0.0,5707,0,8.881134854163975,7.417052984237671,10.041985660791397,47.291978262364864,2.707938081584871,103820.28379136541,0.1926405830308795,202.92578125,0,90.22015,14200,,,,0.8
wildchat,LRU-batch,100,7,20000,0.2895,0.0,5790,0,9.105536591960117,7.709022611379623,10.25001984089613,48.41701593250036,2.7406264620367438,101468.78192557105,0.19710495800245553,202.92578125,0,90.21545,14120,,,,0.8
wildchat,LRU-batch,100,8,20000,0.2976,0.0,5952,0,8.94780878443271,7.542083039879799,10.08401159197092,48.33308048546314,2.7428813162259758,103163.44250461181,0.19386712496634573,202.98046875,0,90.12735,13960,,,,0.8
wildchat,LRU-batch,100,9,20000,0.2822,0.0,5644,0,9.03022579732351,7.500057108700275,10.29099803417921,47.95799031853676,2.7894871425814927,102226.53640796362,0.195643916958943,202.98046875,0,90.28905,14260,,,,0.8
wildchat,LRU-batch,200,0,20000,0.2915,0.0,5830,0,9.12341678631492,7.707974873483181,9.916955605149269,84.45804589428008,2.6378901849966496,101456.79270665193,0.1971282500308007,403.86328125,0,179.0603,14000,,,,0.8
wildchat,LRU-batch,200,1,20000,0.2922,0.0,5844,0,9.228503610938787,7.707974873483181,10.33395528793335,82.41745177656405,2.6662335207220167,100331.55412538591,0.19933908304665238,403.86328125,0,179.072,13960,,,,0.8
wildchat,LRU-batch,200,2,20000,0.29245,0.0,5849,0,9.529244381701574,7.8750308603048325,10.666088201105595,84.41694197244942,2.707134187221527,97044.80378224733,0.206090374966152,403.80859375,0,179.3092,13960,,,,0.8
wildchat,LRU-batch,200,3,20000,0.29755,0.0,5951,0,9.595183789497241,7.9999445006251335,10.874937288463116,83.29151663929217,2.7086206478998065,96602.95703745665,0.2070329999551177,403.80859375,0,179.4274,13880,,,,0.8
wildchat,LRU-batch,200,4,20000,0.3031,0.0,6062,0,9.541632991749793,7.915892638266087,10.791933164000511,84.41694197244942,2.7150975831318647,97081.27147007445,0.20601295900996774,403.86328125,0,179.23545,13760,,,,0.8
wildchat,LRU-batch,200,5,20000,0.299,0.0,5980,0,9.390911128139123,7.9160090535879135,10.417075827717781,83.54091667570174,2.6437812310177833,98778.72455363562,0.20247274998109788,403.86328125,0,179.4261,13840,,,,0.8
wildchat,LRU-batch,200,6,20000,0.29745,0.0,5949,0,9.121891629183665,7.6669966802001,10.207993909716606,82.95936509966843,2.575164323206991,101549.58315671177,0.1969481250271201,403.86328125,0,179.2799,13880,,,,0.8
wildchat,LRU-batch,200,7,20000,0.29925,0.0,5985,0,9.081320674158633,7.707974873483181,9.792041964828968,82.16698188334703,2.5622864544857293,101982.99564135842,0.19611112494021654,403.86328125,0,179.3191,13840,,,,0.8
wildchat,LRU-batch,200,8,20000,0.30675,0.0,6135,0,9.230634017148986,7.792026735842228,10.209041647613049,82.58305955678225,2.5776950758881867,100239.19578771481,0.19952274998649955,403.80859375,0,179.0772,13680,,,,0.8
wildchat,LRU-batch,200,9,20000,0.29505,0.0,5901,0,9.363306034356356,7.917056791484356,10.499963536858559,83.24999362230301,2.619044645689428,99172.42694968349,0.20166895794682205,403.80859375,0,179.43565,13920,,,,0.8
wildchat,LRU-batch,400,0,20000,0.3,0.0,6000,0,10.950312914792448,9.207986295223236,12.167030945420265,22.922463249414292,3.0964529840275645,84549.7935259865,0.23654699989128858,808.7421875,0,355.41385,13600,,,,0.8
wildchat,LRU-batch,400,1,20000,0.3007,0.0,6014,0,11.193700379226357,9.333016350865364,12.416043318808079,31.002092873677277,3.1466607702896,82695.58670225914,0.24185087496880442,808.7421875,0,354.55735,13600,,,,0.8
wildchat,LRU-batch,400,2,20000,0.3005,0.0,6010,0,11.267364030936733,9.375042282044888,12.29101326316595,27.2981007583428,3.1607609533239156,82023.09974850113,0.24383375002071261,808.7421875,0,355.8229,13600,,,,0.8
wildchat,LRU-batch,400,3,20000,0.3059,0.0,6118,0,11.390458728419617,9.499955922365189,12.542004697024822,29.00290768593503,3.1812359753530473,81294.80972623904,0.24601816607173532,808.7421875,0,355.76795,13520,,,,0.8
wildchat,LRU-batch,400,4,20000,0.311,0.0,6220,0,11.216715554473922,9.33394767343998,12.499978765845299,32.97216258942854,3.0802710098214447,82607.93239623072,0.24210750008933246,808.6875,0,355.30215,13440,,,,0.8
wildchat,LRU-batch,400,5,20000,0.30795,0.0,6159,0,11.707348108757287,9.66701190918684,12.875068932771683,41.50496679358104,3.2270500028971583,79223.13789695497,0.252451500040479,808.6875,0,355.72835,13520,,,,0.8
wildchat,LRU-batch,400,6,20000,0.30625,0.0,6125,0,11.642586335074157,9.584007784724236,12.874952517449856,39.166796486824616,3.2975345209706575,79627.83258368596,0.25116845895536244,808.7421875,0,355.5092,13520,,,,0.8
wildchat,LRU-batch,400,7,20000,0.30765,0.0,6153,0,11.045954271685332,9.207986295223236,12.33397051692009,31.55161277390863,3.037831769324839,83976.18854150895,0.2381627500290051,808.7421875,0,355.7578,13520,,,,0.8
wildchat,LRU-batch,400,8,20000,0.3149,0.0,6298,0,11.288892483571544,9.458046406507492,12.542004697024822,34.92035903036541,3.0779773485846817,81946.69858132332,0.2440610829507932,808.7421875,0,354.75345,13360,,,,0.8
wildchat,LRU-batch,400,9,20000,0.3041,0.0,6082,0,11.522659158799797,9.541981853544712,12.750038877129555,39.676800370214636,3.198998363222927,80498.1628600309,0.24845287506468594,808.7421875,0,355.92075,13520,,,,0.8
wildchat,LRU-batch,800,0,20000,0.30915,0.0,6183,0,13.914568966720253,12.208009138703346,16.625039279460907,20.625373581424288,2.991195279173553,67583.78789671058,0.29592895903624594,1622.87109375,0,701.51535,13120,,,,0.8
wildchat,LRU-batch,800,1,20000,0.3096,0.0,6192,0,14.224658953025937,12.582982890307903,16.750069335103035,20.833943272009357,3.058839653385803,66269.05234911577,0.3018000000156462,1622.87109375,0,698.35965,13120,,,,0.8
wildchat,LRU-batch,800,2,20000,0.31005,0.0,6201,0,14.51493261847645,12.959004379808903,17.000013031065464,20.125369774177603,3.083185665309429,65019.188773353504,0.30760150006972253,1622.92578125,0,701.6518,13120,,,,0.8
wildchat,LRU-batch,800,3,20000,0.3148,0.0,6296,0,14.376613876083866,12.91697844862938,17.165904864668846,20.000035874545574,2.9498915129806846,65719.93463979555,0.3043216660153121,1622.92578125,0,701.71335,12960,,,,0.8
wildchat,LRU-batch,800,4,20000,0.32005,0.0,6401,0,14.341593551216647,12.916047126054764,17.124926671385765,20.458023063838482,2.9759318858850747,65681.57072988176,0.30449941707774997,1622.77734375,0,701.28775,12800,,,,0.8
wildchat,LRU-batch,800,5,20000,0.3166,0.0,6332,0,14.279246708611026,12.91697844862938,16.958103515207767,19.458425231277875,2.9185560706537217,66143.86380903385,0.3023712079739198,1622.92578125,0,701.47115,12960,,,,0.8
wildchat,LRU-batch,800,6,20000,0.315,0.0,6300,0,14.448444201843813,13.08403443545103,17.08301715552807,19.417027942836285,2.939719724236056,65285.204539776474,0.3063481249846518,1622.87109375,0,700.3329,12960,,,,0.8
wildchat,LRU-batch,800,7,20000,0.3173,0.0,6346,0,14.512962964363396,13.042008504271507,17.125043086707592,19.91744036786252,2.9615454142913222,65082.60128256819,0.3073017919668928,1622.87109375,0,700.4203,12960,,,,0.8
wildchat,LRU-batch,800,8,20000,0.32355,0.0,6471,0,14.224945125170052,12.790958862751722,16.958144260570407,19.500326598063044,2.897597150877118,66347.91094569757,0.30144129204563797,1622.92578125,0,698.2092,12800,,,,0.8
wildchat,LRU-batch,800,9,20000,0.3132,0.0,6264,0,14.027374918805435,12.457952834665775,16.79093111306429,18.95842258818441,2.866336383158341,67364.10020767427,0.29689404205419123,1622.92578125,0,702.03625,12960,,,,0.8
wildchat,LRU-batch,1600,0,20000,0.3209,0.0,6418,0,17.21185931819491,15.792087651789188,21.79096918553114,24.250010028481483,2.709264704026282,55434.44024286514,0.36078654194716364,3250.96484375,0,1366.31785,12160,,,,0.8
wildchat,LRU-batch,1600,1,20000,0.3218,0.0,6436,0,20.432682702085003,18.584076315164566,25.04093572497368,27.417497476562794,3.5410387616138905,46446.2655987828,0.4306051249150187,3251.36328125,0,1358.344,12160,,,,0.8
wildchat,LRU-batch,1600,2,20000,0.3217,0.0,6434,0,21.590465313056484,19.124941900372505,26.124995201826096,38.54322014376501,3.9589302788954224,43914.831580477934,0.45542699994985014,3251.30859375,0,1364.6066,12160,,,,0.8
wildchat,LRU-batch,1600,3,20000,0.3267,0.0,6534,0,15.312617225572467,13.457960449159145,19.875005818903446,24.082954041659832,2.7703741914592683,61975.35593614382,0.3227089170832187,3251.30859375,0,1364.53605,12160,,,,0.8
wildchat,LRU-batch,1600,4,20000,0.33235,0.0,6647,0,21.804669708944857,19.666040316224098,26.169070042669745,37.792022339999676,3.9265672094188626,43578.74863665301,0.4589392909547314,3251.36328125,0,1363.61085,11840,,,,0.8
wildchat,LRU-batch,1600,5,20000,0.3291,0.0,6582,0,21.63888273644261,19.749975763261318,26.082969270646572,29.000397771596845,3.7017264461610466,43882.380192182805,0.45576379203703254,3251.3359375,0,1365.6318,11840,,,,0.8
wildchat,LRU-batch,1600,6,20000,0.32735,0.0,6547,0,14.177442522486672,12.66703475266695,16.62492286413908,18.583028577268124,2.7139258105307817,66669.37989048826,0.29998779098968953,3250.96484375,0,1357.58465,12160,,,,0.8
wildchat,LRU-batch,1600,7,20000,0.3283,0.0,6566,0,20.492627314524725,18.50002445280552,24.957937421277165,27.499976567924023,3.5281067597679794,46217.24372666643,0.432738917064853,3251.25,0,1368.44405,11840,,,,0.8
wildchat,LRU-batch,1600,8,20000,0.33595,0.0,6719,0,16.00382779724896,13.999990187585354,19.79200169444084,22.334750974550712,3.057158592855558,59093.93472747075,0.33844420907553285,3251.30859375,0,1354.7611,11840,,,,0.8
wildchat,LRU-batch,1600,9,20000,0.3259,0.0,6518,0,13.603442517342046,12.041069567203522,16.252108616754384,20.458023063838482,2.6471790682990104,69245.35395676884,0.2888280419865623,3251.28125,0,1365.5903,12160,,,,0.8
