experiment,corpus,policy,capacity,seed,n_queries,drift_rate,zipf_s,n_epochs,stride,hit_rate,false_hit_rate,n_hits,lat_mean_us,evict_us_per_req,policy_vectors,resident_mean,p_final,p_mean,tau
drift-skew,quora,LRU,200,0,20000,0.0,1.1,6,1,0.5685,0.008091468777484609,11370,6.727526121539995,1.8946025636978447,0,198.5176,,,0.8
drift-skew,quora,LRU,200,1,20000,0.0,1.1,6,1,0.57645,0.0078064012490242,11529,6.62795765674673,1.9150519685354082,0,198.30995,,,0.8
drift-skew,quora,LRU,200,2,20000,0.0,1.1,6,1,0.5642,0.00576036866359447,11284,6.3652670360170305,1.8228251603432,0,198.39145,,,0.8
drift-skew,quora,LRU,200,3,20000,0.0,1.1,6,1,0.57575,0.00998697351280938,11515,5.71523480466567,1.5905175358057022,0,198.28805,,,0.8
drift-skew,quora,LRU,200,0,20000,0.0,0.9,6,1,0.29165,0.0178295902623007,5833,7.420267473207787,2.50627109198831,0,198.88275,,,0.8
drift-skew,quora,LRU,200,1,20000,0.0,0.9,6,1,0.30035,0.017479607125020807,6007,7.723563048057258,2.721418539294973,0,198.79,,,0.8
drift-skew,quora,LRU,200,2,20000,0.0,0.9,6,1,0.29575,0.012341504649196956,5915,7.181238557677716,2.447582269087434,0,198.75535,,,0.8
drift-skew,quora,LRU,200,3,20000,0.0,0.9,6,1,0.29895,0.01806322127446061,5979,6.676970876287669,2.322058699792251,0,198.7429,,,0.8
drift-skew,quora,LRU,200,0,20000,0.0,0.7,6,1,0.10795,0.05789717461787865,2159,7.7608733787201345,2.862147713312879,0,198.9915,,,0.8
drift-skew,quora,LRU,200,1,20000,0.0,0.7,6,1,0.1089,0.06382001836547291,2178,8.066100836731493,3.1114111421629786,0,198.96245,,,0.8
drift-skew,quora,LRU,200,2,20000,0.0,0.7,6,1,0.10755,0.06462110646211065,2151,7.260298891924322,2.724930556723848,0,198.9401,,,0.8
drift-skew,quora,LRU,200,3,20000,0.0,0.7,6,1,0.11385,0.06280193236714976,2277,7.103435217868537,2.660150150768459,0,198.9274,,,0.8
drift-skew,quora,LFU,200,2,20000,0.0,0.9,6,1,0.3511,0.008402164625462831,7022,7.1708003408275545,2.19778471509926,0,198.75535,,,0.8
drift-skew,quora,LFU,200,3,20000,0.0,0.9,6,1,0.3623,0.021943141043334252,7246,7.388629368506372,2.4319900840055197,0,198.7429,,,0.8
drift-skew,quora,LFU,200,4,20000,0.0,0.9,6,1,0.362,0.01339779005524862,7240,6.666373152984306,2.1036058431491256,0,198.83305,,,0.8
drift-skew,quora,ARC-exact,200,0,20000,0.0,0.9,6,1,0.3767,0.01380408813379347,7534,10.05400264984928,5.445708666229621,400,198.88275,0.0,0.0,0.8
drift-skew,quora,LFU,200,2,20000,0.0,0.7,6,1,0.1559,0.05420141116100064,3118,7.449336658464745,2.587197790853679,0,198.9401,,,0.8
drift-skew,quora,LFU,200,3,20000,0.0,0.7,6,1,0.16025,0.05741029641185647,3205,7.832336128922179,2.7850309445057064,0,198.9274,,,0.8
drift-skew,quora,LFU,200,4,20000,0.0,0.7,6,1,0.15715,0.06108813235762011,3143,7.152551371837035,2.512638026382774,0,198.9519,,,0.8
drift-skew,quora,ARC-exact,200,0,20000,0.0,0.7,6,1,0.17025,0.051982378854625554,3405,11.20648438227363,6.7751527996733785,395,198.9915,0.0,0.0,0.8
drift-skew,quora,LRU,200,4,20000,0.0,1.1,6,1,0.5709,0.005430022771063234,11418,6.4923985686618835,1.784714759560302,0,198.38545,,,0.8
drift-skew,quora,ARC,200,0,20000,0.0,1.1,6,1,0.6432,0.024953358208955223,12864,11.344070505583659,6.409465585602447,400,198.5176,5.0,9.429944394779517,0.8
drift-skew,quora,ARC,200,1,20000,0.0,1.1,6,1,0.6455,0.008752904725019365,12910,9.397498006001115,5.11444165604189,400,198.30995,5.0,9.814310298727975,0.8
drift-skew,quora,ARC,200,2,20000,0.0,1.1,6,1,0.6399,0.005782153461478356,12798,10.355698980856687,5.719214759301394,400,198.39145,6.0,7.861518008255688,0.8
drift-skew,quora,ARC,200,3,20000,0.0,0.9,6,1,0.4002,0.017241379310344827,8004,14.375261875102296,9.305398812284693,400,198.7429,3.5,9.720204290912477,0.8
drift-skew,quora,ARC,200,4,20000,0.0,0.9,6,1,0.401,0.014339152119700748,8020,13.192632159916684,8.660058520035818,400,198.83305,9.5,11.368975595823494,0.8
drift-skew,quora,LFU,200,0,20000,0.0,0.9,6,1,0.3437,0.01716613325574629,6874,6.668652774533257,2.182385162450373,0,198.88275,,,0.8
drift-skew,quora,LFU,200,1,20000,0.0,0.9,6,1,0.36015,0.012772455921143967,7203,6.685688626021147,2.171087241731584,0,198.79,,,0.8
drift-skew,quora,ARC-exact,200,1,20000,0.0,0.9,6,1,0.39065,0.018046845001919876,7813,10.794386977795511,5.6607742386404425,400,198.79,0.0,0.0,0.8
drift-skew,quora,ARC-exact,200,2,20000,0.0,0.9,6,1,0.3808,0.009322478991596638,7616,11.175369599368423,6.103119871113449,397,198.75535,0.0,0.0,0.8
drift-skew,quora,ARC-exact,200,3,20000,0.0,0.9,6,1,0.3958,0.017685699848408287,7916,9.538041241466999,5.145472404547036,398,198.7429,0.0,0.0,0.8
drift-skew,quora,ARC-exact,200,4,20000,0.0,0.9,6,1,0.3918,0.019014803471158755,7836,10.377210041042417,5.593319266336039,399,198.83305,0.0,0.0,0.8
drift-skew,quora,ARC,200,3,20000,0.0,0.7,6,1,0.1965,0.08854961832061069,3930,16.694465943146497,11.815723270410672,400,198.9274,17.0,10.319348701454592,0.8
drift-skew,quora,ARC,200,4,20000,0.0,0.7,6,1,0.1958,0.04622063329928498,3916,15.689624543301761,11.037300870520994,400,198.9519,3.0,13.179811766043718,0.8
drift-skew,quora,LFU,200,0,20000,0.0,0.7,6,1,0.1414,0.05233380480905234,2828,7.306470663752407,2.644246892305091,0,198.9915,,,0.8
drift-skew,quora,LFU,200,1,20000,0.0,0.7,6,1,0.1584,0.07859848484848485,3168,7.979520031949505,2.799370215507224,0,198.96245,,,0.8
drift-skew,quora,ARC-exact,200,1,20000,0.0,0.7,6,1,0.1825,0.08301369863013698,3650,12.35861632740125,7.278698123991489,397,198.96245,0.0,0.0,0.8
drift-skew,quora,ARC-exact,200,2,20000,0.0,0.7,6,1,0.18115,0.05879105713497102,3623,12.291506648762152,7.394173805369064,396,198.9401,0.0,0.0,0.8
drift-skew,quora,ARC-exact,200,3,20000,0.0,0.7,6,1,0.18205,0.0736061521560011,3641,11.770049482584,7.078787055797875,396,198.9274,0.0,0.0,0.8
drift-skew,quora,ARC-exact,200,4,20000,0.0,0.7,6,1,0.1839,0.05546492659053834,3678,12.907238252228126,7.652293192222715,399,198.9519,0.0,0.0,0.8
drift-skew,quora,LRU,200,4,20000,0.0,0.9,6,1,0.3074,0.016428106701366296,6148,7.34917534282431,2.428140473784879,0,198.83305,,,0.8
drift-skew,quora,ARC,200,0,20000,0.0,0.9,6,1,0.38695,0.015118232329758367,7739,14.523871254641563,9.55598647124134,400,198.88275,9.0,9.657991394467343,0.8
drift-skew,quora,ARC,200,1,20000,0.0,0.9,6,1,0.40045,0.019103508552878012,8009,12.929909460945055,8.468828332843259,400,198.79,2.0,11.42529969161751,0.8
drift-skew,quora,ARC,200,2,20000,0.0,0.9,6,1,0.3894,0.013097072419106317,7788,14.989943767432123,9.855567064369097,400,198.75535,0.0,8.101775547176477,0.8
drift-skew,quora,LRU,200,4,20000,0.0,0.7,6,1,0.11725,0.06098081023454158,2345,7.756748754763976,2.8372526925522834,0,198.9519,,,0.8
drift-skew,quora,ARC,200,0,20000,0.0,0.7,6,1,0.18235,0.04661365505895256,3647,17.346473562065512,12.39181188866496,400,198.9915,11.0,19.38637587153526,0.8
drift-skew,quora,ARC,200,1,20000,0.0,0.7,6,1,0.1948,0.09394250513347023,3896,15.94231273047626,11.308507987996563,400,198.96245,0.0,11.008343445174209,0.8
drift-skew,quora,ARC,200,2,20000,0.0,0.7,6,1,0.1903,0.07041513399894903,3806,17.20652670483105,12.165339878993109,400,198.9401,6.470588235294116,14.462567600422155,0.8
drift-skew,quora,LRU,200,0,20000,0.0,1.3,6,1,0.79545,0.0024514425796718837,15909,5.630682077025995,1.224353478755802,0,197.38905,,,0.8
drift-skew,quora,LRU,200,1,20000,0.0,1.3,6,1,0.7938,0.0033383723859914337,15876,6.378734786994755,1.4196717005688697,0,197.04985,,,0.8
drift-skew,quora,LRU,200,2,20000,0.0,1.3,6,1,0.78715,0.0011433653052150162,15743,5.468694301089272,1.0633088706526905,0,197.24235,,,0.8
drift-skew,quora,LRU,200,3,20000,0.0,1.3,6,1,0.79725,0.004139228598306679,15945,6.765687972074375,1.456422929186374,0,196.8456,,,0.8
drift-skew,quora,LFU,200,2,20000,0.0,1.1,6,1,0.62235,0.005382823170241825,12447,6.17446776595898,1.6743218002375215,0,198.39145,,,0.8
drift-skew,quora,LFU,200,3,20000,0.0,1.1,6,1,0.6322,0.007750711800063271,12644,6.5999119891785085,1.7617907433304936,0,198.28805,,,0.8
drift-skew,quora,LFU,200,4,20000,0.0,1.1,6,1,0.63305,0.00529184108680199,12661,5.928953690454364,1.549208047799766,0,198.38545,,,0.8
drift-skew,quora,ARC-exact,200,0,20000,0.0,1.1,6,1,0.64025,0.024677860210855135,12805,9.772391297155991,4.22024664003402,397,198.5176,0.0,0.0,0.8
drift-skew,quora,ARC,200,3,20000,0.0,1.1,6,1,0.64885,0.008630654234414734,12977,10.166766191832721,5.6128458003513515,400,198.28805,0.0,10.302413843398872,0.8
drift-skew,quora,ARC,200,4,20000,0.0,1.1,6,1,0.6516,0.004680785758133825,13032,10.769949958194047,5.930152354994789,400,198.38545,7.0,7.976574453357105,0.8
drift-skew,quora,LFU,200,0,20000,0.0,1.1,6,1,0.62905,0.02511724028296638,12581,6.462519051274285,1.66348175262101,0,198.5176,,,0.8
drift-skew,quora,LFU,200,1,20000,0.0,1.1,6,1,0.6305,0.009119746233148296,12610,6.839607970323414,1.76008545095101,0,198.30995,,,0.8
drift-skew,quora,LRU,200,4,20000,0.0,1.3,6,1,0.7942,0.0013220851170989674,15884,5.414527660468593,1.1664217221550643,0,197.0032,,,0.8
drift-skew,quora,ARC,200,0,20000,0.0,1.3,6,1,0.83135,0.0022252962049678234,16627,8.11368654249236,3.2385271973907948,400,197.38905,3.0,8.205098343119753,0.8
drift-skew,quora,ARC,200,1,20000,0.0,1.3,6,1,0.83175,0.002344454463480613,16635,8.361688005970791,3.236028808169067,400,197.04985,5.0,9.76657940330724,0.8
drift-skew,quora,ARC,200,2,20000,0.0,1.3,6,1,0.8273,0.0014505016318143357,16546,7.914331037318334,2.980964764719829,400,197.24235,2.0,9.12568822721691,0.8
drift-skew,quora,ARC-exact,200,1,20000,0.0,1.1,6,1,0.64125,0.007797270955165692,12825,8.351364941336215,3.715800039935857,397,198.30995,0.0,0.0,0.8
drift-skew,quora,ARC-exact,200,2,20000,0.0,1.1,6,1,0.6376,0.004469887076537014,12752,9.050826349994168,4.013103526085615,397,198.39145,0.0,0.0,0.8
drift-skew,quora,ARC-exact,200,3,20000,0.0,1.1,6,1,0.64735,0.007723797018614351,12947,9.004529879894108,3.7682936643250287,398,198.28805,0.0,0.0,0.8
drift-skew,quora,ARC-exact,200,4,20000,0.0,1.1,6,1,0.6459,0.005883263663105744,12918,8.137656253529713,3.362819494213909,400,198.38545,0.0,0.0,0.8
drift-skew,quora,ARC,200,3,20000,0.0,1.3,6,1,0.8357,0.005504367596027283,16714,8.250403893180192,3.3434766985010356,400,196.8456,1.0,7.837828841779224,0.8
drift-skew,quora,ARC,200,4,20000,0.0,1.3,6,1,0.8317,0.0018636527594084406,16634,7.865014066919684,2.9849674261640757,400,197.0032,0.0,9.176926466164742,0.8
drift-skew,quora,LFU,200,0,20000,0.0,1.3,6,1,0.82375,0.0021244309559939304,16475,6.536641175625846,1.4123005792498589,0,197.38905,,,0.8
drift-skew,quora,LFU,200,1,20000,0.0,1.3,6,1,0.81765,0.0024460343667828534,16353,5.94237755285576,1.1433194566052407,0,197.04985,,,0.8
drift-skew,quora,LFU,200,2,20000,0.0,1.3,6,1,0.813,0.0009840098400984009,16260,6.247173686278984,1.401761348824948,0,197.24235,,,0.8
drift-skew,quora,LFU,200,3,20000,0.0,1.3,6,1,0.81815,0.004339057630018945,16363,6.306644174037501,1.2843352684285492,0,196.8456,,,0.8
drift-skew,quora,LFU,200,4,20000,0.0,1.3,6,1,0.8174,0.0012845608025446537,16348,6.393703387584537,1.3808357645757496,0,197.0032,,,0.8
drift-skew,quora,ARC-exact,200,0,20000,0.0,1.3,6,1,0.8288,0.0022924710424710427,16576,6.898405600804836,2.0712361205369234,399,197.38905,0.0,0.0,0.8
drift-skew,quora,LRU,200,0,20000,0.0,1.6,6,1,0.94795,0.0005274539796402763,18959,5.192755797179416,0.7021606841590255,0,191.1268,,,0.8
drift-skew,quora,LRU,200,1,20000,0.0,1.6,6,1,0.94795,0.0009494171633524975,18959,6.075344036798924,0.9605988627299668,0,191.1251,,,0.8
drift-skew,quora,LRU,200,2,20000,0.0,1.6,6,1,0.9442,0.0006884134717220927,18884,5.56660745642148,0.7265188673045486,0,192.08455,,,0.8
drift-skew,quora,LRU,200,3,20000,0.0,1.6,6,1,0.94875,0.0011067193675889327,18975,5.665237101493403,0.8119373465888202,0,191.1211,,,0.8
drift-skew,quora,ARC-exact,200,1,20000,0.0,1.3,6,1,0.83145,0.0025257081003066933,16629,7.192525255959481,2.2162719920743257,395,197.04985,0.0,0.0,0.8
drift-skew,quora,ARC-exact,200,2,20000,0.0,1.3,6,1,0.82755,0.0009667089601836747,16551,7.737321738386527,2.468395628966391,395,197.24235,0.0,0.0,0.8
drift-skew,quora,ARC-exact,200,3,20000,0.0,1.3,6,1,0.83145,0.005171688014913705,16629,6.9777902332134545,2.0615935849491507,392,196.8456,0.0,0.0,0.8
drift-skew,quora,ARC-exact,200,4,20000,0.0,1.3,6,1,0.82835,0.0007243315023842578,16567,7.306834071641788,2.2768761729821563,391,197.0032,0.0,0.0,0.8
drift-skew,quora,ARC,200,3,20000,0.0,1.6,6,1,0.95425,0.0014147236049253341,19085,6.082023988710716,1.225544122280553,400,191.1211,1.0,10.372884795321948,0.8
drift-skew,quora,ARC,200,4,20000,0.0,1.6,6,1,0.9534,0.00020977554017201594,19068,6.48554454674013,1.3744042662438005,400,190.13005,8.0,10.32157022533775,0.8
drift-skew,quora,LFU,200,0,20000,0.0,1.6,6,1,0.95185,0.0005778221358407312,19037,5.279954994330183,0.7956384913995862,0,191.1268,,,0.8
drift-skew,quora,LFU,200,1,20000,0.0,1.6,6,1,0.9534,0.0009439899307740718,19068,6.22004620381631,1.1155642161611468,0,191.1251,,,0.8
drift-skew,quora,LRU,200,4,20000,0.0,1.6,6,1,0.94695,0.00010560219652568773,18939,5.622309574391693,0.7944465498439968,0,190.13005,,,0.8
drift-skew,quora,ARC,200,0,20000,0.0,1.6,6,1,0.95455,0.0005238070294903358,19091,6.717631290666759,1.461607514647767,400,191.1268,2.0,11.540929464285858,0.8
drift-skew,quora,ARC,200,1,20000,0.0,1.6,6,1,0.9548,0.0009949727691663177,19096,5.592483578948304,1.0318881773855537,400,191.1251,1.0,12.291849060457075,0.8
drift-skew,quora,ARC,200,2,20000,0.0,1.6,6,1,0.95105,0.001314336785657957,19021,6.6913321847096086,1.585772429825738,400,192.08455,2.0,6.1806,0.8
drift-skew,quora,LFU,200,2,20000,0.0,1.6,6,1,0.9493,0.0014747708838091225,18986,6.3665523659437895,1.1076313618104905,0,192.08455,,,0.8
drift-skew,quora,LFU,200,3,20000,0.0,1.6,6,1,0.9517,0.0013659766733214247,19034,5.395807925378904,0.7439169625286013,0,191.1211,,,0.8
drift-skew,quora,LFU,200,4,20000,0.0,1.6,6,1,0.95185,0.00015758785522929032,19037,6.056703714421019,1.061271404614672,0,190.13005,,,0.8
drift-skew,quora,ARC-exact,200,0,20000,0.0,1.6,6,1,0.95365,0.0005243013684265716,19073,5.560073425294831,1.05239599943161,368,191.1268,0.0,0.0,0.8
drift-skew,quora,ARC-exact,200,1,20000,0.0,1.6,6,1,0.95345,0.000996381561696995,19069,5.702124611707404,0.9238263068255037,371,191.1251,0.0,0.0,0.8
drift-skew,quora,ARC-exact,200,2,20000,0.0,1.6,6,1,0.95095,0.001314474998685525,19019,6.118765537394211,1.1545116954948753,379,192.08455,0.0,0.0,0.8
drift-skew,quora,ARC-exact,200,3,20000,0.0,1.6,6,1,0.9531,0.00141643059490085,19062,5.637138860765845,1.1062996927648783,368,191.1211,0.0,0.0,0.8
drift-skew,quora,ARC-exact,200,4,20000,0.0,1.6,6,1,0.9528,0.00015743073047858942,19056,4.830031091114506,0.89810456847772,377,190.13005,0.0,0.0,0.8
drift-skew,quora,LRU,200,0,20000,0.02,0.7,6,1,0.10915,0.05222171323866239,2183,7.511144707677886,2.7858473360538483,0,198.98765,,,0.8
drift-skew,quora,LRU,200,1,20000,0.02,0.7,6,1,0.1082,0.07393715341959335,2164,8.448749914532527,3.2814389443956316,0,198.9599,,,0.8
drift-skew,quora,LRU,200,2,20000,0.02,0.7,6,1,0.1067,0.06373008434864105,2134,7.2227163589559495,2.7500442054588348,0,198.936,,,0.8
drift-skew,quora,LRU,200,3,20000,0.02,0.7,6,1,0.1129,0.06111603188662533,2258,9.41172213642858,3.3149031223729253,0,198.93355,,,0.8
drift-skew,quora,LRU,200,0,20000,0.02,0.9,6,1,0.29285,0.01639064367423596,5857,7.947109459200874,2.843313501216471,0,198.8765,,,0.8
drift-skew,quora,LRU,200,1,20000,0.02,0.9,6,1,0.29895,0.01806322127446061,5979,6.611886085011065,2.2542260703630745,0,198.7856,,,0.8
drift-skew,quora,LRU,200,2,20000,0.02,0.9,6,1,0.295,0.014067796610169492,5900,7.565686292946339,2.8422363044228405,0,198.7486,,,0.8
drift-skew,quora,LRU,200,3,20000,0.02,0.9,6,1,0.3005,0.02129783693843594,6010,6.241752719506621,2.1392524999100715,0,198.72965,,,0.8
drift-skew,quora,LFU,200,2,20000,0.02,0.7,6,1,0.15145,0.061736546715087486,3029,8.318245183909312,3.0130893574096262,0,198.936,,,0.8
drift-skew,quora,LFU,200,3,20000,0.02,0.7,6,1,0.14795,0.06319702602230483,2959,7.280254329089075,2.608279068954289,0,198.93355,,,0.8
drift-skew,quora,LFU,200,4,20000,0.02,0.7,6,1,0.1497,0.06279225116900468,2994,7.041035988368094,2.6673014857806265,0,198.96245,,,0.8
drift-skew,quora,ARC-exact,200,0,20000,0.02,0.7,6,1,0.17275,0.053835021707670044,3455,12.925538333365694,7.577403046889231,391,198.98765,0.0,0.0,0.8
drift-skew,quora,LRU,200,0,20000,0.02,1.1,6,1,0.5697,0.017114270668773038,11394,5.808685527881607,1.6262042918242514,0,198.4987,,,0.8
drift-skew,quora,LRU,200,1,20000,0.02,1.1,6,1,0.57385,0.006534808747930644,11477,8.18900716258213,2.594471228076145,0,198.3121,,,0.8
drift-skew,quora,LRU,200,2,20000,0.02,1.1,6,1,0.5641,0.005052295692253146,11282,6.034102075500414,1.703322579851374,0,198.40605,,,0.8
drift-skew,quora,LRU,200,3,20000,0.02,1.1,6,1,0.5753,0.009907874152616026,11506,7.134082412812859,2.1173714427277446,0,198.28655,,,0.8
drift-skew,quora,LFU,200,2,20000,0.02,0.9,6,1,0.35385,0.013988978380669776,7077,6.9452571333386,2.24366367328912,0,198.7486,,,0.8
drift-skew,quora,LFU,200,3,20000,0.02,0.9,6,1,0.35345,0.02503890224925732,7069,6.4875563606619835,2.0678438420873135,0,198.72965,,,0.8
drift-skew,quora,LFU,200,4,20000,0.02,0.9,6,1,0.35135,0.01508467340259001,7027,8.52542407810688,2.4702397699002177,0,198.8298,,,0.8
drift-skew,quora,ARC-exact,200,0,20000,0.02,0.9,6,1,0.3709,0.012267457535723916,7418,11.383745475905016,6.247470254311338,400,198.8765,0.0,0.0,0.8
drift-skew,quora,ARC,200,3,20000,0.02,0.7,6,1,0.19425,0.07541827541827542,3885,18.06593600776978,12.815394747303799,400,198.93355,10.88888888888889,17.264974830596056,0.8
drift-skew,quora,ARC,200,4,20000,0.02,0.7,6,1,0.19015,0.051012358664212464,3803,16.676553548313677,11.81038937647827,400,198.96245,3.0,12.70509516027367,0.8
drift-skew,quora,LFU,200,0,20000,0.02,0.7,6,1,0.1425,0.05543859649122807,2850,7.846360048279166,2.8217752871569246,0,198.98765,,,0.8
drift-skew,quora,LFU,200,1,20000,0.02,0.7,6,1,0.15115,0.09196162752232881,3023,7.7301582670770586,2.7841664967127144,0,198.9599,,,0.8
drift-skew,quora,ARC,200,3,20000,0.02,0.9,6,1,0.3959,0.020333417529679213,7918,13.828765077050775,9.089969261549413,400,198.72965,3.0,10.189218161530968,0.8
drift-skew,quora,ARC,200,4,20000,0.02,0.9,6,1,0.39665,0.015756964578343628,7933,14.339281542925164,9.402998705627397,400,198.8298,3.5,11.763354597313665,0.8
drift-skew,quora,LFU,200,0,20000,0.02,0.9,6,1,0.33125,0.017056603773584905,6625,7.7873515780083835,2.6325410057324916,0,198.8765,,,0.8
drift-skew,quora,LFU,200,1,20000,0.02,0.9,6,1,0.34895,0.01805416248746239,6979,6.899228401016444,2.2345618868712336,0,198.7856,,,0.8
drift-skew,quora,ARC-exact,200,1,20000,0.02,0.7,6,1,0.1751,0.09166190748143918,3502,13.317013718187809,8.02430995972827,398,198.9599,0.0,0.0,0.8
drift-skew,quora,ARC-exact,200,2,20000,0.02,0.7,6,1,0.17745,0.08537616229923922,3549,12.220161111326888,7.458575186319649,392,198.936,0.0,0.0,0.8
drift-skew,quora,ARC-exact,200,3,20000,0.02,0.7,6,1,0.1788,0.07522371364653244,3576,12.131835363106802,7.326268689939752,395,198.93355,0.0,0.0,0.8
drift-skew,quora,ARC-exact,200,4,20000,0.02,0.7,6,1,0.17825,0.0546984572230014,3565,12.560991884674877,7.543528103269637,400,198.96245,0.0,0.0,0.8
drift-skew,quora,ARC-exact,200,1,20000,0.02,0.9,6,1,0.3824,0.018043933054393304,7648,10.120558040216565,5.466970772249624,399,198.7856,0.0,0.0,0.8
drift-skew,quora,ARC-exact,200,2,20000,0.02,0.9,6,1,0.38035,0.011568292362297884,7607,11.191324278479442,5.875992763321847,398,198.7486,0.0,0.0,0.8
drift-skew,quora,ARC-exact,200,3,20000,0.02,0.9,6,1,0.3862,0.022268254790264112,7724,11.009101668605581,6.023767800070345,399,198.72965,0.0,0.0,0.8
drift-skew,quora,ARC-exact,200,4,20000,0.02,0.9,6,1,0.38935,0.022987029664825992,7787,10.373870393959805,5.605278554139659,400,198.8298,0.0,0.0,0.8
drift-skew,quora,LRU,200,4,20000,0.02,0.7,6,1,0.1147,0.047079337401918046,2294,7.57492994889617,2.7914052247069776,0,198.96245,,,0.8
drift-skew,quora,ARC,200,0,20000,0.02,0.7,6,1,0.18595,0.04705566012368916,3719,17.153692879946902,12.18032647157088,400,198.98765,8.254222512803748,19.250326247951175,0.8
drift-skew,quora,ARC,200,1,20000,0.02,0.7,6,1,0.1904,0.08849789915966387,3808,17.639230197528377,12.620679917745292,400,198.9599,12.0,17.956497494674778,0.8
drift-skew,quora,ARC,200,2,20000,0.02,0.7,6,1,0.1893,0.09086106708927628,3786,17.447355698095635,12.393439962761477,400,198.936,7.0,11.404246099244483,0.8
drift-skew,quora,LRU,200,4,20000,0.02,0.9,6,1,0.3051,0.019174041297935103,6102,7.7278015844058245,2.6744373026303947,0,198.8298,,,0.8
drift-skew,quora,ARC,200,0,20000,0.02,0.9,6,1,0.3861,0.014374514374514374,7722,13.81381904357113,9.025937906699255,400,198.8765,17.0,10.62720008859861,0.8
drift-skew,quora,ARC,200,1,20000,0.02,0.9,6,1,0.40035,0.016235793680529537,8007,13.831424131058156,9.04927650699392,400,198.7856,17.666666666666668,12.377442795587905,0.8
drift-skew,quora,ARC,200,2,20000,0.02,0.9,6,1,0.39505,0.013416023288191367,7901,14.75229385541752,9.731454291613773,400,198.7486,1.0,10.21397862755501,0.8
drift-skew,quora,LRU,200,4,20000,0.02,1.1,6,1,0.57175,0.005596851770878881,11435,6.558424298418686,1.960340706864372,0,198.38595,,,0.8
drift-skew,quora,ARC,200,0,20000,0.02,1.1,6,1,0.64125,0.027446393762183236,12825,9.923091670498252,5.522743129404262,400,198.4987,9.0,11.373204745702038,0.8
drift-skew,quora,ARC,200,1,20000,0.02,1.1,6,1,0.64585,0.008593326623829063,12917,11.437954887514934,6.357891391962767,400,198.3121,2.0,10.163370495200498,0.8
drift-skew,quora,ARC,200,2,20000,0.02,1.1,6,1,0.63885,0.005948188150583079,12777,11.437893519178033,6.3224216748494655,400,198.40605,2.0,8.357741711480259,0.8
drift-skew,quora,LFU,200,2,20000,0.02,1.1,6,1,0.6172,0.007939079714841219,12344,6.84531694278121,1.9685008272062987,0,198.40605,,,0.8
drift-skew,quora,LFU,200,3,20000,0.02,1.1,6,1,0.61785,0.00873998543335761,12357,6.50022347108461,1.7559613508637995,0,198.28655,,,0.8
drift-skew,quora,LFU,200,4,20000,0.02,1.1,6,1,0.62085,0.007489731819280019,12417,6.851268449099734,1.9278403196949514,0,198.38595,,,0.8
drift-skew,quora,ARC-exact,200,0,20000,0.02,1.1,6,1,0.63355,0.026832925578091707,12671,8.818112424341962,3.7919171387329698,400,198.4987,0.0,0.0,0.8
drift-skew,quora,ARC,200,3,20000,0.02,1.1,6,1,0.6456,0.0080545229244114,12912,10.454632923938334,5.815746769076213,400,198.28655,2.0,11.40187648831873,0.8
drift-skew,quora,ARC,200,4,20000,0.02,1.1,6,1,0.6452,0.005192188468691878,12904,10.816457378678024,5.9737059636972845,400,198.38595,2.0,11.038745803806156,0.8
drift-skew,quora,LFU,200,0,20000,0.02,1.1,6,1,0.62005,0.028868639625836627,12401,7.061228482052684,1.9103781960438937,0,198.4987,,,0.8
drift-skew,quora,LFU,200,1,20000,0.02,1.1,6,1,0.61235,0.006450559320649955,12247,6.8014616903383285,1.7797216831240803,0,198.3121,,,0.8
drift-skew,quora,LRU,200,0,20000,0.02,1.3,6,1,0.79545,0.0025143000817147527,15909,5.763356655370444,1.2360474793240428,0,197.3632,,,0.8
drift-skew,quora,LRU,200,1,20000,0.02,1.3,6,1,0.79345,0.00327682903774655,15869,6.557229935424402,1.43191876122728,0,197.1227,,,0.8
drift-skew,quora,LRU,200,2,20000,0.02,1.3,6,1,0.7888,0.0008874239350912779,15776,6.355550471926108,1.2789363216143101,0,197.31045,,,0.8
drift-skew,quora,LRU,200,3,20000,0.02,1.3,6,1,0.7974,0.004326561324303988,15948,6.398090347647667,1.331310294335708,0,196.816,,,0.8
drift-skew,quora,ARC-exact,200,1,20000,0.02,1.1,6,1,0.62615,0.007027070190848838,12523,9.432205191114917,4.269133083289489,399,198.3121,0.0,0.0,0.8
drift-skew,quora,ARC-exact,200,2,20000,0.02,1.1,6,1,0.6374,0.006667712582365861,12748,9.033606987213716,3.9923968026414514,399,198.40605,0.0,0.0,0.8
drift-skew,quora,ARC-exact,200,3,20000,0.02,1.1,6,1,0.63245,0.01067278045695312,12649,8.524984453106299,3.633795876521617,399,198.28655,0.0,0.0,0.8
drift-skew,quora,ARC-exact,200,4,20000,0.02,1.1,6,1,0.63425,0.0037051635790303506,12685,9.742025373270735,4.278882610378787,400,198.38595,0.0,0.0,0.8
drift-skew,quora,LRU,200,4,20000,0.02,1.3,6,1,0.79325,0.008446265364008824,15865,5.817908118478954,1.2244311743415892,0,197.01285,,,0.8
drift-skew,quora,ARC,200,0,20000,0.02,1.3,6,1,0.8304,0.0023482658959537574,16608,8.991642348701134,3.647081000963226,400,197.3632,10.0,9.007925367982457,0.8
drift-skew,quora,ARC,200,1,20000,0.02,1.3,6,1,0.8264,0.0021176185866408517,16528,8.020130905788392,3.0214458820410073,400,197.1227,0.0,11.726197077947075,0.8
drift-skew,quora,ARC,200,2,20000,0.02,1.3,6,1,0.82445,0.0010916368488082964,16489,8.998166379751638,3.6295429861638695,400,197.31045,6.0,8.348271649754771,0.8
drift-skew,quora,LRU,200,0,20000,0.02,1.6,6,1,0.9475,0.0006860158311345646,18950,6.0588152904529124,0.9098465961869806,0,190.7175,,,0.8
drift-skew,quora,LRU,200,1,20000,0.02,1.6,6,1,0.94705,0.0014254791193706773,18941,5.724710243521258,0.7584462291561067,0,190.7477,,,0.8
drift-skew,quora,LRU,200,2,20000,0.02,1.6,6,1,0.94345,0.00047697281254968464,18869,6.087639258475974,0.9215636877343059,0,192.1039,,,0.8
drift-skew,quora,LRU,200,3,20000,0.02,1.6,6,1,0.9456,0.0015862944162436548,18912,6.090368138393387,0.941211316967383,0,191.26825,,,0.8
drift-skew,quora,LFU,200,2,20000,0.02,1.3,6,1,0.80735,0.0010528271505542825,16147,6.532418628921732,1.4132523792795837,0,197.31045,,,0.8
drift-skew,quora,LFU,200,3,20000,0.02,1.3,6,1,0.8146,0.005217284556837711,16292,6.261611671652645,1.2736360949929804,0,196.816,,,0.8
drift-skew,quora,LFU,200,4,20000,0.02,1.3,6,1,0.8102,0.010799802517896816,16204,6.4056058472488075,1.3668490573763847,0,197.01285,,,0.8
drift-skew,quora,ARC-exact,200,0,20000,0.02,1.3,6,1,0.8248,0.002303588748787585,16496,7.531288743484765,2.3482846736442298,400,197.3632,0.0,0.0,0.8
drift-skew,quora,ARC,200,3,20000,0.02,1.3,6,1,0.8309,0.004814057046576002,16618,8.352381165605038,3.3895182074047625,400,196.816,6.0,10.697638578164787,0.8
drift-skew,quora,ARC,200,4,20000,0.02,1.3,6,1,0.82715,0.010094904189082996,16543,7.998891058377922,3.0062377161812037,400,197.01285,4.0,9.052409763525013,0.8
drift-skew,quora,LFU,200,0,20000,0.02,1.3,6,1,0.81855,0.003054181174027243,16371,6.766297778813168,1.4795366150792688,0,197.3632,,,0.8
drift-skew,quora,LFU,200,1,20000,0.02,1.3,6,1,0.79615,0.0021980782515857566,15923,6.274020817363635,1.4086080191191286,0,197.1227,,,0.8
drift-skew,quora,LRU,200,4,20000,0.02,1.6,6,1,0.94435,0.00015883941335310001,18887,5.922008334891871,0.913289503660053,0,190.5853,,,0.8
drift-skew,quora,ARC,200,0,20000,0.02,1.6,6,1,0.95275,0.0006822356336919444,19055,6.042650376912206,1.1526308488100767,400,190.7175,12.0,13.471350141889646,0.8
drift-skew,quora,ARC,200,1,20000,0.02,1.6,6,1,0.95325,0.0013637555730396014,19065,6.606138159986585,1.4341639878693968,400,190.7477,7.0,12.662691426026129,0.8
drift-skew,quora,ARC,200,2,20000,0.02,1.6,6,1,0.94975,0.0012108449591997895,18995,6.086003041127697,1.3318434241227806,400,192.1039,0.0,8.799375522446255,0.8
drift-skew,quora,ARC,200,3,20000,0.02,1.6,6,1,0.9517,0.0015761269307554902,19034,6.4076372887939215,1.4306820870842785,400,191.26825,5.0,17.59939988288185,0.8
drift-skew,quora,ARC,200,4,20000,0.02,1.6,6,1,0.95005,0.0002631440450502605,19001,6.053479696856812,1.1944300087634474,400,190.5853,2.0,7.37305,0.8
drift-skew,quora,LFU,200,0,20000,0.02,1.6,6,1,0.9508,0.0006836348338241481,19016,6.148330093128607,1.013813423924148,0,190.7175,,,0.8
drift-skew,quora,LFU,200,1,20000,0.02,1.6,6,1,0.95125,0.0014717477003942181,19025,5.884149012854323,0.9410460770595819,0,190.7477,,,0.8
drift-skew,quora,ARC-exact,200,1,20000,0.02,1.3,6,1,0.8233,0.0024899793513907444,16466,7.524695358006284,2.307580999331549,399,197.1227,0.0,0.0,0.8
drift-skew,quora,ARC-exact,200,2,20000,0.02,1.3,6,1,0.82145,0.0010347556150709111,16429,6.900494283763692,1.995254313806072,396,197.31045,0.0,0.0,0.8
drift-skew,quora,ARC-exact,200,3,20000,0.02,1.3,6,1,0.82585,0.0055094750862747476,16517,7.987448119092733,2.5302479218225926,396,196.816,0.0,0.0,0.8
drift-skew,quora,ARC-exact,200,4,20000,0.02,1.3,6,1,0.8214,0.010104699293888483,16428,6.88232762622647,2.2236229793634266,397,197.01285,0.0,0.0,0.8
drift-skew,quora,LFU,200,2,20000,0.02,1.6,6,1,0.9472,0.0011613175675675676,18944,5.932500504422933,0.8841399219818413,0,192.1039,,,0.8
drift-skew,quora,LFU,200,3,20000,0.02,1.6,6,1,0.9476,0.0014774166314900801,18952,6.399149796925485,1.071414613397792,0,191.26825,,,0.8
drift-skew,quora,LFU,200,4,20000,0.02,1.6,6,1,0.94815,0.00010546854400674998,18963,6.051392859080806,0.9775470069143922,0,190.5853,,,0.8
drift-skew,quora,ARC-exact,200,0,20000,0.02,1.6,6,1,0.95255,0.0006823788777491995,19051,5.492542579304427,1.0379068204201758,373,190.7175,0.0,0.0,0.8
drift-skew,quora,ARC-exact,200,1,20000,0.02,1.6,6,1,0.95235,0.0013650443639418282,19047,6.551218900131062,1.256557391025126,383,190.7477,0.0,0.0,0.8
drift-skew,quora,ARC-exact,200,2,20000,0.02,1.6,6,1,0.94945,0.0011059034177681815,18989,6.2585064268205315,1.2702229199931026,385,192.1039,0.0,0.0,0.8
drift-skew,quora,ARC-exact,200,3,20000,0.02,1.6,6,1,0.9505,0.0015255128879537085,19010,5.701956001576036,1.1143639567308128,377,191.26825,0.0,0.0,0.8
drift-skew,quora,ARC-exact,200,4,20000,0.02,1.6,6,1,0.94915,0.00010535742506453143,18983,5.461091251345351,1.0841232899110764,378,190.5853,0.0,0.0,0.8
drift-skew,quora,LRU,200,0,20000,0.05,0.7,6,1,0.10815,0.044845122515025426,2163,8.902604796458036,3.4306530083995312,0,198.98085,,,0.8
drift-skew,quora,LRU,200,1,20000,0.05,0.7,6,1,0.1099,0.06551410373066424,2198,7.965290697757155,3.0263550812378526,0,198.9649,,,0.8
drift-skew,quora,LRU,200,2,20000,0.05,0.7,6,1,0.10695,0.05095839177185601,2139,7.477101683616638,2.9279580456204712,0,198.9431,,,0.8
drift-skew,quora,LRU,200,3,20000,0.05,0.7,6,1,0.1143,0.05818022747156605,2286,7.622914586681873,2.9608879645820707,0,198.9463,,,0.8
drift-skew,quora,LRU,200,0,20000,0.05,0.9,6,1,0.2932,0.015347885402455661,5864,7.136843778425828,2.455706283217296,0,198.8788,,,0.8
drift-skew,quora,LRU,200,1,20000,0.05,0.9,6,1,0.2995,0.02036727879799666,5990,7.387146115070209,2.5456905423197895,0,198.7958,,,0.8
drift-skew,quora,LRU,200,2,20000,0.05,0.9,6,1,0.2938,0.01531654186521443,5876,7.034432399086654,2.3735191323794425,0,198.75615,,,0.8
drift-skew,quora,LRU,200,3,20000,0.05,0.9,6,1,0.3034,0.021753460777851022,6068,7.823132409248501,2.752433397108689,0,198.7329,,,0.8
drift-skew,quora,LRU,200,0,20000,0.05,1.1,6,1,0.57115,0.019609559660334414,11423,6.534103030571714,1.8514874042011797,0,198.4791,,,0.8
drift-skew,quora,LRU,200,1,20000,0.05,1.1,6,1,0.57295,0.00785408848939698,11459,6.7001557850744575,1.9325997098349035,0,198.28715,,,0.8
drift-skew,quora,LRU,200,2,20000,0.05,1.1,6,1,0.5631,0.005594033031433138,11262,6.003510596929118,1.6893441381398588,0,198.40705,,,0.8
drift-skew,quora,LRU,200,3,20000,0.05,1.1,6,1,0.5726,0.007858889276982186,11452,7.456843688851222,2.229581744177267,0,198.27745,,,0.8
drift-skew,quora,LFU,200,2,20000,0.05,0.7,6,1,0.1442,0.06414701803051318,2884,7.313889695797116,2.5946089648641646,0,198.9431,,,0.8
drift-skew,quora,LFU,200,3,20000,0.05,0.7,6,1,0.1366,0.06771595900439238,2732,7.715286128222942,2.7893129270523787,0,198.9463,,,0.8
drift-skew,quora,LFU,200,4,20000,0.05,0.7,6,1,0.13835,0.056017347307553304,2767,7.484698994085193,2.692154695978388,0,198.95695,,,0.8
drift-skew,quora,ARC-exact,200,0,20000,0.05,0.7,6,1,0.16555,0.08939897311990336,3311,13.232359837274998,8.012221893295646,392,198.98085,0.0,0.0,0.8
drift-skew,quora,LFU,200,2,20000,0.05,0.9,6,1,0.34895,0.009886803266943689,6979,6.913279026048258,2.2095970809459686,0,198.75615,,,0.8
drift-skew,quora,LFU,200,3,20000,0.05,0.9,6,1,0.34125,0.03120879120879121,6825,6.878912658430636,2.2799643455073237,0,198.7329,,,0.8
drift-skew,quora,LFU,200,4,20000,0.05,0.9,6,1,0.34175,0.016532553035844916,6835,6.647817173507065,2.1319423045497388,0,198.8333,,,0.8
drift-skew,quora,ARC-exact,200,0,20000,0.05,0.9,6,1,0.36435,0.016055990119390694,7287,12.217069370672107,6.682790780905634,400,198.8788,0.0,0.0,0.8
drift-skew,quora,ARC,200,3,20000,0.05,0.9,6,1,0.39565,0.02097813724251232,7913,13.833597127813846,9.114994760602713,400,198.7329,1.0,10.774837900078984,0.8
drift-skew,quora,ARC,200,4,20000,0.05,0.9,6,1,0.3977,0.013703796831782751,7954,13.02690245793201,8.567717461846769,400,198.8333,1.0,13.784637084175833,0.8
drift-skew,quora,LFU,200,0,20000,0.05,0.9,6,1,0.3278,0.019524100061012812,6556,8.36793243070133,2.748859324492514,0,198.8788,,,0.8
drift-skew,quora,LFU,200,1,20000,0.05,0.9,6,1,0.35015,0.01642153362844495,7003,8.153513795696199,2.6307859807275236,0,198.7958,,,0.8
drift-skew,quora,ARC,200,3,20000,0.05,0.7,6,1,0.1904,0.0625,3808,16.790306865004823,11.906616197666153,400,198.9463,14.0,12.501399475850999,0.8
drift-skew,quora,ARC,200,4,20000,0.05,0.7,6,1,0.18785,0.04924141602342295,3757,16.377298161387444,11.625053669558838,400,198.95695,9.0,17.25629604097122,0.8
drift-skew,quora,LFU,200,0,20000,0.05,0.7,6,1,0.13295,0.10003760812335465,2659,9.089157381094992,3.5577884525991976,0,198.98085,,,0.8
drift-skew,quora,LFU,200,1,20000,0.05,0.7,6,1,0.14995,0.050016672224074694,2999,8.436889492440969,3.0172551167197526,0,198.9649,,,0.8
drift-skew,quora,ARC-exact,200,1,20000,0.05,0.9,6,1,0.3759,0.023942537909018357,7518,10.65299209440127,5.808807403082028,400,198.7958,0.0,0.0,0.8
drift-skew,quora,ARC-exact,200,2,20000,0.05,0.9,6,1,0.373,0.007774798927613941,7460,10.15813754638657,5.592627904843539,398,198.75615,0.0,0.0,0.8
drift-skew,quora,ARC-exact,200,3,20000,0.05,0.9,6,1,0.3781,0.02697699021422904,7562,12.252814800012857,6.717611022759229,400,198.7329,0.0,0.0,0.8
drift-skew,quora,ARC-exact,200,4,20000,0.05,0.9,6,1,0.3798,0.019615587151132177,7596,12.142976402537897,6.560561445076019,400,198.8333,0.0,0.0,0.8
drift-skew,quora,LRU,200,4,20000,0.05,0.7,6,1,0.1121,0.05396966993755575,2242,8.145160047570243,3.028870379785076,0,198.95695,,,0.8
drift-skew,quora,ARC,200,0,20000,0.05,0.7,6,1,0.18185,0.08221061314270003,3637,16.802409995580092,11.969882220728323,400,198.98085,2.0,20.890339195134313,0.8
drift-skew,quora,ARC,200,1,20000,0.05,0.7,6,1,0.1875,0.058666666666666666,3750,16.791972634382546,11.901565577136353,400,198.9649,6.0,17.923542939171845,0.8
drift-skew,quora,ARC,200,2,20000,0.05,0.7,6,1,0.188,0.05106382978723404,3760,19.30096779251471,13.721952337073162,400,198.9431,3.0,12.454835391529066,0.8
drift-skew,quora,ARC-exact,200,1,20000,0.05,0.7,6,1,0.17635,0.06776297136376525,3527,12.366455740993842,7.41242557996884,398,198.9649,0.0,0.0,0.8
drift-skew,quora,ARC-exact,200,2,20000,0.05,0.7,6,1,0.174,0.05172413793103448,3480,12.234842596808448,7.366669946350157,398,198.9431,0.0,0.0,0.8
drift-skew,quora,ARC-exact,200,3,20000,0.05,0.7,6,1,0.1694,0.06493506493506493,3388,14.193664456252009,8.70347305899486,395,198.9463,0.0,0.0,0.8
drift-skew,quora,ARC-exact,200,4,20000,0.05,0.7,6,1,0.1705,0.04926686217008798,3410,14.221198001177981,8.561284095048904,399,198.95695,0.0,0.0,0.8
drift-skew,quora,LRU,200,4,20000,0.05,0.9,6,1,0.30125,0.018921161825726143,6025,7.0714185072574764,2.395636646542698,0,198.8333,,,0.8
drift-skew,quora,ARC,200,0,20000,0.05,0.9,6,1,0.38415,0.017180788754392814,7683,14.045184600399807,9.273697016760707,400,198.8788,4.0,9.817174053025138,0.8
drift-skew,quora,ARC,200,1,20000,0.05,0.9,6,1,0.3971,0.024804835054142535,7942,15.296733437571675,10.165166854858398,400,198.7958,0.0,13.180559878942328,0.8
drift-skew,quora,ARC,200,2,20000,0.05,0.9,6,1,0.39095,0.013812507993349533,7819,15.660845179809257,10.258920962223783,400,198.75615,6.0,12.202581250940108,0.8
drift-skew,quora,LRU,200,4,20000,0.05,1.1,6,1,0.5672,0.005994358251057828,11344,6.403886852785945,1.8776718468870968,0,198.3825,,,0.8
drift-skew,quora,ARC,200,0,20000,0.05,1.1,6,1,0.64145,0.039519837867331827,12829,9.924786677584052,5.4809153894893825,400,198.4791,0.0,9.5340584447072,0.8
drift-skew,quora,ARC,200,1,20000,0.05,1.1,6,1,0.64335,0.011735447268205487,12867,12.824693194124848,7.181030011270195,400,198.28715,9.0,10.563788319059332,0.8
drift-skew,quora,ARC,200,2,20000,0.05,1.1,6,1,0.6389,0.00657379871654406,12778,11.57833025790751,6.424155557760969,400,198.40705,1.0,10.422706234807535,0.8
drift-skew,quora,ARC,200,3,20000,0.05,1.1,6,1,0.6424,0.009184308841843089,12848,10.424850496929139,5.852019204758108,400,198.27745,3.0,11.639092168253228,0.8
drift-skew,quora,ARC,200,4,20000,0.05,1.1,6,1,0.6439,0.006600403789408293,12878,12.444688414689153,6.90960341016762,400,198.3825,3.0,9.317912940901593,0.8
drift-skew,quora,LFU,200,0,20000,0.05,1.1,6,1,0.61455,0.027743877634041167,12291,7.171031489269808,1.9780732574872673,0,198.4791,,,0.8
drift-skew,quora,LFU,200,1,20000,0.05,1.1,6,1,0.62375,0.009779559118236473,12475,7.722620543790981,2.006967965280637,0,198.28715,,,0.8
drift-skew,quora,LRU,200,0,20000,0.05,1.3,6,1,0.7946,0.002642839164359426,15892,6.592261727200821,1.370854687411338,0,197.3664,,,0.8
drift-skew,quora,LRU,200,1,20000,0.05,1.3,6,1,0.7946,0.0033979360684621195,15892,6.5130614675581455,1.4004421245772392,0,197.03285,,,0.8
drift-skew,quora,LRU,200,2,20000,0.05,1.3,6,1,0.79005,0.0008860198721599899,15801,6.297024374362081,1.2760444486048073,0,197.24655,,,0.8
drift-skew,quora,LRU,200,3,20000,0.05,1.3,6,1,0.798,0.0038847117794486214,15960,10.513080551754683,1.9212164101190865,0,196.8248,,,0.8
drift-skew,quora,LFU,200,2,20000,0.05,1.1,6,1,0.6167,0.006405059185989947,12334,7.90500637376681,2.1114110480993986,0,198.40705,,,0.8
drift-skew,quora,LFU,200,3,20000,0.05,1.1,6,1,0.60705,0.009554402438019933,12141,6.979529681848362,1.9247674266807735,0,198.27745,,,0.8
drift-skew,quora,LFU,200,4,20000,0.05,1.1,6,1,0.6092,0.0041037426132632965,12184,6.549448665464297,1.702478143852204,0,198.3825,,,0.8
drift-skew,quora,ARC-exact,200,0,20000,0.05,1.1,6,1,0.62725,0.02702271821442806,12545,12.50901204184629,5.9833518345840275,400,198.4791,0.0,0.0,0.8
drift-skew,quora,LRU,200,4,20000,0.05,1.3,6,1,0.7905,0.0017077798861480076,15810,6.499210378387943,1.534061407437548,0,197.0476,,,0.8
drift-skew,quora,ARC,200,0,20000,0.05,1.3,6,1,0.8273,0.0029614408316209354,16546,8.573938306653872,3.519256046274677,400,197.3664,21.0,10.329868160717815,0.8
drift-skew,quora,ARC,200,1,20000,0.05,1.3,6,1,0.82765,0.00320183652510119,16553,9.871097787981853,4.11338986014016,400,197.03285,12.0,8.544801314811103,0.8
drift-skew,quora,ARC,200,2,20000,0.05,1.3,6,1,0.82535,0.0008481250378627249,16507,9.68424777383916,3.8699913886375725,400,197.24655,14.0,9.789230937675985,0.8
drift-skew,quora,ARC-exact,200,1,20000,0.05,1.1,6,1,0.62955,0.008895242633627194,12591,9.900962293613702,4.4927689945325255,398,198.28715,0.0,0.0,0.8
drift-skew,quora,ARC-exact,200,2,20000,0.05,1.1,6,1,0.63005,0.004523450519800016,12601,9.176598960766569,4.025496973190457,400,198.40705,0.0,0.0,0.8
drift-skew,quora,ARC-exact,200,3,20000,0.05,1.1,6,1,0.6241,0.007931421246595098,12482,12.091745832003653,5.49533010344021,400,198.27745,0.0,0.0,0.8
drift-skew,quora,ARC-exact,200,4,20000,0.05,1.1,6,1,0.631,0.003961965134706815,12620,9.760913538048044,4.196870676241815,400,198.3825,0.0,0.0,0.8
drift-skew,quora,LFU,200,2,20000,0.05,1.3,6,1,0.8055,0.0006828057107386717,16110,6.200297665782273,1.3604979030787945,0,197.24655,,,0.8
drift-skew,quora,LFU,200,3,20000,0.05,1.3,6,1,0.79985,0.006376195536663124,15997,8.029255882138386,1.7077075375709683,0,196.8248,,,0.8
drift-skew,quora,LFU,200,4,20000,0.05,1.3,6,1,0.79855,0.0008765888172312316,15971,8.479396475013345,2.1226282231509686,0,197.0476,,,0.8
drift-skew,quora,ARC-exact,200,0,20000,0.05,1.3,6,1,0.81875,0.003297709923664122,16375,7.6440063246991485,2.426393300993368,400,197.3664,0.0,0.0,0.8
drift-skew,quora,ARC,200,3,20000,0.05,1.3,6,1,0.83035,0.00644306617691335,16607,8.530228189192712,3.3959092455916107,400,196.8248,10.0,10.453408927920325,0.8
drift-skew,quora,ARC,200,4,20000,0.05,1.3,6,1,0.82375,0.0013960546282245827,16475,10.819105530390516,4.435733775608242,400,197.0476,6.0,11.322190432847817,0.8
drift-skew,quora,LFU,200,0,20000,0.05,1.3,6,1,0.81475,0.0032525314513654497,16295,7.403163559501991,1.6443385975435376,0,197.3664,,,0.8
drift-skew,quora,LFU,200,1,20000,0.05,1.3,6,1,0.8024,0.0034272183449651048,16048,6.215182296000421,1.393435918726027,0,197.03285,,,0.8
drift-skew,quora,LRU,200,0,20000,0.05,1.6,6,1,0.94425,0.0004236166269526079,18885,5.880204244749621,0.8212124288547784,0,190.88055,,,0.8
drift-skew,quora,LRU,200,1,20000,0.05,1.6,6,1,0.94555,0.0029612394902437736,18911,11.707343044690788,1.5797764179296792,0,190.96185,,,0.8
drift-skew,quora,LRU,200,2,20000,0.05,1.6,6,1,0.9416,0.0004248088360237893,18832,6.343237654073164,0.9466442628763616,0,192.4414,,,0.8
drift-skew,quora,LRU,200,3,20000,0.05,1.6,6,1,0.9461,0.001004122185815453,18922,5.7486157573293895,0.8752275607548654,0,191.0659,,,0.8
drift-skew,quora,LRU,200,4,20000,0.05,1.6,6,1,0.9454,0.0002115506663845991,18908,5.9177674818784,0.7718627224676311,0,190.68735,,,0.8
drift-skew,quora,ARC,200,0,20000,0.05,1.6,6,1,0.9515,0.0006831318970047294,19030,10.410982795292512,2.13737630401738,400,190.88055,3.0,14.303078344512242,0.8
drift-skew,quora,ARC,200,1,20000,0.05,1.6,6,1,0.95065,0.0018408457371272286,19013,7.042175059905276,1.51068244013004,400,190.96185,15.0,16.58617735273814,0.8
drift-skew,quora,ARC,200,2,20000,0.05,1.6,6,1,0.94735,0.0010555760806460126,18947,6.34700822411105,1.4213655143976212,400,192.4414,15.37564499484004,9.676846867734978,0.8
drift-skew,quora,LFU,200,2,20000,0.05,1.6,6,1,0.9421,0.0010614584439019212,18842,7.0586240268312395,1.2520807620603591,0,192.4414,,,0.8
drift-skew,quora,LFU,200,3,20000,0.05,1.6,6,1,0.9475,0.0010026385224274406,18950,10.408681980334222,1.9244678260292856,0,191.0659,,,0.8
drift-skew,quora,LFU,200,4,20000,0.05,1.6,6,1,0.9471,0.00021117094287825995,18942,6.457124190637842,1.0576438158750534,0,190.68735,,,0.8
drift-skew,quora,ARC-exact,200,0,20000,0.05,1.6,6,1,0.95095,0.00052578999947421,19019,6.161081284517422,1.20774851529859,385,190.88055,0.0,0.0,0.8
drift-skew,quora,ARC-exact,200,1,20000,0.05,1.3,6,1,0.82145,0.002982530890498509,16429,6.911993387620896,2.1663934167008847,399,197.03285,0.0,0.0,0.8
drift-skew,quora,ARC-exact,200,2,20000,0.05,1.3,6,1,0.81885,0.000549551199853453,16377,10.889149265130982,3.7373842438682914,396,197.24655,0.0,0.0,0.8
drift-skew,quora,ARC-exact,200,3,20000,0.05,1.3,6,1,0.8181,0.0070284806258403614,16362,8.274482900742441,2.658512385096401,400,196.8248,0.0,0.0,0.8
drift-skew,quora,ARC-exact,200,4,20000,0.05,1.3,6,1,0.81755,0.0007950584062136872,16351,7.3075558873824775,2.328248630510643,398,197.0476,0.0,0.0,0.8
drift-skew,quora,ARC,200,3,20000,0.05,1.6,6,1,0.95065,0.0009993162572976384,19013,7.018155895639211,1.3736248714849353,400,191.0659,0.0,13.749860343032296,0.8
drift-skew,quora,ARC,200,4,20000,0.05,1.6,6,1,0.9505,0.00021041557075223566,19010,15.173084667185321,2.6552502415142953,400,190.68735,1.0,14.065571844202188,0.8
drift-skew,quora,LFU,200,0,20000,0.05,1.6,6,1,0.9485,0.0005798629414865578,18970,5.914115533232689,0.9877900534775107,0,190.88055,,,0.8
drift-skew,quora,LFU,200,1,20000,0.05,1.6,6,1,0.94915,0.0019491123636938314,18983,6.018862425116822,1.0704140702728182,0,190.96185,,,0.8
drift-skew,quora,ARC-exact,200,1,20000,0.05,1.6,6,1,0.9498,0.0018424931564539903,18996,15.219590649940073,2.397319010924548,381,190.96185,0.0,0.0,0.8
drift-skew,quora,ARC-exact,200,2,20000,0.05,1.6,6,1,0.9465,0.0010036978341257264,18930,6.392080074874684,1.2528826657216996,389,192.4414,0.0,0.0,0.8
drift-skew,quora,ARC-exact,200,3,20000,0.05,1.6,6,1,0.9498,0.0010002105706464518,18996,5.933974636718631,1.1723838339094073,386,191.0659,0.0,0.0,0.8
drift-skew,quora,ARC-exact,200,4,20000,0.05,1.6,6,1,0.9491,0.0002634074386260668,18982,5.872898228699341,1.183152460725978,387,190.68735,0.0,0.0,0.8
drift-skew,quora,LRU,200,0,20000,0.1,0.7,6,1,0.10705,0.04810836057916861,2141,8.6059448949527,3.180292231263593,0,198.9926,,,0.8
drift-skew,quora,LRU,200,1,20000,0.1,0.7,6,1,0.11385,0.05709266578831796,2277,7.998964050784707,2.991895255399868,0,198.96165,,,0.8
drift-skew,quora,LRU,200,2,20000,0.1,0.7,6,1,0.10685,0.06083294337856809,2137,8.206739742308855,3.117939765797928,0,198.9349,,,0.8
drift-skew,quora,LRU,200,3,20000,0.1,0.7,6,1,0.11295,0.05843293492695883,2259,8.19760580197908,3.1981136999092996,0,198.93145,,,0.8
drift-skew,quora,LRU,200,0,20000,0.1,0.9,6,1,0.2935,0.013969335604770016,5870,7.568655762588605,2.6338526397012174,0,198.8835,,,0.8
drift-skew,quora,LRU,200,1,20000,0.1,0.9,6,1,0.30035,0.019643748959547194,6007,7.509971526451409,2.6616349758114666,0,198.7977,,,0.8
drift-skew,quora,LRU,200,2,20000,0.1,0.9,6,1,0.2888,0.013331024930747922,5776,7.642845995724201,2.7439102181233466,0,198.7668,,,0.8
drift-skew,quora,LRU,200,3,20000,0.1,0.9,6,1,0.3002,0.022485009993337773,6004,7.642827543895692,2.728775015566498,0,198.7407,,,0.8
drift-skew,quora,LRU,200,0,20000,0.1,1.1,6,1,0.5667,0.005999647079583554,11334,6.776254618307576,1.9743541372008622,0,198.4724,,,0.8
drift-skew,quora,LRU,200,1,20000,0.1,1.1,6,1,0.57355,0.007322814052828873,11471,6.722365674795583,1.993941073305905,0,198.2749,,,0.8
drift-skew,quora,LRU,200,2,20000,0.1,1.1,6,1,0.55635,0.004583445672688056,11127,6.676970608532429,1.9604777276981622,0,198.40625,,,0.8
drift-skew,quora,LRU,200,3,20000,0.1,1.1,6,1,0.56955,0.011675884470195769,11391,6.574110669316724,1.9449405663181099,0,198.27405,,,0.8
drift-skew,quora,LFU,200,2,20000,0.1,0.7,6,1,0.1384,0.06358381502890173,2768,7.896508160047233,2.824093122035265,0,198.9349,,,0.8
drift-skew,quora,LFU,200,3,20000,0.1,0.7,6,1,0.15045,0.06979062811565304,3009,7.945199066307396,2.827382873510942,0,198.93145,,,0.8
drift-skew,quora,LFU,200,4,20000,0.1,0.7,6,1,0.13255,0.04639758581667296,2651,8.169349422678351,3.019081719685346,0,198.95695,,,0.8
drift-skew,quora,ARC-exact,200,0,20000,0.1,0.7,6,1,0.16125,0.04806201550387597,3225,12.614147295244038,7.672449795063585,391,198.9926,0.0,0.0,0.8
drift-skew,quora,LFU,200,2,20000,0.1,0.9,6,1,0.32425,0.010331534309946029,6485,7.326387183275074,2.4248191446531564,0,198.7668,,,0.8
drift-skew,quora,LFU,200,3,20000,0.1,0.9,6,1,0.3317,0.02547482665058788,6634,7.321865134872496,2.515170944388956,0,198.7407,,,0.8
drift-skew,quora,LFU,200,4,20000,0.1,0.9,6,1,0.32815,0.017522474478135,6563,7.396463048644364,2.470832539256662,0,198.8294,,,0.8
drift-skew,quora,ARC-exact,200,0,20000,0.1,0.9,6,1,0.35365,0.01951081577831189,7073,11.057911632815376,6.159755808766931,400,198.8835,0.0,0.0,0.8
drift-skew,quora,ARC,200,3,20000,0.1,0.9,6,1,0.39485,0.01924781562618716,7897,14.931745157809928,9.902822057483718,400,198.7407,6.0,12.2125402263087,0.8
drift-skew,quora,ARC,200,4,20000,0.1,0.9,6,1,0.38785,0.011602423617377853,7757,15.370979922590777,10.294151585549116,400,198.8294,4.713438735177865,13.821764483249781,0.8
drift-skew,quora,LFU,200,0,20000,0.1,0.9,6,1,0.31265,0.020150327842635533,6253,7.031808455940336,2.3757474322337657,0,198.8835,,,0.8
drift-skew,quora,LFU,200,1,20000,0.1,0.9,6,1,0.328,0.016615853658536586,6560,7.719970721518621,2.5760264019481838,0,198.7977,,,0.8
drift-skew,quora,ARC,200,3,20000,0.1,0.7,6,1,0.1902,0.06861198738170347,3804,17.932292295154184,12.794034503167495,400,198.93145,5.0,15.784978258597251,0.8
drift-skew,quora,ARC,200,4,20000,0.1,0.7,6,1,0.1812,0.04442604856512141,3624,18.495135568082333,13.228093448560685,400,198.95695,20.14285714285714,15.856124671674005,0.8
drift-skew,quora,LFU,200,0,20000,0.1,0.7,6,1,0.13125,0.06247619047619048,2625,7.2570076561532915,2.6188175892457366,0,198.9926,,,0.8
drift-skew,quora,LFU,200,1,20000,0.1,0.7,6,1,0.133,0.05526315789473684,2660,8.584722800878808,3.011554275872186,0,198.96165,,,0.8
drift-skew,quora,ARC-exact,200,1,20000,0.1,0.9,6,1,0.3599,0.01514309530425118,7198,11.207344761351123,6.181851908331737,400,198.7977,0.0,0.0,0.8
drift-skew,quora,ARC-exact,200,2,20000,0.1,0.9,6,1,0.34795,0.009053024859893663,6959,11.621587921399623,6.498963077319786,399,198.7668,0.0,0.0,0.8
drift-skew,quora,ARC-exact,200,3,20000,0.1,0.9,6,1,0.36715,0.029415770121203867,7343,10.178152087610215,5.584869161248207,400,198.7407,0.0,0.0,0.8
drift-skew,quora,ARC-exact,200,4,20000,0.1,0.9,6,1,0.35605,0.016008987501755372,7121,11.563897575251758,6.455049413489178,399,198.8294,0.0,0.0,0.8
drift-skew,quora,LRU,200,4,20000,0.1,0.7,6,1,0.11105,0.0540297163439892,2221,8.680766250472516,3.172560699749738,0,198.95695,,,0.8
drift-skew,quora,ARC,200,0,20000,0.1,0.7,6,1,0.18275,0.04021887824897401,3655,18.38807789608836,13.1267057324294,400,198.9926,1.0,19.838307111905035,0.8
drift-skew,quora,ARC,200,1,20000,0.1,0.7,6,1,0.189,0.05555555555555555,3780,18.48794372053817,13.206126564182341,400,198.96165,10.235294117647058,17.218408855034927,0.8
drift-skew,quora,ARC,200,2,20000,0.1,0.7,6,1,0.1834,0.062159214830970554,3668,18.21308618527837,13.006721652345732,400,198.9349,17.14285714285714,14.765184595002403,0.8
drift-skew,quora,ARC-exact,200,1,20000,0.1,0.7,6,1,0.167,0.04970059880239521,3340,13.14351373584941,8.013620978454128,398,198.96165,0.0,0.0,0.8
drift-skew,quora,ARC-exact,200,2,20000,0.1,0.7,6,1,0.16175,0.0491499227202473,3235,13.570586120476946,8.272566937375814,397,198.9349,0.0,0.0,0.8
drift-skew,quora,ARC-exact,200,3,20000,0.1,0.7,6,1,0.17175,0.07627365356622999,3435,12.379430286819115,7.467577327042818,398,198.93145,0.0,0.0,0.8
drift-skew,quora,ARC-exact,200,4,20000,0.1,0.7,6,1,0.164,0.04176829268292683,3280,13.286971661727875,7.949801959330216,396,198.95695,0.0,0.0,0.8
drift-skew,quora,LRU,200,4,20000,0.1,1.1,6,1,0.5615,0.007123775601068566,11230,6.839562038658187,2.066905837273225,0,198.4043,,,0.8
drift-skew,quora,ARC,200,0,20000,0.1,1.1,6,1,0.633,0.01627172195892575,12660,11.381917377002537,6.459454860305414,400,198.4724,9.0,11.732365170392514,0.8
drift-skew,quora,ARC,200,1,20000,0.1,1.1,6,1,0.63795,0.00532957128301591,12759,10.627367947017774,5.91369378962554,400,198.2749,3.0,14.191214360204016,0.8
drift-skew,quora,ARC,200,2,20000,0.1,1.1,6,1,0.6309,0.00451735615786971,12618,11.946903809439391,6.670013454277068,400,198.40625,3.0,8.873645427293251,0.8
drift-skew,quora,LRU,200,4,20000,0.1,0.9,6,1,0.2967,0.01482979440512302,5934,7.369779073633254,2.594283386133611,0,198.8294,,,0.8
drift-skew,quora,ARC,200,0,20000,0.1,0.9,6,1,0.3866,0.015261251939989654,7732,15.304868045495823,10.237558954395354,400,198.8835,4.0,11.490604267751081,0.8
drift-skew,quora,ARC,200,1,20000,0.1,0.9,6,1,0.39155,0.015706806282722512,7831,13.871645461767912,9.20437736203894,400,198.7977,22.0,12.185530601590083,0.8
drift-skew,quora,ARC,200,2,20000,0.1,0.9,6,1,0.37885,0.013329813910518675,7577,15.835955610964447,10.57315570069477,400,198.7668,2.0,8.784936248178564,0.8
drift-skew,quora,ARC,200,3,20000,0.1,1.1,6,1,0.6342,0.009303058971933145,12684,10.726146376691759,6.053333100862801,400,198.27405,8.0,12.912861782978538,0.8
drift-skew,quora,ARC,200,4,20000,0.1,1.1,6,1,0.63175,0.006015037593984963,12635,11.061642447020859,6.271319300867617,400,198.4043,5.0,11.201547682639882,0.8
drift-skew,quora,LFU,200,0,20000,0.1,1.1,6,1,0.59475,0.017234131988230348,11895,6.975740165216848,1.9176586414687338,0,198.4724,,,0.8
drift-skew,quora,LFU,200,1,20000,0.1,1.1,6,1,0.5954,0.0053745381256298285,11908,7.025366631569341,1.9039129721932113,0,198.2749,,,0.8
drift-skew,quora,LRU,200,0,20000,0.1,1.3,6,1,0.7933,0.0017647800327744863,15866,5.852734122890979,1.305400038836524,0,197.35285,,,0.8
drift-skew,quora,LRU,200,1,20000,0.1,1.3,6,1,0.7941,0.002518574486840448,15882,6.312863470520824,1.3979373325128108,0,196.9971,,,0.8
drift-skew,quora,LRU,200,2,20000,0.1,1.3,6,1,0.78015,0.0008972633467922835,15603,6.61182205658406,1.4135368983261287,0,197.3657,,,0.8
drift-skew,quora,LRU,200,3,20000,0.1,1.3,6,1,0.79485,0.004906586148329874,15897,6.030963710509241,1.2111644551623613,0,196.8731,,,0.8
drift-skew,quora,LFU,200,2,20000,0.1,1.1,6,1,0.58755,0.005191047570419539,11751,6.461302476236597,1.8073442857712507,0,198.40625,,,0.8
drift-skew,quora,LFU,200,3,20000,0.1,1.1,6,1,0.6018,0.007560651379195746,12036,7.057710440130904,1.9733844790607693,0,198.27405,,,0.8
drift-skew,quora,LFU,200,4,20000,0.1,1.1,6,1,0.5854,0.0058079945336522035,11708,7.179903541691601,1.9403337500989437,0,198.4043,,,0.8
drift-skew,quora,ARC-exact,200,0,20000,0.1,1.1,6,1,0.60965,0.01681292544902813,12193,9.166802547406405,3.976695763412863,399,198.4724,0.0,0.0,0.8
drift-skew,quora,LRU,200,4,20000,0.1,1.3,6,1,0.7862,0.0017807173747138134,15724,5.858442198950797,1.269437582232058,0,197.06555,,,0.8
drift-skew,quora,ARC,200,0,20000,0.1,1.3,6,1,0.8275,0.0022356495468277946,16550,8.766172575997189,3.5179843427613378,400,197.35285,12.0,10.179995082376383,0.8
drift-skew,quora,ARC,200,1,20000,0.1,1.3,6,1,0.82605,0.0034501543490103505,16521,8.538392471382394,3.39550711796619,400,196.9971,12.0,11.84373761880427,0.8
drift-skew,quora,ARC,200,2,20000,0.1,1.3,6,1,0.81875,0.000732824427480916,16375,9.01418060529977,3.687376470770687,400,197.3657,5.0,10.033638550777985,0.8
drift-skew,quora,ARC-exact,200,1,20000,0.1,1.1,6,1,0.6102,0.009750901343821698,12204,8.937233744654804,4.07991660758853,400,198.2749,0.0,0.0,0.8
drift-skew,quora,ARC-exact,200,2,20000,0.1,1.1,6,1,0.6052,0.004213483146067416,12104,9.716987994033843,4.310403071576729,400,198.40625,0.0,0.0,0.8
drift-skew,quora,ARC-exact,200,3,20000,0.1,1.1,6,1,0.60855,0.0077232766411962864,12171,9.280094341374934,4.068147897487506,400,198.27405,0.0,0.0,0.8
drift-skew,quora,ARC-exact,200,4,20000,0.1,1.1,6,1,0.6059,0.0059415745172470705,12118,9.993604116607457,4.434566484997049,400,198.4043,0.0,0.0,0.8
drift-skew,quora,LRU,200,0,20000,0.1,1.6,6,1,0.9445,0.009370037056643727,18890,5.965088080847636,0.8952763048000634,0,190.86385,,,0.8
drift-skew,quora,LRU,200,1,20000,0.1,1.6,6,1,0.9451,0.0005290445455507353,18902,5.84397769998759,0.8074282202869654,0,191.13155,,,0.8
drift-skew,quora,LRU,200,2,20000,0.1,1.6,6,1,0.9386,0.0008523332623055614,18772,5.963104439433664,0.8738857693970203,0,192.5577,,,0.8
drift-skew,quora,LRU,200,3,20000,0.1,1.6,6,1,0.94445,0.0012176398962359045,18889,6.62611533771269,1.0609877528622746,0,191.29585,,,0.8
drift-skew,quora,LFU,200,2,20000,0.1,1.3,6,1,0.7824,0.0007029652351738242,15648,6.513290590373799,1.433824811829254,0,197.3657,,,0.8
drift-skew,quora,LFU,200,3,20000,0.1,1.3,6,1,0.7917,0.005368195023367437,15834,6.368054280756041,1.323541352758184,0,196.8731,,,0.8
drift-skew,quora,LFU,200,4,20000,0.1,1.3,6,1,0.7827,0.0020442059537498403,15654,6.404768634820357,1.3734718493651599,0,197.06555,,,0.8
drift-skew,quora,ARC-exact,200,0,20000,0.1,1.3,6,1,0.8129,0.0019067535982285643,16258,8.603903435869142,2.8938372735865414,399,197.35285,0.0,0.0,0.8
drift-skew,quora,ARC,200,3,20000,0.1,1.3,6,1,0.82645,0.004718978764595559,16529,8.73234621831216,3.6191020684782416,400,196.8731,5.0,9.182099500073178,0.8
drift-skew,quora,ARC,200,4,20000,0.1,1.3,6,1,0.81785,0.001650669438161032,16357,8.38445908157155,3.3034678956028074,400,197.06555,6.359477124183005,14.332972325493552,0.8
drift-skew,quora,LFU,200,0,20000,0.1,1.3,6,1,0.7939,0.0025192089683839275,15878,7.103211974026635,1.543421548558399,0,197.35285,,,0.8
drift-skew,quora,LFU,200,1,20000,0.1,1.3,6,1,0.78615,0.003498060166634866,15723,6.996152701321989,1.5930077352095395,0,196.9971,,,0.8
drift-skew,quora,LFU,200,2,20000,0.1,1.6,6,1,0.93625,0.0012283044058744993,18725,6.258979154517874,1.1121774034108967,0,192.5577,,,0.8
drift-skew,quora,LFU,200,3,20000,0.1,1.6,6,1,0.9388,0.0013314870046868342,18776,5.753795889904723,0.931816449156031,0,191.29585,,,0.8
drift-skew,quora,LFU,200,4,20000,0.1,1.6,6,1,0.9405,0.0005847953216374269,18810,6.593593757133931,1.1074370821006596,0,190.469,,,0.8
drift-skew,quora,ARC-exact,200,0,20000,0.1,1.6,6,1,0.94745,0.009499182014882052,18949,6.634051032597199,1.3049547269474715,385,190.86385,0.0,0.0,0.8
drift-skew,quora,ARC,200,3,20000,0.1,1.6,6,1,0.94755,0.0012136562714368635,18951,6.79570147767663,1.5531677170656621,400,191.29585,10.566951566951566,17.751221528149657,0.8
drift-skew,quora,ARC,200,4,20000,0.1,1.6,6,1,0.9481,0.0005273705305347537,18962,6.2497749051544815,1.3227881980128586,400,190.469,11.473684210526315,10.050581048976872,0.8
drift-skew,quora,LFU,200,0,20000,0.1,1.6,6,1,0.9421,0.0004776562997558646,18842,6.366276281187311,1.135057449573651,0,190.86385,,,0.8
drift-skew,quora,LFU,200,1,20000,0.1,1.6,6,1,0.94305,0.00042415566512910236,18861,6.424423126736656,1.0906780953519046,0,191.13155,,,0.8
drift-skew,quora,LRU,200,4,20000,0.1,1.6,6,1,0.9433,0.000212021626205873,18866,6.214385706698522,0.9366403392050415,0,190.469,,,0.8
drift-skew,quora,ARC,200,0,20000,0.1,1.6,6,1,0.94965,0.009529826778286737,18993,6.237745960243046,1.3440725393593311,400,190.86385,23.84430883973218,14.251945575048236,0.8
drift-skew,quora,ARC,200,1,20000,0.1,1.6,6,1,0.9493,0.0005267038870746866,18986,7.246317306999117,1.6284855897538364,400,191.13155,3.235294117647058,14.868077009988227,0.8
drift-skew,quora,ARC,200,2,20000,0.1,1.6,6,1,0.94425,0.0005824728620598358,18885,7.080215663881972,1.7262639245018363,400,192.5577,0.0,11.640929695111822,0.8
drift-skew,quora,ARC-exact,200,1,20000,0.1,1.3,6,1,0.8055,0.0036623215394165115,16110,7.764764333842322,2.5631927943322808,400,196.9971,0.0,0.0,0.8
drift-skew,quora,ARC-exact,200,2,20000,0.1,1.3,6,1,0.80275,0.000747430706944877,16055,7.461932330625132,2.34012563014403,400,197.3657,0.0,0.0,0.8
drift-skew,quora,ARC-exact,200,3,20000,0.1,1.3,6,1,0.8084,0.005504700643245918,16168,8.430978277465329,2.839310484705493,400,196.8731,0.0,0.0,0.8
drift-skew,quora,ARC-exact,200,4,20000,0.1,1.3,6,1,0.79765,0.0015044192314925093,15953,7.922746968688443,2.7636366721708328,400,197.06555,0.0,0.0,0.8
drift-skew,quora,ARC-exact,200,1,20000,0.1,1.6,6,1,0.94715,0.0005278994879374967,18943,5.948847625404596,1.1138606059830636,389,191.13155,0.0,0.0,0.8
drift-skew,quora,ARC-exact,200,2,20000,0.1,1.6,6,1,0.9393,0.0005855424252102629,18786,6.762333970982581,1.3589524140115827,398,192.5577,0.0,0.0,0.8
drift-skew,quora,ARC-exact,200,3,20000,0.1,1.6,6,1,0.94555,0.0012162233620644069,18911,6.47643671836704,1.3058066368103027,393,191.29585,0.0,0.0,0.8
drift-skew,quora,ARC-exact,200,4,20000,0.1,1.6,6,1,0.9464,0.000581149619611158,18928,5.397266073850915,1.0560133261606097,394,190.469,0.0,0.0,0.8
drift-skew,quora,LRU,200,0,20000,0.2,0.7,6,1,0.109,0.05504587155963303,2180,8.944170398171991,3.338518738746643,0,198.99165,,,0.8
drift-skew,quora,LRU,200,1,20000,0.2,0.7,6,1,0.11275,0.04878048780487805,2255,8.848246152047068,3.254791267681867,0,198.96585,,,0.8
drift-skew,quora,LRU,200,2,20000,0.2,0.7,6,1,0.1062,0.04943502824858757,2124,7.743898360058665,2.9192337242420763,0,198.92245,,,0.8
drift-skew,quora,LRU,200,3,20000,0.2,0.7,6,1,0.11095,0.05362776025236593,2219,6.768944999203086,2.538287144852802,0,198.941,,,0.8
drift-skew,quora,LRU,200,0,20000,0.2,0.9,6,1,0.29015,0.017404790625538513,5803,7.554936100495979,2.616655232850462,0,198.8938,,,0.8
drift-skew,quora,LRU,200,1,20000,0.2,0.9,6,1,0.29565,0.017926602401488245,5913,6.857360043795779,2.445660508237779,0,198.7898,,,0.8
drift-skew,quora,LRU,200,2,20000,0.2,0.9,6,1,0.2908,0.025962861072902337,5816,6.623957492411137,2.217140980064869,0,198.7506,,,0.8
drift-skew,quora,LRU,200,3,20000,0.2,0.9,6,1,0.29935,0.017872056121596792,5987,7.993234158493578,2.7766870334744453,0,198.73315,,,0.8
drift-skew,quora,LFU,200,2,20000,0.2,0.7,6,1,0.11135,0.06960035922766053,2227,8.72619092115201,3.22364634484984,0,198.92245,,,0.8
drift-skew,quora,LFU,200,3,20000,0.2,0.7,6,1,0.12545,0.07732164208848147,2509,7.353412307566032,2.682160335825756,0,198.941,,,0.8
drift-skew,quora,LFU,200,4,20000,0.2,0.7,6,1,0.1074,0.08007448789571694,2148,6.805280642583966,2.444961469154805,0,198.95545,,,0.8
drift-skew,quora,ARC-exact,200,0,20000,0.2,0.7,6,1,0.1463,0.050239234449760764,2926,12.303899409016594,7.2905792272649705,397,198.99165,0.0,0.0,0.8
drift-skew,quora,LRU,200,0,20000,0.2,1.1,6,1,0.565,0.010619469026548672,11300,6.362697738222778,1.8474487587809563,0,198.5172,,,0.8
drift-skew,quora,LRU,200,1,20000,0.2,1.1,6,1,0.5644,0.00956768249468462,11288,6.030798185383901,1.6905765514820814,0,198.31925,,,0.8
drift-skew,quora,LRU,200,2,20000,0.2,1.1,6,1,0.55705,0.014899919217305449,11141,5.850513372570276,1.6312958672642708,0,198.4196,,,0.8
drift-skew,quora,LRU,200,3,20000,0.2,1.1,6,1,0.57135,0.008663691257547913,11427,6.895183102460578,1.9095839525107292,0,198.22855,,,0.8
drift-skew,quora,LFU,200,2,20000,0.2,0.9,6,1,0.29265,0.01998974884674526,5853,6.8933030590415,2.3114730953238904,0,198.7506,,,0.8
drift-skew,quora,LFU,200,3,20000,0.2,0.9,6,1,0.30445,0.017408441451798325,6089,6.344354338943958,2.1229817939456552,0,198.73315,,,0.8
drift-skew,quora,LFU,200,4,20000,0.2,0.9,6,1,0.2627,0.020175104682146935,5254,6.567347387317568,2.1869575371965766,0,198.8351,,,0.8
drift-skew,quora,ARC-exact,200,0,20000,0.2,0.9,6,1,0.31615,0.01423374980230903,6323,12.031842110445723,6.706257944460958,400,198.8938,0.0,0.0,0.8
drift-skew,quora,ARC,200,3,20000,0.2,0.7,6,1,0.1864,0.06571888412017167,3728,18.09324055793695,12.933982006506994,400,198.941,3.5256322624743657,13.779134418609916,0.8
drift-skew,quora,ARC,200,4,20000,0.2,0.7,6,1,0.1753,0.06417569880205362,3506,15.638834738638252,11.10305545735173,400,198.95545,1.0,17.2214205578197,0.8
drift-skew,quora,LFU,200,0,20000,0.2,0.7,6,1,0.10415,0.056649063850216036,2083,8.790629188297316,3.254498989554122,0,198.99165,,,0.8
drift-skew,quora,LFU,200,1,20000,0.2,0.7,6,1,0.11335,0.07631230701367446,2267,7.384496310260147,2.6042755926027894,0,198.96585,,,0.8
drift-skew,quora,ARC,200,3,20000,0.2,0.9,6,1,0.38465,0.017938385545300924,7693,13.676490302896127,9.116208262275904,400,198.73315,0.0,15.712646495253482,0.8
drift-skew,quora,ARC,200,4,20000,0.2,0.9,6,1,0.3732,0.03644158628081458,7464,12.487504741875455,8.27912968234159,400,198.8351,7.0,16.557324797816943,0.8
drift-skew,quora,LFU,200,0,20000,0.2,0.9,6,1,0.2773,0.025063108546700325,5546,7.795403804630041,2.653699362417683,0,198.8938,,,0.8
drift-skew,quora,LFU,200,1,20000,0.2,0.9,6,1,0.28245,0.015400955921402018,5649,6.83411211357452,2.2544906998518854,0,198.7898,,,0.8
drift-skew,quora,LRU,200,4,20000,0.2,0.7,6,1,0.1079,0.056070435588507876,2158,8.823488972848281,3.393518878147006,0,198.95545,,,0.8
drift-skew,quora,ARC,200,0,20000,0.2,0.7,6,1,0.17805,0.043246279135074416,3561,17.2331394511275,12.209265871206298,400,198.99165,17.971014492753625,18.16139922802758,0.8
drift-skew,quora,ARC,200,1,20000,0.2,0.7,6,1,0.1807,0.05174322080796901,3614,15.389789582695812,10.792723094346002,400,198.96585,8.0,19.434086133424042,0.8
drift-skew,quora,ARC,200,2,20000,0.2,0.7,6,1,0.177,0.06271186440677966,3540,16.752393363276497,11.847142910119146,400,198.92245,20.94336238751531,15.02330731008178,0.8
drift-skew,quora,ARC-exact,200,1,20000,0.2,0.9,6,1,0.31485,0.02048594568842306,6297,11.043753055855632,6.15710312849842,400,198.7898,0.0,0.0,0.8
drift-skew,quora,ARC-exact,200,2,20000,0.2,0.9,6,1,0.3164,0.033343868520859674,6328,10.039444878930226,5.571645312011242,400,198.7506,0.0,0.0,0.8
drift-skew,quora,ARC-exact,200,3,20000,0.2,0.9,6,1,0.3342,0.015110712148414123,6684,11.862179054878652,6.760146917076781,400,198.73315,0.0,0.0,0.8
drift-skew,quora,ARC-exact,200,4,20000,0.2,0.9,6,1,0.3087,0.043731778425655975,6174,10.61287599732168,5.890013201860711,400,198.8351,0.0,0.0,0.8
drift-skew,quora,ARC-exact,200,1,20000,0.2,0.7,6,1,0.1453,0.06159669649002065,2906,13.084167602937669,7.925164670450613,398,198.96585,0.0,0.0,0.8
drift-skew,quora,ARC-exact,200,2,20000,0.2,0.7,6,1,0.15215,0.06375287545185672,3043,11.311365565052256,6.816460838308558,399,198.92245,0.0,0.0,0.8
drift-skew,quora,ARC-exact,200,3,20000,0.2,0.7,6,1,0.1547,0.08726567550096961,3094,13.251651829341426,7.985476072644815,400,198.941,0.0,0.0,0.8
drift-skew,quora,ARC-exact,200,4,20000,0.2,0.7,6,1,0.14075,0.06571936056838366,2815,12.160958250751719,7.253798691090196,400,198.95545,0.0,0.0,0.8
drift-skew,quora,LRU,200,4,20000,0.2,1.1,6,1,0.5519,0.007338285921362566,11038,6.227965821744874,1.78897863952443,0,198.37,,,0.8
drift-skew,quora,ARC,200,0,20000,0.2,1.1,6,1,0.62795,0.014730472171351223,12559,9.496805374510586,5.242533748969436,400,198.5172,0.0,13.440719718722706,0.8
drift-skew,quora,ARC,200,1,20000,0.2,1.1,6,1,0.6273,0.006695361071257772,12546,12.090770027134567,6.771849258802831,400,198.31925,2.0,14.011615280960774,0.8
drift-skew,quora,ARC,200,2,20000,0.2,1.1,6,1,0.6235,0.011868484362469928,12470,9.683842537924647,5.352585180662572,400,198.4196,3.0,13.122246453578997,0.8
drift-skew,quora,LRU,200,4,20000,0.2,0.9,6,1,0.2885,0.04176776429809359,5770,7.171758636832237,2.4725102935917675,0,198.8351,,,0.8
drift-skew,quora,ARC,200,0,20000,0.2,0.9,6,1,0.3782,0.01652564780539397,7564,13.24063972570002,8.729537308681756,400,198.8938,1.0,12.285822510829318,0.8
drift-skew,quora,ARC,200,1,20000,0.2,0.9,6,1,0.38125,0.01678688524590164,7625,14.800686051603407,9.836409875424579,400,198.7898,16.971014492753625,17.03307975322546,0.8
drift-skew,quora,ARC,200,2,20000,0.2,0.9,6,1,0.37595,0.03258412022875382,7519,13.592390855774283,8.868748950771987,400,198.7506,13.0,13.291547015013395,0.8
drift-skew,quora,ARC,200,3,20000,0.2,1.1,6,1,0.6332,0.012318382817435249,12664,10.819070163415745,6.110079423524439,400,198.22855,0.0,13.669421055794128,0.8
drift-skew,quora,ARC,200,4,20000,0.2,1.1,6,1,0.61785,0.005260176418224488,12357,10.822180169634521,6.0771404998376966,400,198.37,4.0,12.229950001819308,0.8
drift-skew,quora,LFU,200,0,20000,0.2,1.1,6,1,0.5446,0.014414248990084465,10892,6.104336929274723,1.704696664819494,0,198.5172,,,0.8
drift-skew,quora,LFU,200,1,20000,0.2,1.1,6,1,0.53085,0.007158330978619195,10617,6.117562169674784,1.6817292664200068,0,198.31925,,,0.8
drift-skew,quora,LRU,200,0,20000,0.2,1.3,6,1,0.79185,0.0015154385300246258,15837,5.509357567643747,1.255802484229207,0,197.3365,,,0.8
drift-skew,quora,LRU,200,1,20000,0.2,1.3,6,1,0.7852,0.0012735608762098828,15704,5.815170821733773,1.1552929878234863,0,197.12415,,,0.8
drift-skew,quora,LRU,200,2,20000,0.2,1.3,6,1,0.78315,0.0011492051331162612,15663,5.704253277508542,1.1159736954141408,0,197.2408,,,0.8
drift-skew,quora,LRU,200,3,20000,0.2,1.3,6,1,0.7908,0.004742033383915023,15816,5.3979307296685874,1.0443533246871084,0,196.8761,,,0.8
drift-skew,quora,LFU,200,2,20000,0.2,1.1,6,1,0.53815,0.00882653535259686,10763,7.000526523916051,2.069694787496701,0,198.4196,,,0.8
drift-skew,quora,LFU,200,3,20000,0.2,1.1,6,1,0.55625,0.012943820224719101,11125,6.239981105318293,1.7025875975377858,0,198.22855,,,0.8
drift-skew,quora,LFU,200,4,20000,0.2,1.1,6,1,0.5473,0.006486387721542116,10946,6.263192597543821,1.6904436110053211,0,198.37,,,0.8
drift-skew,quora,ARC-exact,200,0,20000,0.2,1.1,6,1,0.57285,0.011346774897442612,11457,8.117374562425539,3.543575812363997,400,198.5172,0.0,0.0,0.8
drift-skew,quora,LRU,200,4,20000,0.2,1.3,6,1,0.7744,0.0023243801652892563,15488,5.603676114697009,1.2515436217654496,0,196.99065,,,0.8
drift-skew,quora,ARC,200,0,20000,0.2,1.3,6,1,0.8176,0.0016511741682974559,16352,7.155847450485453,2.833226229995489,400,197.3365,1.0,17.62091700723385,0.8
drift-skew,quora,ARC,200,1,20000,0.2,1.3,6,1,0.81305,0.0022138859848717793,16261,7.214096689131111,2.8374528978019953,400,197.12415,21.144385026737964,12.656421264317665,0.8
drift-skew,quora,ARC,200,2,20000,0.2,1.3,6,1,0.81455,0.0015345896507273954,16291,7.4679078184999526,2.864365029381588,400,197.2408,20.0,11.861390516857137,0.8
drift-skew,quora,ARC-exact,200,1,20000,0.2,1.1,6,1,0.55485,0.006758583400919167,11097,8.860414975788444,4.134930181317031,400,198.31925,0.0,0.0,0.8
drift-skew,quora,ARC-exact,200,2,20000,0.2,1.1,6,1,0.55875,0.004742729306487696,11175,8.410992927383631,3.8276482780929655,400,198.4196,0.0,0.0,0.8
drift-skew,quora,ARC-exact,200,3,20000,0.2,1.1,6,1,0.57635,0.013359937537954367,11527,8.595394564326853,3.7178636819589883,400,198.22855,0.0,0.0,0.8
drift-skew,quora,ARC-exact,200,4,20000,0.2,1.1,6,1,0.5611,0.0058813045802887185,11222,7.745128986425698,3.4554787271190435,400,198.37,0.0,0.0,0.8
drift-skew,quora,LRU,200,0,20000,0.2,1.6,6,1,0.9382,0.00021317416329140907,18764,5.310799571452662,0.7102882373146713,0,190.8914,,,0.8
drift-skew,quora,LRU,200,1,20000,0.2,1.6,6,1,0.9386,0.00021308331557639036,18772,5.0583840580657125,0.698215194279328,0,191.1381,,,0.8
drift-skew,quora,LRU,200,2,20000,0.2,1.6,6,1,0.9352,0.00016039349871685202,18704,5.238226783694699,0.6967029476072639,0,191.69125,,,0.8
drift-skew,quora,LRU,200,3,20000,0.2,1.6,6,1,0.94175,0.0010618529333687285,18835,5.152447777800262,0.7184381945990026,0,190.91555,,,0.8
drift-skew,quora,ARC,200,3,20000,0.2,1.3,6,1,0.82005,0.0076824583866837385,16401,7.1686709532514215,2.776481379987672,400,196.8761,1.0,17.505466611974768,0.8
drift-skew,quora,ARC,200,4,20000,0.2,1.3,6,1,0.8066,0.002355566575750062,16132,7.501944061368704,2.957838639849797,400,196.99065,12.38290432705725,14.951309169257312,0.8
drift-skew,quora,LFU,200,0,20000,0.2,1.3,6,1,0.7636,0.0014405447878470404,15272,5.21016726270318,1.1674254725221545,0,197.3365,,,0.8
drift-skew,quora,LFU,200,1,20000,0.2,1.3,6,1,0.74185,0.005391925591426839,14837,6.3241967058274895,1.369893952505663,0,197.12415,,,0.8
drift-skew,quora,LFU,200,2,20000,0.2,1.3,6,1,0.7506,0.0007993605115907274,15012,5.587915738578886,1.213362766429782,0,197.2408,,,0.8
drift-skew,quora,LFU,200,3,20000,0.2,1.3,6,1,0.77185,0.006477942605428516,15437,5.494168523000553,1.170476252445951,0,196.8761,,,0.8
drift-skew,quora,LFU,200,4,20000,0.2,1.3,6,1,0.73755,0.0025083045217273404,14751,5.509940191404894,1.2354633247014135,0,196.99065,,,0.8
drift-skew,quora,ARC-exact,200,0,20000,0.2,1.3,6,1,0.7755,0.0012894906511927789,15510,6.994209432741627,2.2575715905986726,400,197.3365,0.0,0.0,0.8
drift-skew,quora,ARC,200,3,20000,0.2,1.6,6,1,0.9439,0.0010594342621040365,18878,5.86206917068921,1.2109687144402415,400,190.91555,27.528941125153864,26.140714324241078,0.8
drift-skew,quora,ARC,200,4,20000,0.2,1.6,6,1,0.9399,0.0004787743376954995,18798,5.763840599684045,1.2053013138938695,400,190.4673,15.001974973471803,16.453974702941615,0.8
drift-skew,quora,LFU,200,0,20000,0.2,1.6,6,1,0.92815,0.0004848354253084092,18563,4.968527547316626,0.7756316161248833,0,190.8914,,,0.8
drift-skew,quora,LFU,200,1,20000,0.2,1.6,6,1,0.92215,0.0005964322507184298,18443,5.291324167046696,0.8863781462423503,0,191.1381,,,0.8
drift-skew,quora,LRU,200,4,20000,0.2,1.6,6,1,0.93735,0.00048007681228996637,18747,5.488095316104591,0.7235405733808875,0,190.4673,,,0.8
drift-skew,quora,ARC,200,0,20000,0.2,1.6,6,1,0.94175,0.0004778338200159278,18835,5.424652504734695,1.1384118988644332,400,190.8914,33.36893054970995,22.689560271153695,0.8
drift-skew,quora,ARC,200,1,20000,0.2,1.6,6,1,0.9416,0.000318606627017842,18832,5.264346505282447,1.1058850737754256,400,191.1381,29.735121118538096,20.52759085887728,0.8
drift-skew,quora,ARC,200,2,20000,0.2,1.6,6,1,0.94005,0.0007446412424871018,18801,6.224625953473151,1.31573366234079,400,191.69125,11.17223134464514,24.39609861739541,0.8
drift-skew,quora,ARC-exact,200,1,20000,0.2,1.3,6,1,0.7671,0.0038456524573067395,15342,6.181002041557804,2.0680971851106733,400,197.12415,0.0,0.0,0.8
drift-skew,quora,ARC-exact,200,2,20000,0.2,1.3,6,1,0.77175,0.0014901198574667962,15435,6.723478640196845,2.1890324424020946,400,197.2408,0.0,0.0,0.8
drift-skew,quora,ARC-exact,200,3,20000,0.2,1.3,6,1,0.792,0.007702020202020202,15840,6.638519599800929,1.9644293526653203,400,196.8761,0.0,0.0,0.8
drift-skew,quora,ARC-exact,200,4,20000,0.2,1.3,6,1,0.7573,0.0023108411461772085,15146,7.1676498802844435,2.4788507900666445,400,196.99065,0.0,0.0,0.8
drift-skew,quora,LFU,200,2,20000,0.2,1.6,6,1,0.92205,0.0007591779187679627,18441,4.963558365125209,0.8085806155577302,0,191.69125,,,0.8
drift-skew,quora,LFU,200,3,20000,0.2,1.6,6,1,0.9297,0.0010756157900397977,18594,5.471384304109961,0.8357448677998036,0,190.91555,,,0.8
drift-skew,quora,LFU,200,4,20000,0.2,1.6,6,1,0.9181,0.00027230149221217734,18362,5.451629060553387,0.8578948269132525,0,190.4673,,,0.8
drift-skew,quora,ARC-exact,200,0,20000,0.2,1.6,6,1,0.93485,0.0004813606460929561,18697,6.069927528733388,1.1360969045199454,400,190.8914,0.0,0.0,0.8
drift-skew,quora,ARC-exact,200,1,20000,0.2,1.6,6,1,0.93025,0.0005912389142703575,18605,5.486477667000145,1.0253282496705651,400,191.1381,0.0,0.0,0.8
drift-skew,quora,ARC-exact,200,2,20000,0.2,1.6,6,1,0.9288,0.0007536606373815676,18576,5.453280505025759,1.0052517405711114,400,191.69125,0.0,0.0,0.8
drift-skew,quora,ARC-exact,200,3,20000,0.2,1.6,6,1,0.9382,0.0010658708164570454,18764,5.694616038817912,1.1869419715367258,400,190.91555,0.0,0.0,0.8
drift-skew,quora,ARC-exact,200,4,20000,0.2,1.6,6,1,0.92565,0.00010803219359369092,18513,4.672924452461302,0.970192434033379,400,190.4673,0.0,0.0,0.8
drift-skew,quora,LRU,200,0,20000,0.35,0.7,6,1,0.1049,0.0548141086749285,2098,6.660714989993721,2.4398702720645815,0,198.98085,,,0.8
drift-skew,quora,LRU,200,1,20000,0.35,0.7,6,1,0.109,0.052752293577981654,2180,7.153119158465415,2.6043860358186066,0,198.95775,,,0.8
drift-skew,quora,LRU,200,2,20000,0.35,0.7,6,1,0.1107,0.05103884372177055,2214,6.970176490722224,2.587457309709862,0,198.93845,,,0.8
drift-skew,quora,LRU,200,3,20000,0.35,0.7,6,1,0.10995,0.059572532969531605,2199,7.306348945712671,2.7855063905008137,0,198.9462,,,0.8
drift-skew,quora,LRU,200,0,20000,0.35,0.9,6,1,0.28635,0.016238868517548456,5727,6.784032197901979,2.299399964977056,0,198.87625,,,0.8
drift-skew,quora,LRU,200,1,20000,0.35,0.9,6,1,0.29165,0.014400822904165953,5833,6.732386909425259,2.3063028638716787,0,198.8008,,,0.8
drift-skew,quora,LRU,200,2,20000,0.35,0.9,6,1,0.29405,0.016153715354531542,5881,7.167437783209607,2.544144488638267,0,198.75475,,,0.8
drift-skew,quora,LRU,200,3,20000,0.35,0.9,6,1,0.2949,0.017463546965072907,5898,6.04245537542738,2.113428502343595,0,198.7437,,,0.8
drift-skew,quora,LRU,200,0,20000,0.35,1.1,6,1,0.56285,0.003553344585591188,11257,6.242783920606598,1.6802374215330929,0,198.51535,,,0.8
drift-skew,quora,LRU,200,1,20000,0.35,1.1,6,1,0.55595,0.004946487993524598,11119,5.554901930736378,1.5526906005106866,0,198.29915,,,0.8
drift-skew,quora,LRU,200,2,20000,0.35,1.1,6,1,0.5643,0.005670742512847776,11286,5.970925011206418,1.6745887813158333,0,198.39705,,,0.8
drift-skew,quora,LRU,200,3,20000,0.35,1.1,6,1,0.5617,0.005875022253872174,11234,5.031874874839559,1.4301853836514056,0,198.2572,,,0.8
drift-skew,quora,LFU,200,2,20000,0.35,0.7,6,1,0.1006,0.08200795228628231,2012,7.405725429998711,2.6280829566530883,0,198.93845,,,0.8
drift-skew,quora,LFU,200,3,20000,0.35,0.7,6,1,0.09925,0.08614609571788413,1985,7.6636118872556835,2.7477957715746015,0,198.9462,,,0.8
drift-skew,quora,LFU,200,4,20000,0.35,0.7,6,1,0.0975,0.07487179487179488,1950,6.676043424522504,2.421102224616334,0,198.9582,,,0.8
drift-skew,quora,ARC-exact,200,0,20000,0.35,0.7,6,1,0.1204,0.06893687707641195,2408,11.409604555228725,6.925275229150429,400,198.98085,0.0,0.0,0.8
drift-skew,quora,LFU,200,2,20000,0.35,0.9,6,1,0.2537,0.022664564446196293,5074,6.792356300866231,2.2190471936482936,0,198.75475,,,0.8
drift-skew,quora,LFU,200,3,20000,0.35,0.9,6,1,0.254,0.024409448818897637,5080,6.477815582184121,2.124418504536152,0,198.7437,,,0.8
drift-skew,quora,LFU,200,4,20000,0.35,0.9,6,1,0.25985,0.09101404656532615,5197,6.19855506811291,2.050227695144713,0,198.83525,,,0.8
drift-skew,quora,ARC-exact,200,0,20000,0.35,0.9,6,1,0.284,0.01426056338028169,5680,9.816351614426821,5.527009890647605,400,198.87625,0.0,0.0,0.8
drift-skew,quora,ARC,200,3,20000,0.35,0.7,6,1,0.171,0.07456140350877193,3420,15.900945174507797,11.207999975886196,400,198.9462,7.0,21.14592508756924,0.8
drift-skew,quora,ARC,200,4,20000,0.35,0.7,6,1,0.1671,0.04817474566128067,3342,14.299590390874073,10.217793885385618,400,198.9582,8.0,21.262586723114136,0.8
drift-skew,quora,LFU,200,0,20000,0.35,0.7,6,1,0.0767,0.09582790091264667,1534,6.49857156095095,2.384316420648247,0,198.98085,,,0.8
drift-skew,quora,LFU,200,1,20000,0.35,0.7,6,1,0.0873,0.09564719358533791,1746,6.541598599869758,2.3596716055180877,0,198.95775,,,0.8
drift-skew,quora,ARC,200,3,20000,0.35,0.9,6,1,0.3675,0.020816326530612245,7350,12.537121318746358,8.23615517001599,400,198.7437,0.0,23.514047880514948,0.8
drift-skew,quora,ARC,200,4,20000,0.35,0.9,6,1,0.36635,0.06673945680360312,7327,12.56274656043388,8.415879576932639,400,198.83525,12.0,17.232002924471143,0.8
drift-skew,quora,LFU,200,0,20000,0.35,0.9,6,1,0.2501,0.021991203518592562,5002,6.229210953461006,2.128928602905944,0,198.87625,,,0.8
drift-skew,quora,LFU,200,1,20000,0.35,0.9,6,1,0.22205,0.019365007881107857,4441,6.831616291310638,2.3103197861928493,0,198.8008,,,0.8
drift-skew,quora,LRU,200,4,20000,0.35,0.7,6,1,0.1107,0.051942186088527555,2214,7.149873138405383,2.6128061930648983,0,198.9582,,,0.8
drift-skew,quora,ARC,200,0,20000,0.35,0.7,6,1,0.1609,0.06028589185829708,3218,15.948840556666255,11.307112837675959,400,198.98085,16.039734554351107,29.060898640546725,0.8
drift-skew,quora,ARC,200,1,20000,0.35,0.7,6,1,0.1674,0.06093189964157706,3348,13.87552724336274,9.86065689357929,400,198.95775,26.220261086207735,25.646827601868097,0.8
drift-skew,quora,ARC,200,2,20000,0.35,0.7,6,1,0.17045,0.054854796127896746,3409,15.02928277477622,10.730051348218694,400,198.93845,4.80952380952381,24.31302840313162,0.8
drift-skew,quora,ARC-exact,200,1,20000,0.35,0.9,6,1,0.26275,0.018268315889628926,5255,9.980244952021167,5.709787824889645,400,198.8008,0.0,0.0,0.8
drift-skew,quora,ARC-exact,200,2,20000,0.35,0.9,6,1,0.2955,0.017766497461928935,5910,10.061523783951998,5.671984754735604,400,198.75475,0.0,0.0,0.8
drift-skew,quora,ARC-exact,200,3,20000,0.35,0.9,6,1,0.2769,0.020043336944745395,5538,9.594549768371508,5.437592015368864,400,198.7437,0.0,0.0,0.8
drift-skew,quora,ARC-exact,200,4,20000,0.35,0.9,6,1,0.2926,0.0861244019138756,5852,9.718914044788107,5.390862183412537,400,198.83525,0.0,0.0,0.8
drift-skew,quora,ARC-exact,200,1,20000,0.35,0.7,6,1,0.11815,0.08717731696995346,2363,12.003561540041119,7.318304851651192,400,198.95775,0.0,0.0,0.8
drift-skew,quora,ARC-exact,200,2,20000,0.35,0.7,6,1,0.1325,0.05849056603773585,2650,10.918034170754254,6.67000143439509,400,198.93845,0.0,0.0,0.8
drift-skew,quora,ARC-exact,200,3,20000,0.35,0.7,6,1,0.124,0.07943548387096774,2480,10.742000438040122,6.545950152212754,400,198.9462,0.0,0.0,0.8
drift-skew,quora,ARC-exact,200,4,20000,0.35,0.7,6,1,0.13695,0.050018254837531945,2739,10.510300408350304,6.3267565972637385,399,198.9582,0.0,0.0,0.8
drift-skew,quora,LRU,200,4,20000,0.35,0.9,6,1,0.2911,0.0831329440054964,5822,6.69009939301759,2.2780769504606724,0,198.83525,,,0.8
drift-skew,quora,ARC,200,0,20000,0.35,0.9,6,1,0.36415,0.01276946313332418,7283,12.521235772874206,8.317115349927917,400,198.87625,10.0,21.313943229027448,0.8
drift-skew,quora,ARC,200,1,20000,0.35,0.9,6,1,0.3656,0.015317286652078774,7312,12.391619174741209,8.143547258805484,400,198.8008,13.0,21.659566775197792,0.8
drift-skew,quora,ARC,200,2,20000,0.35,0.9,6,1,0.37175,0.016543375924680564,7435,12.867082137381658,8.441440400201827,400,198.75475,1.0,20.23630338802924,0.8
drift-skew,quora,LRU,200,4,20000,0.35,1.1,6,1,0.55815,0.008958165367732689,11163,5.852721375413239,1.676548004616052,0,198.4046,,,0.8
drift-skew,quora,ARC,200,0,20000,0.35,1.1,6,1,0.61945,0.007183792073613689,12389,9.780532313743606,5.539768090238795,400,198.51535,0.0,15.732646919041523,0.8
drift-skew,quora,ARC,200,1,20000,0.35,1.1,6,1,0.6089,0.0058301855805550995,12178,9.363487944938242,5.268907523714006,400,198.29915,9.5,15.729802176013036,0.8
drift-skew,quora,ARC,200,2,20000,0.35,1.1,6,1,0.61755,0.004129220306048093,12351,9.806689794640988,5.468777217902243,400,198.39705,4.0,13.863092118969973,0.8
drift-skew,quora,ARC,200,3,20000,0.35,1.1,6,1,0.6164,0.005191434133679429,12328,9.654829715145752,5.492173536913469,400,198.2572,8.0,15.513171352279914,0.8
drift-skew,quora,ARC,200,4,20000,0.35,1.1,6,1,0.61885,0.006463601842126525,12377,9.212383686099201,5.161167972255498,400,198.4046,11.77233877233877,15.175005646563763,0.8
drift-skew,quora,LFU,200,0,20000,0.35,1.1,6,1,0.50395,0.01021926778450243,10079,5.741012957878411,1.747321744915098,0,198.51535,,,0.8
drift-skew,quora,LFU,200,1,20000,0.35,1.1,6,1,0.46835,0.007793316963809117,9367,5.580249388003722,1.6355435596778989,0,198.29915,,,0.8
drift-skew,quora,LRU,200,0,20000,0.35,1.3,6,1,0.78775,0.0013329101872421453,15755,4.716836690204218,0.9889322274830191,0,197.3071,,,0.8
drift-skew,quora,LRU,200,1,20000,0.35,1.3,6,1,0.7781,0.0055262819688985994,15562,5.152415536576882,1.0781585238873959,0,197.07595,,,0.8
drift-skew,quora,LRU,200,2,20000,0.35,1.3,6,1,0.7845,0.026067558954748247,15690,5.3752946318127215,1.0511692613363266,0,197.2128,,,0.8
drift-skew,quora,LRU,200,3,20000,0.35,1.3,6,1,0.7883,0.0024102499048585563,15766,5.161819921340793,1.021102990489453,0,196.81635,,,0.8
drift-skew,quora,LFU,200,2,20000,0.35,1.1,6,1,0.52015,0.008555224454484284,10403,5.498643621103838,1.6313869622536004,0,198.39705,,,0.8
drift-skew,quora,LFU,200,3,20000,0.35,1.1,6,1,0.50185,0.005778619109295606,10037,6.2978851434309036,1.85250339563936,0,198.2572,,,0.8
drift-skew,quora,LFU,200,4,20000,0.35,1.1,6,1,0.51955,0.006929073236454624,10391,6.060387479374185,1.6833738947752863,0,198.4046,,,0.8
drift-skew,quora,ARC-exact,200,0,20000,0.35,1.1,6,1,0.5336,0.008152173913043478,10672,8.098084636731073,3.739988332381472,400,198.51535,0.0,0.0,0.8
drift-skew,quora,LRU,200,4,20000,0.35,1.3,6,1,0.7821,0.004219409282700422,15642,5.187017406569794,1.0774769820272923,0,197.07125,,,0.8
drift-skew,quora,ARC,200,0,20000,0.35,1.3,6,1,0.8106,0.0019121638292622749,16212,7.217645604396239,2.842979971319437,400,197.3071,18.129704055535257,14.743053344809528,0.8
drift-skew,quora,ARC,200,1,20000,0.35,1.3,6,1,0.80435,0.007148629328028843,16087,7.637479359982535,2.955442137317732,400,197.07595,14.393247724917419,22.193627084932306,0.8
drift-skew,quora,ARC,200,2,20000,0.35,1.3,6,1,0.8068,0.026772434308378782,16136,7.647872267989442,3.028480487409979,400,197.2128,0.0,16.692879276114734,0.8
drift-skew,quora,ARC-exact,200,1,20000,0.35,1.1,6,1,0.4945,0.00788675429726997,9890,8.085596875753254,3.9734404766932134,400,198.29915,0.0,0.0,0.8
drift-skew,quora,ARC-exact,200,2,20000,0.35,1.1,6,1,0.5367,0.007639277063536426,10734,8.511672646272928,3.9025990059599285,400,198.39705,0.0,0.0,0.8
drift-skew,quora,ARC-exact,200,3,20000,0.35,1.1,6,1,0.5135,0.006718597857838364,10270,8.461661671753973,3.9780063496436924,400,198.2572,0.0,0.0,0.8
drift-skew,quora,ARC-exact,200,4,20000,0.35,1.1,6,1,0.53845,0.006500139288699043,10769,9.449750342173502,4.596230498282239,400,198.4046,0.0,0.0,0.8
drift-skew,quora,LRU,200,0,20000,0.35,1.6,6,1,0.9342,0.00010704345964461572,18684,4.7466634307056665,0.6582727131899446,0,190.90385,,,0.8
drift-skew,quora,LRU,200,1,20000,0.35,1.6,6,1,0.93575,0.00112209457654288,18715,5.202419875422493,0.7200033462140709,0,191.0438,,,0.8
drift-skew,quora,LRU,200,2,20000,0.35,1.6,6,1,0.93615,0.0009079741494418629,18723,5.273198086069897,0.722353981109336,0,191.80385,,,0.8
drift-skew,quora,LRU,200,3,20000,0.35,1.6,6,1,0.9393,0.0005323112956456936,18786,5.233168107224628,0.7581827696412802,0,190.70375,,,0.8
drift-skew,quora,LFU,200,2,20000,0.35,1.3,6,1,0.7245,0.0008971704623878537,14490,4.9965462647378445,1.155191706493497,0,197.2128,,,0.8
drift-skew,quora,LFU,200,3,20000,0.35,1.3,6,1,0.7083,0.0037413525342369055,14166,5.404361512046307,1.2610243691597134,0,196.81635,,,0.8
drift-skew,quora,LFU,200,4,20000,0.35,1.3,6,1,0.7317,0.015238485718190515,14634,5.534474982414395,1.2491295055951923,0,197.07125,,,0.8
drift-skew,quora,ARC-exact,200,0,20000,0.35,1.3,6,1,0.7395,0.0014198782961460446,14790,8.170516387326643,3.1400839216075838,400,197.3071,0.0,0.0,0.8
drift-skew,quora,ARC,200,3,20000,0.35,1.3,6,1,0.8077,0.002166646031942553,16154,6.982732779579237,2.805049065500498,400,196.81635,43.9739621873031,15.620295617857899,0.8
drift-skew,quora,ARC,200,4,20000,0.35,1.3,6,1,0.80325,0.011889200124494242,16065,7.74959433474578,3.0739877896849066,400,197.07125,18.88888888888889,22.01198510020774,0.8
drift-skew,quora,LFU,200,0,20000,0.35,1.3,6,1,0.7225,0.0014532871972318339,14450,5.705616303021088,1.343624503351748,0,197.3071,,,0.8
drift-skew,quora,LFU,200,1,20000,0.35,1.3,6,1,0.6988,0.010374928448769319,13976,7.148248009616509,2.015480544650927,0,197.07595,,,0.8
drift-skew,quora,ARC,200,3,20000,0.35,1.6,6,1,0.9398,0.0005320280910832092,18796,5.6188628426752985,1.2061195680871606,400,190.70375,50.23452146207329,33.56973526283137,0.8
drift-skew,quora,ARC,200,4,20000,0.35,1.6,6,1,0.9365,0.0006406833956219968,18730,5.431593407411128,1.240501890424639,400,190.6411,52.869789780350274,35.11382901677056,0.8
drift-skew,quora,LFU,200,0,20000,0.35,1.6,6,1,0.9123,0.00010961306587745259,18246,5.000264931004494,0.8403060433920473,0,190.90385,,,0.8
drift-skew,quora,LFU,200,1,20000,0.35,1.6,6,1,0.901,0.0009433962264150943,18020,7.589975598966703,1.4769987959880382,0,191.0438,,,0.8
drift-skew,quora,LRU,200,4,20000,0.35,1.6,6,1,0.93535,0.0009622066606083284,18707,4.922271001851186,0.6407690001651645,0,190.6411,,,0.8
drift-skew,quora,ARC,200,0,20000,0.35,1.6,6,1,0.93655,0.00016016229779509903,18731,5.829738121246919,1.3131716521456838,400,190.90385,50.807693787977165,25.360540337781103,0.8
drift-skew,quora,ARC,200,1,20000,0.35,1.6,6,1,0.93635,0.0005339883590537726,18727,5.696182185783982,1.2959722836967558,400,191.0438,38.327404216746444,20.68574658347662,0.8
drift-skew,quora,ARC,200,2,20000,0.35,1.6,6,1,0.9386,0.0009588749200937567,18772,8.006720419507474,2.0835362374782562,400,191.80385,31.900150439344735,26.106899894666526,0.8
drift-skew,quora,LFU,200,2,20000,0.35,1.6,6,1,0.9147,0.0011479173499508036,18294,5.297630943823606,0.8479261479806155,0,191.80385,,,0.8
drift-skew,quora,LFU,200,3,20000,0.35,1.6,6,1,0.9134,0.0006568863586599519,18268,5.456859071273357,0.9012258262373507,0,190.70375,,,0.8
drift-skew,quora,LFU,200,4,20000,0.35,1.6,6,1,0.9134,0.0008211079483249398,18268,5.343811243074015,0.8874698483850807,0,190.6411,,,0.8
drift-skew,quora,ARC-exact,200,0,20000,0.35,1.6,6,1,0.91945,0.00010876067214095382,18389,8.262061316054314,1.9536778389010578,400,190.90385,0.0,0.0,0.8
drift-skew,quora,ARC-exact,200,1,20000,0.35,1.3,6,1,0.72895,0.009328486178750258,14579,6.8103942554444075,2.422337350435555,400,197.07595,0.0,0.0,0.8
drift-skew,quora,ARC-exact,200,2,20000,0.35,1.3,6,1,0.74295,0.0008075913587724611,14859,6.662134174257517,2.309144946048036,400,197.2128,0.0,0.0,0.8
drift-skew,quora,ARC-exact,200,3,20000,0.35,1.3,6,1,0.73475,0.002449812861517523,14695,6.801886879839003,2.4191289325244725,400,196.81635,0.0,0.0,0.8
drift-skew,quora,ARC-exact,200,4,20000,0.35,1.3,6,1,0.7509,0.013517112797975763,15018,10.334685363341123,3.795312182046473,400,197.07125,0.0,0.0,0.8
drift-skew,quora,ARC-exact,200,1,20000,0.35,1.6,6,1,0.90925,0.0009348364036293648,18185,5.653827521018684,1.1429650126956403,400,191.0438,0.0,0.0,0.8
drift-skew,quora,ARC-exact,200,2,20000,0.35,1.6,6,1,0.9183,0.0011434171839268213,18366,5.6680560286622494,1.1650590517092496,400,191.80385,0.0,0.0,0.8
drift-skew,quora,ARC-exact,200,3,20000,0.35,1.6,6,1,0.9199,0.0005978910751168606,18398,6.88179672579281,1.62013866356574,400,190.70375,0.0,0.0,0.8
drift-skew,quora,ARC-exact,200,4,20000,0.35,1.6,6,1,0.9169,0.0004362525902497546,18338,7.875718409195542,2.1484254277311265,400,190.6411,0.0,0.0,0.8
drift-skew,quora,LRU,200,0,20000,0.5,0.7,6,1,0.11045,0.05251244907197827,2209,7.183026272105053,2.634794538607821,0,198.98765,,,0.8
drift-skew,quora,LRU,200,1,20000,0.5,0.7,6,1,0.11095,0.04100946372239748,2219,9.974868665449321,3.707386623136699,0,198.96505,,,0.8
drift-skew,quora,LRU,200,2,20000,0.5,0.7,6,1,0.11025,0.05442176870748299,2205,9.787806199165061,3.7418739404529333,0,198.9395,,,0.8
drift-skew,quora,LRU,200,3,20000,0.5,0.7,6,1,0.11455,0.058489742470536885,2291,7.796123961452395,3.000979730859399,0,198.93165,,,0.8
drift-skew,quora,LRU,200,0,20000,0.5,0.9,6,1,0.29585,0.014365387865472368,5917,10.09137632790953,3.411546692950651,0,198.887,,,0.8
drift-skew,quora,LRU,200,1,20000,0.5,0.9,6,1,0.29675,0.013816343723673125,5935,7.748161908239126,2.693055209238082,0,198.79555,,,0.8
drift-skew,quora,LRU,200,2,20000,0.5,0.9,6,1,0.2917,0.016798080219403495,5834,6.75794756389223,2.3190710926428437,0,198.7564,,,0.8
drift-skew,quora,LRU,200,3,20000,0.5,0.9,6,1,0.2948,0.09616689280868386,5896,6.889280793257058,2.6055566675495356,0,198.71915,,,0.8
drift-skew,quora,LRU,200,0,20000,0.5,1.1,6,1,0.56685,0.006527299991179325,11337,8.313426980748773,2.497105981456116,0,198.5029,,,0.8
drift-skew,quora,LRU,200,1,20000,0.5,1.1,6,1,0.5666,0.005118249205788916,11332,6.367812404641882,1.809369691181928,0,198.30525,,,0.8
drift-skew,quora,LRU,200,2,20000,0.5,1.1,6,1,0.55535,0.004861798865580265,11107,7.83520145341754,1.9987115985713897,0,198.3974,,,0.8
drift-skew,quora,LRU,200,3,20000,0.5,1.1,6,1,0.5533,0.008494487619736129,11066,7.1050965576432645,2.008391381241381,0,198.2764,,,0.8
drift-skew,quora,LFU,200,2,20000,0.5,0.9,6,1,0.2297,0.01784936874183718,4594,8.674077707109973,2.9899163637310266,0,198.7564,,,0.8
drift-skew,quora,LFU,200,3,20000,0.5,0.9,6,1,0.2285,0.028665207877461706,4570,7.481789862504229,2.6650079351384193,0,198.71915,,,0.8
drift-skew,quora,LFU,200,4,20000,0.5,0.9,6,1,0.2422,0.012799339388934764,4844,8.503203792497516,2.9890784062445164,0,198.8387,,,0.8
drift-skew,quora,ARC-exact,200,0,20000,0.5,0.9,6,1,0.25345,0.014795817715525744,5069,12.06565304310061,7.086096197599545,400,198.887,0.0,0.0,0.8
drift-skew,quora,LFU,200,2,20000,0.5,0.7,6,1,0.09275,0.11266846361185984,1855,13.50481329136528,5.253487336449325,0,198.9395,,,0.8
drift-skew,quora,LFU,200,3,20000,0.5,0.7,6,1,0.0923,0.10346695557963163,1846,7.909296057187021,2.869221573928371,0,198.93165,,,0.8
drift-skew,quora,LFU,200,4,20000,0.5,0.7,6,1,0.08185,0.07452657299938913,1637,8.170134876854718,2.733014535624534,0,198.9523,,,0.8
drift-skew,quora,ARC-exact,200,0,20000,0.5,0.7,6,1,0.1093,0.07548032936870998,2186,12.693703715922311,7.7508829650469115,400,198.98765,0.0,0.0,0.8
drift-skew,quora,ARC,200,3,20000,0.5,0.7,6,1,0.1645,0.06170212765957447,3290,22.007301240228117,15.648881532251835,400,198.93165,18.208591684707905,37.701236689114104,0.8
drift-skew,quora,ARC,200,4,20000,0.5,0.7,6,1,0.1573,0.04704386522568341,3146,18.00731552648358,12.985846464289352,400,198.9523,32.6701798253344,46.86133901489281,0.8
drift-skew,quora,LFU,200,0,20000,0.5,0.7,6,1,0.0796,0.10741206030150753,1592,8.036516379797831,2.9662114975508302,0,198.98765,,,0.8
drift-skew,quora,LFU,200,1,20000,0.5,0.7,6,1,0.081,0.09691358024691359,1620,7.740077865310013,2.8394295019097626,0,198.96505,,,0.8
drift-skew,quora,ARC,200,3,20000,0.5,0.9,6,1,0.3619,0.017960762641613705,7238,17.193618160672486,11.743736203061417,400,198.71915,19.247978826089383,27.100913654809,0.8
drift-skew,quora,ARC,200,4,20000,0.5,0.9,6,1,0.35845,0.015204352071418608,7169,15.114275115774944,9.898437245283276,400,198.8387,20.05586065684766,31.636787802864035,0.8
drift-skew,quora,LFU,200,0,20000,0.5,0.9,6,1,0.21655,0.020087739552066497,4331,7.699326885631308,2.7328403084538877,0,198.887,,,0.8
drift-skew,quora,LFU,200,1,20000,0.5,0.9,6,1,0.2182,0.027497708524289642,4364,7.339942327234894,2.5429798872210085,0,198.79555,,,0.8
drift-skew,quora,LRU,200,4,20000,0.5,0.7,6,1,0.1082,0.04436229205175601,2164,6.994058052077889,2.6024771330412477,0,198.9523,,,0.8
drift-skew,quora,ARC,200,0,20000,0.5,0.7,6,1,0.15865,0.062401512763945795,3173,22.6564273936674,16.461069806246087,400,198.98765,51.54065818908454,57.11572391805392,0.8
drift-skew,quora,ARC,200,1,20000,0.5,0.7,6,1,0.15865,0.05735896627797037,3173,16.985900641884655,12.364248681114987,400,198.96505,24.944937131770708,50.997313034093814,0.8
drift-skew,quora,ARC,200,2,20000,0.5,0.7,6,1,0.16,0.061875,3200,16.721539897844195,12.030119803966954,400,198.9395,17.19710217639036,43.809675028412556,0.8
drift-skew,quora,LRU,200,4,20000,0.5,1.1,6,1,0.55505,0.004053688856859743,11101,6.924396753311157,2.0847099542152137,0,198.3929,,,0.8
drift-skew,quora,ARC,200,0,20000,0.5,1.1,6,1,0.6148,0.008214053350683148,12296,11.628864717204124,6.718350894516334,400,198.5029,36.23410566274954,27.04128197987433,0.8
drift-skew,quora,ARC,200,1,20000,0.5,1.1,6,1,0.60805,0.006167255982238303,12161,10.778847290202975,6.1865433235652745,400,198.30525,2.0,34.88002755075219,0.8
drift-skew,quora,ARC,200,2,20000,0.5,1.1,6,1,0.60715,0.006258749897060035,12143,10.586349864024669,6.018820812460035,400,198.3974,0.0,23.263606782820695,0.8
drift-skew,quora,ARC-exact,200,1,20000,0.5,0.9,6,1,0.24965,0.021630282395353494,4993,14.036246057366952,8.168168948031962,400,198.79555,0.0,0.0,0.8
drift-skew,quora,ARC-exact,200,2,20000,0.5,0.9,6,1,0.24965,0.017224113759262968,4993,12.13458288111724,6.997629767283797,400,198.7564,0.0,0.0,0.8
drift-skew,quora,ARC-exact,200,3,20000,0.5,0.9,6,1,0.257,0.02159533073929961,5140,11.796515621244907,6.8556719401385635,400,198.71915,0.0,0.0,0.8
drift-skew,quora,ARC-exact,200,4,20000,0.5,0.9,6,1,0.2666,0.01350337584396099,5332,10.982118145329878,6.19037548894994,400,198.8387,0.0,0.0,0.8
drift-skew,quora,ARC-exact,200,1,20000,0.5,0.7,6,1,0.10685,0.08844174075807207,2137,17.13490339461714,10.363761999178678,400,198.96505,0.0,0.0,0.8
drift-skew,quora,ARC-exact,200,2,20000,0.5,0.7,6,1,0.11525,0.0754880694143167,2305,13.52823813795112,8.022500801598653,400,198.9395,0.0,0.0,0.8
drift-skew,quora,ARC-exact,200,3,20000,0.5,0.7,6,1,0.1092,0.07738095238095238,2184,12.757132563274354,7.764650706667454,400,198.93165,0.0,0.0,0.8
drift-skew,quora,ARC-exact,200,4,20000,0.5,0.7,6,1,0.10425,0.04508393285371703,2085,12.785477133002132,7.751788065070287,400,198.9523,0.0,0.0,0.8
drift-skew,quora,LRU,200,4,20000,0.5,0.9,6,1,0.28885,0.013848018002423404,5777,9.922581538558006,3.400874062208459,0,198.8387,,,0.8
drift-skew,quora,ARC,200,0,20000,0.5,0.9,6,1,0.3639,0.01978565539983512,7278,14.654512220295146,9.776011150097474,400,198.887,25.188595150743495,32.36514559937005,0.8
drift-skew,quora,ARC,200,1,20000,0.5,0.9,6,1,0.36125,0.01245674740484429,7225,15.754179970826954,10.640881874132901,400,198.79555,18.86965864435961,32.80334837148962,0.8
drift-skew,quora,ARC,200,2,20000,0.5,0.9,6,1,0.36205,0.016986604060212677,7241,14.566949667641893,9.639042231719941,400,198.7564,5.0,24.84602080402664,0.8
drift-skew,quora,ARC,200,3,20000,0.5,1.1,6,1,0.6031,0.0082904990880451,12062,11.921422905288637,6.840778217883781,400,198.2764,18.175670984675182,32.750719007054684,0.8
drift-skew,quora,ARC,200,4,20000,0.5,1.1,6,1,0.60605,0.0043725765200891015,12121,10.496881225844845,6.0472166165709496,400,198.3929,17.070807694812963,22.509620944274108,0.8
drift-skew,quora,LFU,200,0,20000,0.5,1.1,6,1,0.4681,0.005767998290963469,9362,6.84710408677347,2.179107192205265,0,198.5029,,,0.8
drift-skew,quora,LFU,200,1,20000,0.5,1.1,6,1,0.4578,0.0049148099606815205,9156,6.808229198213667,2.16089227469638,0,198.30525,,,0.8
drift-skew,quora,LFU,200,2,20000,0.5,1.1,6,1,0.4738,0.004537779653862389,9476,6.875511829275638,2.2267587017267942,0,198.3974,,,0.8
drift-skew,quora,LFU,200,3,20000,0.5,1.1,6,1,0.46405,0.012714147182415689,9281,6.833820464089513,2.086039778077975,0,198.2764,,,0.8
drift-skew,quora,LFU,200,4,20000,0.5,1.1,6,1,0.46475,0.006670252824098978,9295,6.9552661560010165,2.0832378941122442,0,198.3929,,,0.8
drift-skew,quora,ARC-exact,200,0,20000,0.5,1.1,6,1,0.4912,0.005496742671009772,9824,9.380276326555759,4.46120910346508,400,198.5029,0.0,0.0,0.8
drift-skew,quora,LRU,200,0,20000,0.5,1.3,6,1,0.7874,0.001143002286004572,15748,5.722267128294334,1.2130838993471116,0,197.4142,,,0.8
drift-skew,quora,LRU,200,1,20000,0.5,1.3,6,1,0.7856,0.0014638492871690428,15712,5.585737619549036,1.2142779130954295,0,197.11235,,,0.8
drift-skew,quora,LRU,200,2,20000,0.5,1.3,6,1,0.77885,0.001476535918341144,15577,6.034414819441736,1.241766125895083,0,197.25295,,,0.8
drift-skew,quora,LRU,200,3,20000,0.5,1.3,6,1,0.77895,0.008665511265164644,15579,6.210594734875485,1.2589823629241437,0,196.9612,,,0.8
drift-skew,quora,LRU,200,4,20000,0.5,1.3,6,1,0.78095,0.004225622639093412,15619,6.10087777604349,1.2998120568227023,0,197.03845,,,0.8
drift-skew,quora,ARC,200,0,20000,0.5,1.3,6,1,0.80345,0.0013068641483601966,16069,8.034816134022549,3.36961611174047,400,197.4142,45.05183880732286,35.795814973574316,0.8
drift-skew,quora,ARC,200,1,20000,0.5,1.3,6,1,0.8032,0.0018675298804780877,16064,8.133817551424727,3.4521178749855608,400,197.11235,54.188339665464426,38.428821329784476,0.8
drift-skew,quora,ARC,200,2,20000,0.5,1.3,6,1,0.79675,0.0010040790712268592,15935,8.454422553768381,3.597937198355794,400,197.25295,20.757176748867238,47.80864790135942,0.8
drift-skew,quora,ARC-exact,200,1,20000,0.5,1.1,6,1,0.48785,0.005636978579481398,9757,8.938274678075686,4.483961826190352,400,198.30525,0.0,0.0,0.8
drift-skew,quora,ARC-exact,200,2,20000,0.5,1.1,6,1,0.49485,0.0038395473375770436,9897,9.377603611210361,4.606208531185985,400,198.3974,0.0,0.0,0.8
drift-skew,quora,ARC-exact,200,3,20000,0.5,1.1,6,1,0.4905,0.010091743119266056,9810,9.392994426889345,4.508549883030355,400,198.2764,0.0,0.0,0.8
drift-skew,quora,ARC-exact,200,4,20000,0.5,1.1,6,1,0.49405,0.0075903248659042605,9881,9.572317043785006,4.6918007312342525,400,198.3929,0.0,0.0,0.8
drift-skew,quora,LRU,200,0,20000,0.5,1.6,6,1,0.9355,0.0005879208979155531,18710,5.7342929183505476,0.8719129662495106,0,190.87075,,,0.8
drift-skew,quora,LRU,200,1,20000,0.5,1.6,6,1,0.93565,0.00042751028696628014,18713,5.511739029316232,0.8332362631335855,0,191.0835,,,0.8
drift-skew,quora,LRU,200,2,20000,0.5,1.6,6,1,0.93045,0.00021494975549465312,18609,5.427904438693076,0.8022863534279168,0,192.29105,,,0.8
drift-skew,quora,LRU,200,3,20000,0.5,1.6,6,1,0.93305,0.0011789293178286265,18661,5.292705347528681,0.7659664086531848,0,191.2176,,,0.8
drift-skew,quora,LFU,200,2,20000,0.5,1.3,6,1,0.69325,0.0033177064551027768,13865,6.304991024080664,1.5487914206460118,0,197.25295,,,0.8
drift-skew,quora,LFU,200,3,20000,0.5,1.3,6,1,0.6815,0.008950843727072635,13630,6.1651569325476885,1.504066283814609,0,196.9612,,,0.8
drift-skew,quora,LFU,200,4,20000,0.5,1.3,6,1,0.68135,0.005210244367799222,13627,6.439398624934256,1.5958270989358425,0,197.03845,,,0.8
drift-skew,quora,ARC-exact,200,0,20000,0.5,1.3,6,1,0.7087,0.0009877240016932412,14174,7.212692406028509,2.792632923228666,400,197.4142,0.0,0.0,0.8
drift-skew,quora,LRU,200,4,20000,0.5,1.6,6,1,0.93715,0.0005868857706877234,18743,5.478606920223683,0.7963575364556164,0,190.31415,,,0.8
drift-skew,quora,ARC,200,0,20000,0.5,1.6,6,1,0.9344,0.0005351027397260274,18688,6.268171803094447,1.5016971912700683,400,190.87075,75.58746332165815,42.78060123602012,0.8
drift-skew,quora,ARC,200,1,20000,0.5,1.6,6,1,0.9349,0.0006417798695047598,18698,6.467170978430659,1.551445381483063,400,191.0835,70.39210401934346,41.26080742207523,0.8
drift-skew,quora,ARC,200,2,20000,0.5,1.6,6,1,0.93105,0.0019333011116481392,18621,5.964173376560211,1.602658984484151,400,192.29105,76.34007118234553,44.67439887513869,0.8
drift-skew,quora,ARC,200,3,20000,0.5,1.6,6,1,0.9342,0.001177478056090773,18684,6.268935353728011,1.478491397574544,400,191.2176,67.80554678836947,38.553794162731364,0.8
drift-skew,quora,ARC,200,4,20000,0.5,1.6,6,1,0.9364,0.0005339598462195643,18728,6.118960113963112,1.4844403369352221,400,190.31415,62.38290463758389,33.75802780894506,0.8
drift-skew,quora,LFU,200,0,20000,0.5,1.6,6,1,0.8902,0.0006178386879352954,17804,5.67244136473164,1.0413224517833441,0,190.87075,,,0.8
drift-skew,quora,LFU,200,1,20000,0.5,1.6,6,1,0.89505,0.0006144908105692419,17901,5.508377979276702,1.1008064728230238,0,191.0835,,,0.8
drift-skew,quora,LFU,200,2,20000,0.5,1.6,6,1,0.89345,0.002406402148973082,17869,5.691221717279404,1.0583120922092348,0,192.29105,,,0.8
drift-skew,quora,LFU,200,3,20000,0.5,1.6,6,1,0.89085,0.0007296402312398271,17817,5.768826219718903,1.1599421559367329,0,191.2176,,,0.8
drift-skew,quora,LFU,200,4,20000,0.5,1.6,6,1,0.9,0.00016666666666666666,18000,5.937432439532131,1.095290231751278,0,190.31415,,,0.8
drift-skew,quora,ARC-exact,200,0,20000,0.5,1.6,6,1,0.89645,0.0006135311506497852,17929,6.182131636887789,1.559716381598264,400,190.87075,0.0,0.0,0.8
drift-skew,quora,ARC,200,3,20000,0.5,1.3,6,1,0.7986,0.008953168044077135,15972,7.941138627938926,3.428295743651688,400,196.9612,13.213438735177865,32.35388949962718,0.8
drift-skew,quora,ARC,200,4,20000,0.5,1.3,6,1,0.79775,0.00419931056095268,15955,8.489681506762281,3.4364438673947006,400,197.03845,49.63294640881043,39.921672740611946,0.8
drift-skew,quora,LFU,200,0,20000,0.5,1.3,6,1,0.693,0.000937950937950938,13860,6.672753416933119,1.630774250952527,0,197.4142,,,0.8
drift-skew,quora,LFU,200,1,20000,0.5,1.3,6,1,0.67415,0.004820885559593562,13483,6.439853186020628,1.7137997143436223,0,197.11235,,,0.8
drift-skew,quora,ARC-exact,200,1,20000,0.5,1.3,6,1,0.7113,0.0036552790664979616,14226,7.922354619950056,3.0176297295838594,400,197.11235,0.0,0.0,0.8
drift-skew,quora,ARC-exact,200,2,20000,0.5,1.3,6,1,0.70585,0.0029751363604165193,14117,7.859401527093723,2.9926343529950827,400,197.25295,0.0,0.0,0.8
drift-skew,quora,ARC-exact,200,3,20000,0.5,1.3,6,1,0.6976,0.00845756880733945,13952,8.090201287996024,3.037528891582042,400,196.9612,0.0,0.0,0.8
drift-skew,quora,ARC-exact,200,4,20000,0.5,1.3,6,1,0.70045,0.005210935826968377,14009,8.362548158038408,3.340030845720321,400,197.03845,0.0,0.0,0.8
drift-skew,quora,ARC-exact,200,1,20000,0.5,1.6,6,1,0.89975,0.0005557099194220616,17995,6.033673748606816,1.385321607813239,400,191.0835,0.0,0.0,0.8
drift-skew,quora,ARC-exact,200,2,20000,0.5,1.6,6,1,0.9009,0.0023865023865023865,18018,6.201262399554253,1.4564921380952,400,192.29105,0.0,0.0,0.8
drift-skew,quora,ARC-exact,200,3,20000,0.5,1.6,6,1,0.892,0.0007286995515695067,17840,6.3173357339110225,1.6871003492269665,400,191.2176,0.0,0.0,0.8
drift-skew,quora,ARC-exact,200,4,20000,0.5,1.6,6,1,0.9046,0.00022109219544550078,18092,6.018822640180588,1.4841908880043775,400,190.31415,0.0,0.0,0.8
drift-skew,quora,LRU,200,0,20000,0.75,0.7,6,1,0.10355,0.05021728633510381,2071,7.4711368244607,2.7885123912710696,0,198.98885,,,0.8
drift-skew,quora,LRU,200,1,20000,0.75,0.7,6,1,0.10775,0.04779582366589327,2155,7.973480725195259,3.0569819966331124,0,198.95795,,,0.8
drift-skew,quora,LRU,200,2,20000,0.75,0.7,6,1,0.11195,0.06699419383653417,2239,7.43264191551134,2.8465194976888597,0,198.93455,,,0.8
drift-skew,quora,LRU,200,3,20000,0.75,0.7,6,1,0.1092,0.061813186813186816,2184,7.973989291349426,2.9887774551752955,0,198.9432,,,0.8
drift-skew,quora,LRU,200,0,20000,0.75,0.9,6,1,0.28485,0.016324381253291206,5697,7.7607589366380125,2.791678434005007,0,198.8854,,,0.8
drift-skew,quora,LRU,200,1,20000,0.75,0.9,6,1,0.29465,0.01764805701679959,5893,7.528557791374624,2.6707411103416234,0,198.8129,,,0.8
drift-skew,quora,LRU,200,2,20000,0.75,0.9,6,1,0.289,0.017474048442906575,5780,7.412160653620958,2.6714780426118523,0,198.7658,,,0.8
drift-skew,quora,LRU,200,3,20000,0.75,0.9,6,1,0.29565,0.01911043463554879,5913,6.375625805230811,2.183881198288873,0,198.74035,,,0.8
drift-skew,quora,LRU,200,0,20000,0.75,1.1,6,1,0.55315,0.00985266202657507,11063,6.45619707647711,1.856752927415073,0,198.5119,,,0.8
drift-skew,quora,LRU,200,1,20000,0.75,1.1,6,1,0.56425,0.005671245015507311,11285,6.663005030713975,1.9047364185098559,0,198.29755,,,0.8
drift-skew,quora,LRU,200,2,20000,0.75,1.1,6,1,0.56085,0.005259873406436659,11217,5.923960549989715,1.752282283268869,0,198.3793,,,0.8
drift-skew,quora,LRU,200,3,20000,0.75,1.1,6,1,0.5595,0.007059874888293119,11190,5.521803087322041,1.5730703074950725,0,198.2539,,,0.8
drift-skew,quora,LFU,200,2,20000,0.75,0.7,6,1,0.0745,0.14429530201342283,1490,8.143113536061719,2.9638951062224805,0,198.93455,,,0.8
drift-skew,quora,LFU,200,3,20000,0.75,0.7,6,1,0.06565,0.08758568164508758,1313,7.643697899766266,2.89420576300472,0,198.9432,,,0.8
drift-skew,quora,LFU,200,4,20000,0.75,0.7,6,1,0.06765,0.10273466371027347,1353,7.935394858941436,3.032944252481684,0,198.95965,,,0.8
drift-skew,quora,ARC-exact,200,0,20000,0.75,0.7,6,1,0.08965,0.08644729503625209,1793,11.63390125730075,7.22929808543995,400,198.98885,0.0,0.0,0.8
drift-skew,quora,LFU,200,2,20000,0.75,0.9,6,1,0.19605,0.019892884468247895,3921,8.203488570870832,2.8120576636865735,0,198.7658,,,0.8
drift-skew,quora,LFU,200,3,20000,0.75,0.9,6,1,0.18955,0.04167765761012925,3791,7.747566816397011,2.8012569528073072,0,198.74035,,,0.8
drift-skew,quora,LFU,200,4,20000,0.75,0.9,6,1,0.197,0.05786802030456853,3940,6.886007566936314,2.465758047765121,0,198.8351,,,0.8
drift-skew,quora,ARC-exact,200,0,20000,0.75,0.9,6,1,0.19655,0.01806156194352582,3931,10.889031237456948,6.4588256936986,400,198.8854,0.0,0.0,0.8
drift-skew,quora,ARC,200,3,20000,0.75,0.7,6,1,0.1539,0.06562703053931124,3078,18.21373820421286,13.1148872198537,400,198.9432,95.95324528521104,75.80863081354867,0.8
drift-skew,quora,ARC,200,4,20000,0.75,0.7,6,1,0.14185,0.061332393373281634,2837,17.53662700066343,12.677504803286865,400,198.95965,95.22511634214139,76.07786059394277,0.8
drift-skew,quora,LFU,200,0,20000,0.75,0.7,6,1,0.06325,0.14545454545454545,1265,6.910647707991302,2.5618879997637123,0,198.98885,,,0.8
drift-skew,quora,LFU,200,1,20000,0.75,0.7,6,1,0.0721,0.11650485436893204,1442,6.916577758966014,2.5430355162825435,0,198.95795,,,0.8
drift-skew,quora,ARC,200,3,20000,0.75,0.9,6,1,0.3469,0.02767368117613145,6938,15.658480656566098,10.640922986203805,400,198.74035,42.70778467048355,64.2920363384638,0.8
drift-skew,quora,ARC,200,4,20000,0.75,0.9,6,1,0.3408,0.04181338028169014,6816,14.10406255745329,9.533585200551897,400,198.8351,10.69612457263189,53.54825073038902,0.8
drift-skew,quora,LFU,200,0,20000,0.75,0.9,6,1,0.1688,0.0231042654028436,3376,6.770772009622306,2.38437881343998,0,198.8854,,,0.8
drift-skew,quora,LFU,200,1,20000,0.75,0.9,6,1,0.1927,0.023871302542812663,3854,6.770404294366017,2.3072228475939482,0,198.8129,,,0.8
drift-skew,quora,ARC-exact,200,1,20000,0.75,0.7,6,1,0.0917,0.08287895310796074,1834,13.892056414624676,8.72383609530516,400,198.95795,0.0,0.0,0.8
drift-skew,quora,ARC-exact,200,2,20000,0.75,0.7,6,1,0.09335,0.11408677021960364,1867,13.188417529454455,8.276082325028256,400,198.93455,0.0,0.0,0.8
drift-skew,quora,ARC-exact,200,3,20000,0.75,0.7,6,1,0.08955,0.07984366275823562,1791,10.968525958014652,6.794827536214143,400,198.9432,0.0,0.0,0.8
drift-skew,quora,ARC-exact,200,4,20000,0.75,0.7,6,1,0.08885,0.10354530106921778,1777,11.789396515814587,7.312728220131248,400,198.95965,0.0,0.0,0.8
drift-skew,quora,LRU,200,4,20000,0.75,0.7,6,1,0.10565,0.05537150970184572,2113,7.601416506804526,2.8102622542064637,0,198.95965,,,0.8
drift-skew,quora,ARC,200,0,20000,0.75,0.7,6,1,0.14425,0.05545927209705372,2885,18.77249211538583,13.554074906278402,400,198.98885,81.38606952636675,69.19122080801608,0.8
drift-skew,quora,ARC,200,1,20000,0.75,0.7,6,1,0.1492,0.06166219839142091,2984,16.95489757694304,12.18472879845649,400,198.95795,64.70585071723197,75.03640318814578,0.8
drift-skew,quora,ARC,200,2,20000,0.75,0.7,6,1,0.15395,0.07957128937966873,3079,15.638931188732386,11.241546890232712,400,198.93455,85.60746049905013,69.38034344793363,0.8
drift-skew,quora,LRU,200,4,20000,0.75,1.1,6,1,0.5536,0.010115606936416185,11072,6.648448290070519,1.8959212582558393,0,198.398,,,0.8
drift-skew,quora,ARC,200,0,20000,0.75,1.1,6,1,0.5924,0.019328156650911546,11848,10.413123172475025,6.069700967054814,400,198.5119,9.009464377031577,54.09563603255172,0.8
drift-skew,quora,ARC,200,1,20000,0.75,1.1,6,1,0.598,0.010451505016722408,11960,10.656555881723762,6.138220400316641,400,198.29755,39.730696144349295,48.688742784125054,0.8
drift-skew,quora,ARC,200,2,20000,0.75,1.1,6,1,0.5961,0.009058882737795673,11922,9.808747394708917,5.58728440082632,400,198.3793,40.9465606631619,52.208876600858936,0.8
drift-skew,quora,ARC-exact,200,1,20000,0.75,0.9,6,1,0.2124,0.02071563088512241,4248,13.69983273325488,8.075806009583175,400,198.8129,0.0,0.0,0.8
drift-skew,quora,ARC-exact,200,2,20000,0.75,0.9,6,1,0.21555,0.021572720946416143,4311,11.576182144926861,6.870530016021803,400,198.7658,0.0,0.0,0.8
drift-skew,quora,ARC-exact,200,3,20000,0.75,0.9,6,1,0.21685,0.032280378141572516,4337,10.993806103942916,6.429469824070111,400,198.74035,0.0,0.0,0.8
drift-skew,quora,ARC-exact,200,4,20000,0.75,0.9,6,1,0.2146,0.05684995340167754,4292,10.800580930663273,6.222441064892337,400,198.8351,0.0,0.0,0.8
drift-skew,quora,LRU,200,4,20000,0.75,0.9,6,1,0.28645,0.03944842031768197,5729,7.717868668260053,2.8019935358315706,0,198.8351,,,0.8
drift-skew,quora,ARC,200,0,20000,0.75,0.9,6,1,0.3375,0.023703703703703703,6750,15.302411536686122,10.39415379636921,400,198.8854,63.77782585487596,59.858615107843015,0.8
drift-skew,quora,ARC,200,1,20000,0.75,0.9,6,1,0.3492,0.015893470790378006,6984,13.645368168363348,9.101021208334714,400,198.8129,40.27030610893978,54.68339984438001,0.8
drift-skew,quora,ARC,200,2,20000,0.75,0.9,6,1,0.3431,0.015593121538909939,6862,13.470424944534898,8.933780330698937,400,198.7658,53.60460381007902,60.916275829233186,0.8
drift-skew,quora,ARC,200,3,20000,0.75,1.1,6,1,0.59175,0.008027038445289396,11835,10.344249376794323,5.942320020403713,400,198.2539,39.685679633343035,56.74998487529493,0.8
drift-skew,quora,ARC,200,4,20000,0.75,1.1,6,1,0.5909,0.04848536131325097,11818,9.888535033678636,5.721856001764536,400,198.398,29.840680218122444,48.63561001194217,0.8
drift-skew,quora,LFU,200,0,20000,0.75,1.1,6,1,0.40785,0.025131788647787177,8157,6.695017119636759,2.1381811355240643,0,198.5119,,,0.8
drift-skew,quora,LFU,200,1,20000,0.75,1.1,6,1,0.4096,0.0091552734375,8192,7.144769176375121,2.2325728787109256,0,198.29755,,,0.8
drift-skew,quora,LRU,200,0,20000,0.75,1.3,6,1,0.77555,0.002127522403455612,15511,5.349344486603513,1.1718106514308602,0,197.35595,,,0.8
drift-skew,quora,LRU,200,1,20000,0.75,1.3,6,1,0.78165,0.0017271157167530224,15633,5.383026570780203,1.1381178337614983,0,197.1151,,,0.8
drift-skew,quora,LRU,200,2,20000,0.75,1.3,6,1,0.7808,0.009861680327868853,15616,5.380115448497236,1.1231790063902736,0,197.21635,,,0.8
drift-skew,quora,LRU,200,3,20000,0.75,1.3,6,1,0.7792,0.006224332648870637,15584,6.466414261376485,1.36652861838229,0,196.90585,,,0.8
drift-skew,quora,LFU,200,2,20000,0.75,1.1,6,1,0.3927,0.006620830150241915,7854,6.263632967602462,2.068619691999629,0,198.3793,,,0.8
drift-skew,quora,LFU,200,3,20000,0.75,1.1,6,1,0.41195,0.014686248331108143,8239,6.200784083921462,1.976878836285323,0,198.2539,,,0.8
drift-skew,quora,LFU,200,4,20000,0.75,1.1,6,1,0.39915,0.011900288112238507,7983,5.599468993023038,1.8015337001997977,0,198.398,,,0.8
drift-skew,quora,ARC-exact,200,0,20000,0.75,1.1,6,1,0.4372,0.023215919487648673,8744,10.25858900975436,5.090815568109974,400,198.5119,0.0,0.0,0.8
drift-skew,quora,LRU,200,4,20000,0.75,1.3,6,1,0.7784,0.0009635149023638233,15568,5.131561198504642,1.1418528389185667,0,197.0677,,,0.8
drift-skew,quora,ARC,200,0,20000,0.75,1.3,6,1,0.7874,0.004699009398018796,15748,8.2006017153617,3.5804462735541165,400,197.35595,73.66509245785136,61.97155079657085,0.8
drift-skew,quora,ARC,200,1,20000,0.75,1.3,6,1,0.78895,0.0018378857975790608,15779,8.458745031384751,3.700425405986607,400,197.1151,71.87115222716234,71.48733721659771,0.8
drift-skew,quora,ARC,200,2,20000,0.75,1.3,6,1,0.78925,0.005638264174849541,15785,7.4470188992563635,3.17520541138947,400,197.21635,79.1014641876667,70.14687576268453,0.8
drift-skew,quora,LRU,200,0,20000,0.75,1.6,6,1,0.9277,0.00032338040314756927,18554,4.7046514810062945,0.6913538323715329,0,191.0472,,,0.8
drift-skew,quora,LRU,200,1,20000,0.75,1.6,6,1,0.9316,0.0006440532417346501,18632,5.565006053075194,0.8721245278138667,0,191.1802,,,0.8
drift-skew,quora,LRU,200,2,20000,0.75,1.6,6,1,0.92985,0.0005914932515997203,18597,5.252134305192158,0.7699384528677911,0,192.11875,,,0.8
drift-skew,quora,LRU,200,3,20000,0.75,1.6,6,1,0.92795,0.0016164664044398943,18559,5.188320059096441,0.7648053171578795,0,191.19695,,,0.8
drift-skew,quora,ARC-exact,200,1,20000,0.75,1.1,6,1,0.4383,0.008441706593657313,8766,9.018850227585062,4.644899920094758,400,198.29755,0.0,0.0,0.8
drift-skew,quora,ARC-exact,200,2,20000,0.75,1.1,6,1,0.4458,0.005383580080753701,8916,9.350513067329302,4.695742292096838,400,198.3793,0.0,0.0,0.8
drift-skew,quora,ARC-exact,200,3,20000,0.75,1.1,6,1,0.43835,0.015170525835519562,8767,10.410690325079486,5.275271751452237,400,198.2539,0.0,0.0,0.8
drift-skew,quora,ARC-exact,200,4,20000,0.75,1.1,6,1,0.42465,0.008359825738843753,8493,9.308983263326809,4.737017146544531,400,198.398,0.0,0.0,0.8
drift-skew,quora,LFU,200,2,20000,0.75,1.3,6,1,0.63545,0.0029900070815957196,12709,5.63669060356915,1.4897419954650104,0,197.21635,,,0.8
drift-skew,quora,LFU,200,3,20000,0.75,1.3,6,1,0.62755,0.010118715640188033,12551,6.792551511898637,1.7532347061205655,0,196.90585,,,0.8
drift-skew,quora,LFU,200,4,20000,0.75,1.3,6,1,0.6279,0.003105590062111801,12558,5.856209009652957,1.5749445592518896,0,197.0677,,,0.8
drift-skew,quora,ARC-exact,200,0,20000,0.75,1.3,6,1,0.6598,0.0035616853591997574,13196,7.6448961335700005,3.1131760159041733,400,197.35595,0.0,0.0,0.8
drift-skew,quora,ARC,200,3,20000,0.75,1.3,6,1,0.78765,0.006474957151018854,15753,7.808194385142997,3.37048324290663,400,196.90585,77.61414928587317,62.870943828810155,0.8
drift-skew,quora,ARC,200,4,20000,0.75,1.3,6,1,0.78835,0.001268472125325046,15767,8.311914460500702,3.627057053381577,400,197.0677,41.0730947296532,62.4407826800138,0.8
drift-skew,quora,LFU,200,0,20000,0.75,1.3,6,1,0.62795,0.003503463651564615,12559,5.798922525718808,1.5624760184437037,0,197.35595,,,0.8
drift-skew,quora,LFU,200,1,20000,0.75,1.3,6,1,0.6453,0.0031768169843483652,12906,5.590666213538498,1.488616393180564,0,197.1151,,,0.8
drift-skew,quora,LRU,200,4,20000,0.75,1.6,6,1,0.9271,0.0005932477618379895,18542,5.478606303222477,0.831196631770581,0,190.59125,,,0.8
drift-skew,quora,ARC,200,0,20000,0.75,1.6,6,1,0.9253,0.0003242191721603804,18506,6.226385093759745,1.649466622620821,400,191.0472,86.88812778180558,54.03559139136085,0.8
drift-skew,quora,ARC,200,1,20000,0.75,1.6,6,1,0.9287,0.0005922256918272855,18574,6.086924707051367,1.5331154107116163,400,191.1802,88.78014835734515,46.659169558641395,0.8
drift-skew,quora,ARC,200,2,20000,0.75,1.6,6,1,0.9278,0.0007005820219874973,18556,5.559920554514974,1.420573692303151,400,192.11875,91.28509208741154,50.83064878339657,0.8
drift-skew,quora,ARC,200,3,20000,0.75,1.6,6,1,0.9257,0.0015663821972561305,18514,6.541836803080514,1.666291046421975,400,191.19695,86.99742612200708,46.62568382746035,0.8
drift-skew,quora,ARC,200,4,20000,0.75,1.6,6,1,0.92525,0.0006484733855714672,18505,6.167363049462438,1.5880457300227135,400,190.59125,87.54362913501384,47.36922748732479,0.8
drift-skew,quora,LFU,200,0,20000,0.75,1.6,6,1,0.8564,0.0002919196637085474,17128,5.540214118082076,1.0577308130450547,0,191.0472,,,0.8
drift-skew,quora,LFU,200,1,20000,0.75,1.6,6,1,0.8608,0.001045539033457249,17216,5.179984238930047,1.0143373743630946,0,191.1802,,,0.8
drift-skew,quora,LFU,200,2,20000,0.75,1.6,6,1,0.83855,0.0010136545226879733,16771,5.999167705886066,1.3115553243551403,0,192.11875,,,0.8
drift-skew,quora,LFU,200,3,20000,0.75,1.6,6,1,0.85415,0.0017561318269624774,17083,5.556300899479538,1.135308452649042,0,191.19695,,,0.8
drift-skew,quora,LFU,200,4,20000,0.75,1.6,6,1,0.8557,0.0004090218534533131,17114,5.254373251227662,1.0431626928038895,0,190.59125,,,0.8
drift-skew,quora,ARC-exact,200,0,20000,0.75,1.6,6,1,0.86705,0.00034600080733521713,17341,5.9126311738509685,1.566589344292879,400,191.0472,0.0,0.0,0.8
drift-skew,quora,ARC-exact,200,1,20000,0.75,1.3,6,1,0.66775,0.0034444028453762634,13355,7.4691749236080796,3.053727827500552,400,197.1151,0.0,0.0,0.8
drift-skew,quora,ARC-exact,200,2,20000,0.75,1.3,6,1,0.66425,0.0029356417011667294,13285,8.182546449825168,3.318917896831408,400,197.21635,0.0,0.0,0.8
drift-skew,quora,ARC-exact,200,3,20000,0.75,1.3,6,1,0.65935,0.009630696898460606,13187,7.404568616766483,2.964566060109064,400,196.90585,0.0,0.0,0.8
drift-skew,quora,ARC-exact,200,4,20000,0.75,1.3,6,1,0.64885,0.0017723664945673114,12977,7.598198240157217,3.1756114680320024,400,197.0677,0.0,0.0,0.8
drift-skew,quora,ARC-exact,200,1,20000,0.75,1.6,6,1,0.8653,0.0009823182711198428,17306,6.195297511294484,1.6863227589055896,400,191.1802,0.0,0.0,0.8
drift-skew,quora,ARC-exact,200,2,20000,0.75,1.6,6,1,0.8586,0.0010482180293501049,17172,5.940915225073695,1.5901194070465863,400,192.11875,0.0,0.0,0.8
drift-skew,quora,ARC-exact,200,3,20000,0.75,1.6,6,1,0.8674,0.0024210283606179387,17348,5.701245466480032,1.5004490443971008,400,191.19695,0.0,0.0,0.8
drift-skew,quora,ARC-exact,200,4,20000,0.75,1.6,6,1,0.8594,0.00040726087968350014,17188,6.731677113566548,1.9935138698201629,400,190.59125,0.0,0.0,0.8
drift-skew,quora,LRU,200,0,20000,1.0,0.7,6,1,0.10845,0.04564315352697095,2169,7.009226881200448,2.6413923071231693,0,198.9915,,,0.8
drift-skew,quora,LRU,200,1,20000,1.0,0.7,6,1,0.10435,0.05079060852898898,2087,6.900002108886838,2.612523571588099,0,198.96705,,,0.8
drift-skew,quora,LRU,200,2,20000,1.0,0.7,6,1,0.1097,0.05606198723792161,2194,8.083297760458663,3.1577085435856134,0,198.93735,,,0.8
drift-skew,quora,LRU,200,3,20000,1.0,0.7,6,1,0.1082,0.060536044362292055,2164,7.626416423590854,3.0000619241036475,0,198.9318,,,0.8
drift-skew,quora,LRU,200,0,20000,1.0,0.9,6,1,0.2903,0.01670685497760937,5806,6.771553220460191,2.411965880310163,0,198.8808,,,0.8
drift-skew,quora,LRU,200,1,20000,1.0,0.9,6,1,0.28785,0.02049678652075734,5757,7.4613689561374485,2.7188296895474195,0,198.79535,,,0.8
drift-skew,quora,LRU,200,2,20000,1.0,0.9,6,1,0.2878,0.01511466296038916,5756,6.451764737721533,2.216991240857169,0,198.75055,,,0.8
drift-skew,quora,LRU,200,3,20000,1.0,0.9,6,1,0.294,0.015816326530612244,5880,7.172097021248192,2.49982041423209,0,198.72645,,,0.8
drift-skew,quora,LRU,200,0,20000,1.0,1.1,6,1,0.55845,0.005551078879040201,11169,6.651070230873302,1.981449028244242,0,198.52225,,,0.8
drift-skew,quora,LRU,200,1,20000,1.0,1.1,6,1,0.55355,0.007858368711046879,11071,6.044747226405889,1.746574934804812,0,198.32735,,,0.8
drift-skew,quora,LRU,200,2,20000,1.0,1.1,6,1,0.55135,0.005622562800399021,11027,6.611793377669528,2.0407732052262872,0,198.39275,,,0.8
drift-skew,quora,LRU,200,3,20000,1.0,1.1,6,1,0.56435,0.007176397625586958,11287,6.343967764405534,1.870462455553934,0,198.2686,,,0.8
drift-skew,quora,LFU,200,2,20000,1.0,0.7,6,1,0.05595,0.1483467381590706,1119,7.194959913613275,2.622172317933291,0,198.93735,,,0.8
drift-skew,quora,LFU,200,3,20000,1.0,0.7,6,1,0.05615,0.1246660730186999,1123,8.045679825590923,3.11870506266132,0,198.9318,,,0.8
drift-skew,quora,LFU,200,4,20000,1.0,0.7,6,1,0.0581,0.15748709122203097,1162,6.857831875095144,2.55817236029543,0,198.9541,,,0.8
drift-skew,quora,ARC-exact,200,0,20000,1.0,0.7,6,1,0.07325,0.09965870307167235,1465,14.09755137283355,8.903672214364633,400,198.9915,0.0,0.0,0.8
drift-skew,quora,LFU,200,2,20000,1.0,0.9,6,1,0.17385,0.02272073626689675,3477,7.735683768987656,2.741778997005895,0,198.75055,,,0.8
drift-skew,quora,LFU,200,3,20000,1.0,0.9,6,1,0.17365,0.042038583357327956,3473,7.137678249273449,2.5867267919238657,0,198.72645,,,0.8
drift-skew,quora,LFU,200,4,20000,1.0,0.9,6,1,0.15475,0.04006462035541195,3095,7.489994715433568,2.6604983140714467,0,198.83525,,,0.8
drift-skew,quora,ARC-exact,200,0,20000,1.0,0.9,6,1,0.19405,0.053852099974233444,3881,12.754609750118107,7.645195786608384,400,198.8808,0.0,0.0,0.8
drift-skew,quora,ARC,200,3,20000,1.0,0.7,6,1,0.13935,0.05669178327951202,2787,17.184233118314296,12.402904336340725,400,198.9318,121.81606561599381,92.75365213303463,0.8
drift-skew,quora,ARC,200,4,20000,1.0,0.7,6,1,0.13795,0.06560347952156578,2759,17.57711100508459,12.687615188769996,400,198.9541,120.46789260275297,79.70514570311339,0.8
drift-skew,quora,LFU,200,0,20000,1.0,0.7,6,1,0.05745,0.13838120104438642,1149,8.308654115535319,3.117579431273043,0,198.9915,,,0.8
drift-skew,quora,LFU,200,1,20000,1.0,0.7,6,1,0.05185,0.09836065573770492,1037,7.310770428739488,2.692949090851471,0,198.96705,,,0.8
drift-skew,quora,LRU,200,4,20000,1.0,0.7,6,1,0.1041,0.05763688760806916,2082,6.951200641924515,2.6007203210610896,0,198.9541,,,0.8
drift-skew,quora,ARC,200,0,20000,1.0,0.7,6,1,0.13735,0.056061157626501636,2747,17.3362486588303,12.619316356722265,400,198.9915,114.98716399458354,95.79727989300955,0.8
drift-skew,quora,ARC,200,1,20000,1.0,0.7,6,1,0.1339,0.05638536221060493,2678,16.950145905138925,12.32503429055214,400,198.96705,105.90740932309076,94.08661047633306,0.8
drift-skew,quora,ARC,200,2,20000,1.0,0.7,6,1,0.1377,0.06027596223674655,2754,18.01407123566605,13.025421352358535,400,198.93735,119.84582148684616,99.03770094510642,0.8
drift-skew,quora,ARC,200,3,20000,1.0,0.9,6,1,0.33365,0.01813277386482841,6673,15.340403909794986,10.476050630677491,400,198.72645,81.55610339813042,76.92982353476374,0.8
drift-skew,quora,ARC,200,4,20000,1.0,0.9,6,1,0.3285,0.01643835616438356,6570,14.800304622622207,10.102764918701723,400,198.83525,79.24609240886494,79.25860101807176,0.8
drift-skew,quora,LFU,200,0,20000,1.0,0.9,6,1,0.1632,0.05422794117647059,3264,7.956814917270094,2.932504692580551,0,198.8808,,,0.8
drift-skew,quora,LFU,200,1,20000,1.0,0.9,6,1,0.15715,0.06108813235762011,3143,7.2327610570937395,2.600285765947774,0,198.79535,,,0.8
drift-skew,quora,ARC-exact,200,1,20000,1.0,0.7,6,1,0.0738,0.09823848238482384,1476,12.906025565462187,7.972590421559288,400,198.96705,0.0,0.0,0.8
drift-skew,quora,ARC-exact,200,2,20000,1.0,0.7,6,1,0.07645,0.1236102027468934,1529,12.536678719334304,7.772662449860945,400,198.93735,0.0,0.0,0.8
drift-skew,quora,ARC-exact,200,3,20000,1.0,0.7,6,1,0.08285,0.09897404948702475,1657,13.382190460106358,8.33562383777462,400,198.9318,0.0,0.0,0.8
drift-skew,quora,ARC-exact,200,4,20000,1.0,0.7,6,1,0.07405,0.13977042538825118,1481,12.931549095083028,7.994025148218498,400,198.9541,0.0,0.0,0.8
drift-skew,quora,ARC-exact,200,1,20000,1.0,0.9,6,1,0.1788,0.026565995525727068,3576,12.744774052407593,7.5385042815469205,400,198.79535,0.0,0.0,0.8
drift-skew,quora,ARC-exact,200,2,20000,1.0,0.9,6,1,0.19085,0.08331150117893633,3817,11.445463699055836,6.715540948789567,400,198.75055,0.0,0.0,0.8
drift-skew,quora,ARC-exact,200,3,20000,1.0,0.9,6,1,0.2015,0.03052109181141439,4030,12.23634299240075,7.259317167336121,400,198.72645,0.0,0.0,0.8
drift-skew,quora,ARC-exact,200,4,20000,1.0,0.9,6,1,0.18535,0.060965740490963045,3707,11.80975665920414,6.990735651925206,400,198.83525,0.0,0.0,0.8
drift-skew,quora,LRU,200,4,20000,1.0,1.1,6,1,0.5527,0.004432784512393703,11054,6.002320820698515,1.7434009118005633,0,198.3763,,,0.8
drift-skew,quora,ARC,200,0,20000,1.0,1.1,6,1,0.58235,0.009530351163389714,11647,11.308320629177615,6.686937413178384,400,198.52225,72.54746174368304,70.8264211484447,0.8
drift-skew,quora,ARC,200,1,20000,1.0,1.1,6,1,0.5763,0.007461391636300538,11526,12.180010770680383,7.403750286903232,400,198.32735,41.24107099806808,80.80665535696205,0.8
drift-skew,quora,ARC,200,2,20000,1.0,1.1,6,1,0.578,0.008304498269896194,11560,11.377921665553004,6.753718917025253,400,198.39275,64.16043828065823,70.45641926709277,0.8
drift-skew,quora,LRU,200,4,20000,1.0,0.9,6,1,0.28495,0.014388489208633094,5699,7.174952136119828,2.5379974336829036,0,198.83525,,,0.8
drift-skew,quora,ARC,200,0,20000,1.0,0.9,6,1,0.33135,0.029425079221367133,6627,14.373599528335035,9.72617594525218,400,198.8808,65.49744745066324,79.75357492286331,0.8
drift-skew,quora,ARC,200,1,20000,1.0,0.9,6,1,0.32715,0.02368943909521626,6543,15.365421696333215,10.570668359287083,400,198.79535,72.64114537708576,84.55300544911789,0.8
drift-skew,quora,ARC,200,2,20000,1.0,0.9,6,1,0.3253,0.015985244389794036,6506,14.990644005592912,10.179096763022244,400,198.75055,75.06226242409667,83.95216463889668,0.8
drift-skew,quora,ARC,200,3,20000,1.0,1.1,6,1,0.5881,0.008927053222241115,11762,11.345704324776307,6.712360604433343,400,198.2686,39.155066223580256,66.8891190175513,0.8
drift-skew,quora,ARC,200,4,20000,1.0,1.1,6,1,0.5802,0.006463288521199586,11604,12.136930035194382,7.214891636976972,400,198.3763,15.463332364690835,70.22524646318672,0.8
drift-skew,quora,LFU,200,0,20000,1.0,1.1,6,1,0.36295,0.008265601322496211,7259,7.134543382562697,2.4543378327507526,0,198.52225,,,0.8
drift-skew,quora,LFU,200,1,20000,1.0,1.1,6,1,0.36345,0.008666941807676434,7269,7.406766823260114,2.5220085226465017,0,198.32735,,,0.8
drift-skew,quora,LRU,200,0,20000,1.0,1.3,6,1,0.777,0.00797940797940798,15540,5.849651456810534,1.3357054034713656,0,197.3663,,,0.8
drift-skew,quora,LRU,200,1,20000,1.0,1.3,6,1,0.7713,0.0018799429534552055,15426,5.656190769514069,1.332787045976147,0,197.1108,,,0.8
drift-skew,quora,LRU,200,2,20000,1.0,1.3,6,1,0.77435,0.001937108542648673,15487,6.350167252821848,1.3991791347507387,0,197.31505,,,0.8
drift-skew,quora,LRU,200,3,20000,1.0,1.3,6,1,0.77705,0.002252107329000708,15541,6.163249153178185,1.3551257026847452,0,196.9238,,,0.8
drift-skew,quora,LFU,200,2,20000,1.0,1.1,6,1,0.3533,0.008349844324936314,7066,7.606579503044486,2.703839697642252,0,198.39275,,,0.8
drift-skew,quora,LFU,200,3,20000,1.0,1.1,6,1,0.3765,0.018193891102257637,7530,6.563943292712793,2.1882448869291693,0,198.2686,,,0.8
drift-skew,quora,LFU,200,4,20000,1.0,1.1,6,1,0.36415,0.015790196347658932,7283,7.352170691592619,2.4917879898566753,0,198.3763,,,0.8
drift-skew,quora,ARC-exact,200,0,20000,1.0,1.1,6,1,0.40485,0.009386192416944548,8097,11.748952773632482,6.133455818053335,400,198.52225,0.0,0.0,0.8
drift-skew,quora,LRU,200,4,20000,1.0,1.3,6,1,0.7724,0.002330398757120663,15448,5.3294331359211355,1.170552836265415,0,197.0469,,,0.8
drift-skew,quora,ARC,200,0,20000,1.0,1.3,6,1,0.78245,0.008690651159818518,15649,9.116727212676778,4.226126556750387,400,197.3663,85.10249456317695,77.17481696766174,0.8
drift-skew,quora,ARC,200,1,20000,1.0,1.3,6,1,0.7761,0.004638577502899111,15522,10.41991677484475,4.88538759527728,400,197.1108,64.77627404226816,78.98119361661084,0.8
drift-skew,quora,ARC,200,2,20000,1.0,1.3,6,1,0.77605,0.0022550093421815605,15521,9.522620390634984,4.468384967185557,400,197.31505,89.81392360121221,80.27592470515904,0.8
drift-skew,quora,LRU,200,0,20000,1.0,1.6,6,1,0.9243,0.0004868549172346641,18486,5.529349512653425,0.9317855699919164,0,191.0474,,,0.8
drift-skew,quora,LRU,200,1,20000,1.0,1.6,6,1,0.924,0.0007034632034632035,18480,5.647643201518804,0.9174082544632256,0,191.2652,,,0.8
drift-skew,quora,LRU,200,2,20000,1.0,1.6,6,1,0.92525,0.0012969467711429344,18505,6.985190068371594,1.2188453110866249,0,192.3408,,,0.8
drift-skew,quora,LRU,200,3,20000,1.0,1.6,6,1,0.9223,0.02862409194405291,18446,5.6427645846270025,0.9299907134845853,0,191.03835,,,0.8
drift-skew,quora,ARC-exact,200,1,20000,1.0,1.1,6,1,0.40315,0.006697259084707925,8063,9.99498400487937,5.347820866154507,400,198.32735,0.0,0.0,0.8
drift-skew,quora,ARC-exact,200,2,20000,1.0,1.1,6,1,0.3918,0.012761613067891782,7836,10.6269508425612,5.680731841130182,400,198.39275,0.0,0.0,0.8
drift-skew,quora,ARC-exact,200,3,20000,1.0,1.1,6,1,0.40595,0.014656977460278359,8119,11.864808353129774,6.294678564881906,400,198.2686,0.0,0.0,0.8
drift-skew,quora,ARC-exact,200,4,20000,1.0,1.1,6,1,0.39945,0.013393415946927025,7989,11.45222932100296,5.931024299934506,400,198.3763,0.0,0.0,0.8
drift-skew,quora,LFU,200,2,20000,1.0,1.3,6,1,0.59595,0.0024330900243309003,11919,6.506793055450544,1.907150202896446,0,197.31505,,,0.8
drift-skew,quora,LFU,200,3,20000,1.0,1.3,6,1,0.60715,0.0071646215926871445,12143,6.889814184978604,1.9445865997113287,0,196.9238,,,0.8
drift-skew,quora,LFU,200,4,20000,1.0,1.3,6,1,0.59565,0.003189792663476874,11913,8.748266653856263,2.6131220220122486,0,197.0469,,,0.8
drift-skew,quora,ARC-exact,200,0,20000,1.0,1.3,6,1,0.64205,0.002336266645899852,12841,9.61236403672956,4.19098858255893,400,197.3663,0.0,0.0,0.8
drift-skew,quora,LRU,200,4,20000,1.0,1.6,6,1,0.92315,0.0022748199100904513,18463,5.571369093377143,0.9486360126174986,0,190.54405,,,0.8
drift-skew,quora,ARC,200,0,20000,1.0,1.6,6,1,0.9205,0.000706137968495383,18410,7.721501210471615,2.2515753225889057,400,191.0474,101.2512510355383,56.568771123933125,0.8
drift-skew,quora,ARC,200,1,20000,1.0,1.6,6,1,0.92,0.0007608695652173913,18400,7.521557662403211,2.1127047250047326,400,191.2652,97.56030658529818,54.84453687838046,0.8
drift-skew,quora,ARC,200,2,20000,1.0,1.6,6,1,0.9217,0.0013019420635781707,18434,7.945365889463574,2.4472074292134494,400,192.3408,97.93709223834024,57.51686021290403,0.8
drift-skew,quora,ARC,200,3,20000,1.0,1.3,6,1,0.7801,0.005448019484681451,15602,9.08817948657088,4.197709553409368,400,196.9238,60.57295703166793,78.61287765943949,0.8
drift-skew,quora,ARC,200,4,20000,1.0,1.3,6,1,0.77605,0.005089878229495522,15521,10.153808601899073,4.647941212169826,400,197.0469,59.19648498322335,78.70336091395028,0.8
drift-skew,quora,LFU,200,0,20000,1.0,1.3,6,1,0.58605,0.013053493729203993,11721,7.375159399816766,2.130735944956541,0,197.3663,,,0.8
drift-skew,quora,LFU,200,1,20000,1.0,1.3,6,1,0.57275,0.00392841553906591,11455,8.293699141358957,2.52733834204264,0,197.1108,,,0.8
drift-skew,quora,LFU,200,2,20000,1.0,1.6,6,1,0.8098,0.0007409236848604594,16196,6.630344898439944,1.5194468258414418,0,192.3408,,,0.8
drift-skew,quora,LFU,200,3,20000,1.0,1.6,6,1,0.823,0.007897934386391251,16460,7.640564243774861,1.7655972274951637,0,191.03835,,,0.8
drift-skew,quora,LFU,200,4,20000,1.0,1.6,6,1,0.81325,0.0017214878573624346,16265,6.006768823135644,1.3788336073048413,0,190.54405,,,0.8
drift-skew,quora,ARC-exact,200,0,20000,1.0,1.6,6,1,0.84745,0.0008850079650716857,16949,8.38298222515732,2.735784149263054,400,191.0474,0.0,0.0,0.8
drift-skew,quora,ARC,200,3,20000,1.0,1.6,6,1,0.9188,0.02410753156290814,18376,6.915826856857166,2.0299503696151078,400,191.03835,99.49671650262593,47.85183956533852,0.8
drift-skew,quora,ARC,200,4,20000,1.0,1.6,6,1,0.9195,0.0022838499184339315,18390,8.346381521550938,2.5410874048247933,400,190.54405,98.30123427115907,54.567171642444414,0.8
drift-skew,quora,LFU,200,0,20000,1.0,1.6,6,1,0.82645,0.0007259967330147015,16529,5.949638521997258,1.332716445904225,0,191.0474,,,0.8
drift-skew,quora,LFU,200,1,20000,1.0,1.6,6,1,0.80415,0.0001243549089100292,16083,7.881828449899331,2.008134202333167,0,191.2652,,,0.8
drift-skew,quora,ARC-exact,200,1,20000,1.0,1.3,6,1,0.62045,0.0023370134579740512,12409,8.87080451939255,3.976429137401283,400,197.1108,0.0,0.0,0.8
drift-skew,quora,ARC-exact,200,2,20000,1.0,1.3,6,1,0.61245,0.0020409829373826435,12249,10.43175155064091,4.626784933498129,400,197.31505,0.0,0.0,0.8
drift-skew,quora,ARC-exact,200,3,20000,1.0,1.3,6,1,0.6326,0.006481188744862473,12652,8.929764531785622,3.8541099114809185,400,196.9238,0.0,0.0,0.8
drift-skew,quora,ARC-exact,200,4,20000,1.0,1.3,6,1,0.61845,0.005740156843722209,12369,11.110871325945482,5.46830867533572,400,197.0469,0.0,0.0,0.8
drift-skew,quora,ARC-exact,200,1,20000,1.0,1.6,6,1,0.83335,0.00011999760004799904,16667,7.98039318760857,2.538623323198408,400,191.2652,0.0,0.0,0.8
drift-skew,quora,ARC-exact,200,2,20000,1.0,1.6,6,1,0.8315,0.0007215874924834636,16630,7.345321215689182,2.1728745196014643,400,192.3408,0.0,0.0,0.8
drift-skew,quora,ARC-exact,200,3,20000,1.0,1.6,6,1,0.84825,0.002180960801650457,16965,7.956726581323892,2.418986475095153,400,191.03835,0.0,0.0,0.8
drift-skew,quora,ARC-exact,200,4,20000,1.0,1.6,6,1,0.83065,0.0016854270751820862,16613,11.368842760566622,3.3602615993004292,400,190.54405,0.0,0.0,0.8
drift-skew,stackexchange,LRU,200,0,20000,0.0,0.7,6,1,0.03195,0.012519561815336464,639,8.380025415681303,3.2387439103331417,0,198.9742,,,0.8
drift-skew,stackexchange,LRU,200,1,20000,0.0,0.7,6,1,0.0311,0.006430868167202572,622,21.21699295239523,5.487307847943157,0,198.97765,,,0.8
drift-skew,stackexchange,LRU,200,2,20000,0.0,0.7,6,1,0.0272,0.009191176470588236,544,10.122508479980752,4.102179530309513,0,198.9926,,,0.8
drift-skew,stackexchange,LRU,200,3,20000,0.0,0.7,6,1,0.0201,0.02736318407960199,402,8.26821390655823,3.338259068550542,0,198.99705,,,0.8
drift-skew,stackexchange,LRU,200,0,20000,0.0,1.1,6,1,0.4286,0.0002333177788147457,8572,8.606627711560577,2.7669920586049557,0,198.62625,,,0.8
drift-skew,stackexchange,LRU,200,1,20000,0.0,1.1,6,1,0.41765,0.00023943493355680593,8353,9.205825108801946,3.1650614691898227,0,198.6911,,,0.8
drift-skew,stackexchange,LRU,200,2,20000,0.0,1.1,6,1,0.41045,0.00012181751735899622,8209,7.103370514232665,2.3980659956578165,0,198.5851,,,0.8
drift-skew,stackexchange,LRU,200,3,20000,0.0,1.1,6,1,0.30255,0.0008263097008758883,6051,10.531628335593268,3.7418616469949484,0,198.78025,,,0.8
drift-skew,stackexchange,LFU,200,2,20000,0.0,0.7,6,1,0.0439,0.010250569476082005,878,31.68937647715211,5.70338336401619,0,198.9926,,,0.8
drift-skew,stackexchange,LFU,200,3,20000,0.0,0.7,6,1,0.0323,0.02786377708978328,646,8.988451620098203,3.559862048132345,0,198.99705,,,0.8
drift-skew,stackexchange,LFU,200,4,20000,0.0,0.7,6,1,0.04475,0.012290502793296089,895,8.475509454729035,3.2464323739986867,0,198.9889,,,0.8
drift-skew,stackexchange,ARC-exact,200,0,20000,0.0,0.7,6,1,0.07495,0.0066711140760507,1499,23.40123929316178,15.16297833295539,332,198.9742,0.0,0.0,0.8
drift-skew,stackexchange,LRU,200,0,20000,0.0,0.9,6,1,0.1647,0.0012143290831815423,3294,8.804731303825974,3.237497783266008,0,198.89085,,,0.8
drift-skew,stackexchange,LRU,200,1,20000,0.0,0.9,6,1,0.1543,0.0006480881399870382,3086,8.45610462129116,3.2696031033992767,0,198.90255,,,0.8
drift-skew,stackexchange,LRU,200,2,20000,0.0,0.9,6,1,0.1527,0.0009823182711198428,3054,12.90943810599856,4.9687822291161865,0,198.8967,,,0.8
drift-skew,stackexchange,LRU,200,3,20000,0.0,0.9,6,1,0.09935,0.0055359838953195776,1987,11.992439033929259,4.85258333501406,0,198.9524,,,0.8
drift-skew,stackexchange,LFU,200,2,20000,0.0,0.9,6,1,0.2057,0.0019445794846864365,4114,8.659412327688187,3.0612800794187933,0,198.8967,,,0.8
drift-skew,stackexchange,LFU,200,3,20000,0.0,0.9,6,1,0.16275,0.001228878648233487,3255,8.294690068578348,3.0663574347272515,0,198.9524,,,0.8
drift-skew,stackexchange,LFU,200,4,20000,0.0,0.9,6,1,0.2008,0.00298804780876494,4016,11.749774269992486,3.9244848885573447,0,198.931,,,0.8
drift-skew,stackexchange,ARC-exact,200,0,20000,0.0,0.9,6,1,0.24195,0.00020665426741062204,4839,19.329753576312214,11.76330388407223,376,198.89085,0.0,0.0,0.8
drift-skew,stackexchange,ARC,200,3,20000,0.0,0.7,6,1,0.05735,0.015693112467306015,1147,54.05976892216131,23.418771394062787,395,198.99705,11.035212418300652,27.410925645423873,0.8
drift-skew,stackexchange,ARC,200,4,20000,0.0,0.7,6,1,0.0712,0.008426966292134831,1424,21.048889111261815,15.015091432724148,400,198.9889,43.23738628574155,30.140857553672173,0.8
drift-skew,stackexchange,LFU,200,0,20000,0.0,0.7,6,1,0.04885,0.012282497441146366,977,12.766000855481252,5.156186287058517,0,198.9742,,,0.8
drift-skew,stackexchange,LFU,200,1,20000,0.0,0.7,6,1,0.04365,0.006872852233676976,873,16.828933963552117,5.529526685131714,0,198.97765,,,0.8
drift-skew,stackexchange,LRU,200,4,20000,0.0,1.1,6,1,0.4064,0.0008612204724409449,8128,8.802084380295128,2.9517692455556244,0,198.6463,,,0.8
drift-skew,stackexchange,ARC,200,0,20000,0.0,1.1,6,1,0.5212,0.000671527244819647,10424,15.641921712085605,9.791819547535852,400,198.62625,5.0,8.428024355005192,0.8
drift-skew,stackexchange,ARC,200,1,20000,0.0,1.1,6,1,0.52015,0.0002883783523983466,10403,18.88255591620691,12.074437626870349,400,198.6911,0.0,10.520307654242096,0.8
drift-skew,stackexchange,ARC,200,2,20000,0.0,1.1,6,1,0.5098,0.00029423303256178896,10196,19.604159047594294,12.496566446498036,400,198.5851,0.0,10.628323985156223,0.8
drift-skew,stackexchange,LRU,200,4,20000,0.0,0.7,6,1,0.0277,0.01444043321299639,554,9.187356173060834,3.616329695796594,0,198.9889,,,0.8
drift-skew,stackexchange,ARC,200,0,20000,0.0,0.7,6,1,0.07935,0.005671077504725898,1587,23.848206060938537,15.83196041174233,386,198.9742,9.380074457145732,27.868131961380215,0.8
drift-skew,stackexchange,ARC,200,1,20000,0.0,0.7,6,1,0.07325,0.0034129692832764505,1465,23.133072804193944,17.268990172306076,399,198.97765,29.75100957049486,29.453307651301245,0.8
drift-skew,stackexchange,ARC,200,2,20000,0.0,0.7,6,1,0.06785,0.0036845983787767134,1357,23.257291200570762,15.714274090714754,400,198.9926,44.77660410438375,30.916827593449597,0.8
drift-skew,stackexchange,ARC-exact,200,1,20000,0.0,0.9,6,1,0.23815,0.000419903422212891,4763,15.656180738005787,9.346213872777298,383,198.90255,0.0,0.0,0.8
drift-skew,stackexchange,ARC-exact,200,2,20000,0.0,0.9,6,1,0.229,0.0017467248908296944,4580,14.494731498416513,8.73455498367548,383,198.8967,0.0,0.0,0.8
drift-skew,stackexchange,ARC-exact,200,3,20000,0.0,0.9,6,1,0.1975,0.0027848101265822785,3950,20.047727675409988,12.127065798267722,384,198.9524,0.0,0.0,0.8
drift-skew,stackexchange,ARC-exact,200,4,20000,0.0,0.9,6,1,0.2411,0.0018664454583160513,4822,15.15353379654698,8.740349463187158,381,198.931,0.0,0.0,0.8
drift-skew,stackexchange,ARC,200,3,20000,0.0,0.9,6,1,0.20535,0.007304601899196494,4107,20.589061436476186,14.349919353844598,400,198.9524,2.0,11.39157156389793,0.8
drift-skew,stackexchange,ARC,200,4,20000,0.0,0.9,6,1,0.25585,0.0021496970881375805,5117,23.019674490205944,16.5745553385932,400,198.931,5.0,8.719661556372627,0.8
drift-skew,stackexchange,LFU,200,0,20000,0.0,0.9,6,1,0.2122,0.002120640904806786,4244,10.180339129874483,3.638493228936568,0,198.89085,,,0.8
drift-skew,stackexchange,LFU,200,1,20000,0.0,0.9,6,1,0.2002,0.0004995004995004995,4004,9.096043155295774,3.2856985286343843,0,198.90255,,,0.8
drift-skew,stackexchange,LRU,200,4,20000,0.0,0.9,6,1,0.15215,0.0029576076240552087,3043,8.91541718156077,3.213662636699155,0,198.931,,,0.8
drift-skew,stackexchange,ARC,200,0,20000,0.0,0.9,6,1,0.25125,0.0001990049751243781,5025,17.908467340748757,12.372711289208382,400,198.89085,6.0,19.250215068172555,0.8
drift-skew,stackexchange,ARC,200,1,20000,0.0,0.9,6,1,0.25115,0.00019908421262193908,5023,25.31073761638254,17.905235587386414,400,198.90255,9.0,12.978292535845975,0.8
drift-skew,stackexchange,ARC,200,2,20000,0.0,0.9,6,1,0.24475,0.0010214504596527069,4895,19.175612257095054,13.28815053566359,400,198.8967,5.0,14.359494320099877,0.8
drift-skew,stackexchange,ARC,200,3,20000,0.0,1.1,6,1,0.42545,0.0017628393465742155,8509,28.87162976549007,16.48850622586906,400,198.78025,1.666666666666666,7.635178945883067,0.8
drift-skew,stackexchange,ARC,200,4,20000,0.0,1.1,6,1,0.51665,0.0004838865769863544,10333,14.705582067836076,8.974324382143095,400,198.6463,0.0,10.835187767255892,0.8
drift-skew,stackexchange,LFU,200,0,20000,0.0,1.1,6,1,0.4781,0.0003137418950010458,9562,8.041844819672406,2.4075130000710487,0,198.62625,,,0.8
drift-skew,stackexchange,LFU,200,1,20000,0.0,1.1,6,1,0.48655,0.0002055287226389888,9731,7.010975480079651,2.033173863310367,0,198.6911,,,0.8
drift-skew,stackexchange,ARC-exact,200,1,20000,0.0,0.7,6,1,0.0677,0.0029542097488921715,1354,16.982573823770508,10.624118166742846,333,198.97765,0.0,0.0,0.8
drift-skew,stackexchange,ARC-exact,200,2,20000,0.0,0.7,6,1,0.0619,0.004038772213247173,1238,18.535167910158634,11.482121830340475,330,198.9926,0.0,0.0,0.8
drift-skew,stackexchange,ARC-exact,200,3,20000,0.0,0.7,6,1,0.05375,0.017674418604651163,1075,32.12570152245462,17.243053088895977,335,198.99705,0.0,0.0,0.8
drift-skew,stackexchange,ARC-exact,200,4,20000,0.0,0.7,6,1,0.0659,0.005311077389984826,1318,13.584193028509617,8.443389198509976,332,198.9889,0.0,0.0,0.8
drift-skew,stackexchange,LRU,200,0,20000,0.0,1.3,6,1,0.696,0.00014367816091954023,13920,7.820189214544371,2.0461011095903814,0,197.7892,,,0.8
drift-skew,stackexchange,LRU,200,1,20000,0.0,1.3,6,1,0.68485,7.300868803387604e-05,13697,7.546015502884984,1.985387469176203,0,198.0311,,,0.8
drift-skew,stackexchange,LRU,200,2,20000,0.0,1.3,6,1,0.67585,0.00014796182584893096,13517,6.311073066899553,1.6734838369302452,0,197.74365,,,0.8
drift-skew,stackexchange,LRU,200,3,20000,0.0,1.3,6,1,0.55415,0.00027068483262654517,11083,7.668345794081688,2.3810137470718473,0,198.4606,,,0.8
drift-skew,stackexchange,LFU,200,2,20000,0.0,1.1,6,1,0.4739,0.0,9478,11.68167830328457,3.7808588647749275,0,198.5851,,,0.8
drift-skew,stackexchange,LFU,200,3,20000,0.0,1.1,6,1,0.39435,0.00025358184354000256,7887,9.523453674046323,3.1569892074912786,0,198.78025,,,0.8
drift-skew,stackexchange,LFU,200,4,20000,0.0,1.1,6,1,0.48135,0.00010387451958034694,9627,8.27466756454669,2.6902127196080983,0,198.6463,,,0.8
drift-skew,stackexchange,ARC-exact,200,0,20000,0.0,1.1,6,1,0.5119,0.0002930259816370385,10238,10.704767901916057,5.380789015907794,390,198.62625,0.0,0.0,0.8
drift-skew,stackexchange,LFU,200,2,20000,0.0,1.3,6,1,0.72305,6.915151096051449e-05,14461,7.2264061600435525,1.8403865688014776,0,197.74365,,,0.8
drift-skew,stackexchange,LFU,200,3,20000,0.0,1.3,6,1,0.6122,0.0008167265599477295,12244,7.356024900218472,2.1231033897493035,0,198.4606,,,0.8
drift-skew,stackexchange,LFU,200,4,20000,0.0,1.3,6,1,0.73145,0.0,14629,6.544983241474256,1.629260997287929,0,197.8698,,,0.8
drift-skew,stackexchange,ARC-exact,200,0,20000,0.0,1.3,6,1,0.75425,0.0001325820351342393,15085,7.834437652491033,2.913705521496013,391,197.7892,0.0,0.0,0.8
drift-skew,stackexchange,LRU,200,4,20000,0.0,1.3,6,1,0.68155,0.0,13631,8.351256255991757,2.3610512434970587,0,197.8698,,,0.8
drift-skew,stackexchange,ARC,200,0,20000,0.0,1.3,6,1,0.755,0.00013245033112582781,15100,10.924489476019517,5.37498242338188,400,197.7892,2.0,6.327013823529529,0.8
drift-skew,stackexchange,ARC,200,1,20000,0.0,1.3,6,1,0.7446,6.715014773032501e-05,14892,8.48814484779723,4.058129171608016,400,198.0311,4.0,9.240514814693864,0.8
drift-skew,stackexchange,ARC,200,2,20000,0.0,1.3,6,1,0.73945,6.76178240584218e-05,14789,9.729928721208125,4.798815678805113,400,197.74365,7.0,8.24683728586177,0.8
drift-skew,stackexchange,ARC,200,3,20000,0.0,1.3,6,1,0.6282,0.0003183699458771092,12564,14.574333257041872,8.602494955994189,400,198.4606,5.0,7.0948210397264235,0.8
drift-skew,stackexchange,ARC,200,4,20000,0.0,1.3,6,1,0.7434,0.0,14868,9.091215278021991,4.433722363319248,400,197.8698,1.0,7.906854393196665,0.8
drift-skew,stackexchange,LFU,200,0,20000,0.0,1.3,6,1,0.74645,0.0,14929,7.319392153294757,1.631302572786808,0,197.7892,,,0.8
drift-skew,stackexchange,LFU,200,1,20000,0.0,1.3,6,1,0.7272,0.0001375137513751375,14544,6.48766306694597,1.634360261959955,0,198.0311,,,0.8
drift-skew,stackexchange,LRU,200,0,20000,0.0,1.6,6,1,0.9029,0.0,18058,5.735484592150897,1.0202388104517013,0,194.3598,,,0.8
drift-skew,stackexchange,LRU,200,1,20000,0.0,1.6,6,1,0.90365,0.0,18073,5.520366737619042,0.87496506748721,0,195.06735,,,0.8
drift-skew,stackexchange,LRU,200,2,20000,0.0,1.6,6,1,0.89505,0.0,17901,5.620710860239342,0.9939202165696771,0,194.5318,,,0.8
drift-skew,stackexchange,LRU,200,3,20000,0.0,1.6,6,1,0.78305,0.0,15661,6.0272717964835465,1.3716524932533503,0,197.54645,,,0.8
drift-skew,stackexchange,ARC-exact,200,1,20000,0.0,1.1,6,1,0.5114,0.00019554165037152912,10228,12.416633387329057,6.22988220420666,393,198.6911,0.0,0.0,0.8
drift-skew,stackexchange,ARC-exact,200,2,20000,0.0,1.1,6,1,0.5008,9.984025559105431e-05,10016,11.126748198876157,5.613387527409941,394,198.5851,0.0,0.0,0.8
drift-skew,stackexchange,ARC-exact,200,3,20000,0.0,1.1,6,1,0.4163,0.00048042277203939464,8326,11.394112615380436,6.1474541609641165,399,198.78025,0.0,0.0,0.8
drift-skew,stackexchange,ARC-exact,200,4,20000,0.0,1.1,6,1,0.50715,0.0002957704821058858,10143,9.97107119183056,5.005154153332114,389,198.6463,0.0,0.0,0.8
drift-skew,stackexchange,LRU,200,4,20000,0.0,1.6,6,1,0.90175,0.0,18035,5.246215942315757,0.9437090193387121,0,194.87875,,,0.8
drift-skew,stackexchange,ARC,200,0,20000,0.0,1.6,6,1,0.9193,0.0,18386,7.628800673410296,2.196118008578196,400,194.3598,5.5,10.820367162778881,0.8
drift-skew,stackexchange,ARC,200,1,20000,0.0,1.6,6,1,0.9189,0.0,18378,6.914714787853882,2.0276772615034133,400,195.06735,8.0,9.288484578754618,0.8
drift-skew,stackexchange,ARC,200,2,20000,0.0,1.6,6,1,0.91255,0.0,18251,6.840806384570897,2.0628004102036357,400,194.5318,17.235294117647058,7.901983823529698,0.8
drift-skew,stackexchange,ARC-exact,200,1,20000,0.0,1.3,6,1,0.7385,6.770480704129993e-05,14770,8.453985291998833,3.3377374638803303,390,198.0311,0.0,0.0,0.8
drift-skew,stackexchange,ARC-exact,200,2,20000,0.0,1.3,6,1,0.735,0.00020408163265306123,14700,8.954259601887316,3.5028813988901675,389,197.74365,0.0,0.0,0.8
drift-skew,stackexchange,ARC-exact,200,3,20000,0.0,1.3,6,1,0.62875,0.0007952286282306163,12575,8.76311031752266,3.8898813363630325,400,198.4606,0.0,0.0,0.8
drift-skew,stackexchange,ARC-exact,200,4,20000,0.0,1.3,6,1,0.7412,0.0,14824,7.92083041742444,3.0577038298361003,392,197.8698,0.0,0.0,0.8
drift-skew,stackexchange,ARC,200,3,20000,0.0,1.6,6,1,0.8173,0.0,16346,8.525073394412175,3.572805301519111,400,197.54645,2.0,5.32638673171692,0.8
drift-skew,stackexchange,ARC,200,4,20000,0.0,1.6,6,1,0.9167,0.0,18334,6.695913046132773,1.9421711971517652,400,194.87875,2.0,10.574053796207115,0.8
drift-skew,stackexchange,LFU,200,0,20000,0.0,1.6,6,1,0.9157,0.0,18314,5.767972202738747,1.0496072471141815,0,194.3598,,,0.8
drift-skew,stackexchange,LFU,200,1,20000,0.0,1.6,6,1,0.91435,0.0,18287,5.662451847456396,1.0363755864091218,0,195.06735,,,0.8
drift-skew,stackexchange,LFU,200,2,20000,0.0,1.6,6,1,0.9107,0.0,18214,5.855416669510305,1.1220960586797446,0,194.5318,,,0.8
drift-skew,stackexchange,LFU,200,3,20000,0.0,1.6,6,1,0.82515,0.0,16503,6.1598358559422195,1.435556641081348,0,197.54645,,,0.8
drift-skew,stackexchange,LFU,200,4,20000,0.0,1.6,6,1,0.91435,0.0,18287,5.9664018684998155,1.1727622186299413,0,194.87875,,,0.8
drift-skew,stackexchange,ARC-exact,200,0,20000,0.0,1.6,6,1,0.91815,0.0,18363,6.027363293105736,1.4209541608579457,381,194.3598,0.0,0.0,0.8
drift-skew,stackexchange,ARC-exact,200,1,20000,0.0,1.6,6,1,0.9181,0.0,18362,6.0246474866289645,1.4086879673413932,381,195.06735,0.0,0.0,0.8
drift-skew,stackexchange,ARC-exact,200,2,20000,0.0,1.6,6,1,0.91145,0.0,18229,6.170414749067277,1.418618916068226,384,194.5318,0.0,0.0,0.8
drift-skew,stackexchange,ARC-exact,200,3,20000,0.0,1.6,6,1,0.8309,0.0,16618,6.310653028776869,1.974354503909126,400,197.54645,0.0,0.0,0.8
drift-skew,stackexchange,ARC-exact,200,4,20000,0.0,1.6,6,1,0.91545,0.0,18309,6.020391843048856,1.428843819303438,388,194.87875,0.0,0.0,0.8
drift-skew,stackexchange,LRU,200,0,20000,0.02,0.7,6,1,0.0273,0.014652014652014652,546,8.127488190075383,3.253929619677365,0,198.9871,,,0.8
drift-skew,stackexchange,LRU,200,1,20000,0.02,0.7,6,1,0.0305,0.013114754098360656,610,8.014484989689663,3.2263544388115406,0,198.9729,,,0.8
drift-skew,stackexchange,LRU,200,2,20000,0.02,0.7,6,1,0.0298,0.02181208053691275,596,8.855893689906225,3.6350077076349407,0,199.0018,,,0.8
drift-skew,stackexchange,LRU,200,3,20000,0.02,0.7,6,1,0.02155,0.018561484918793503,431,9.36578962719068,3.7495229102205485,0,199.005,,,0.8
drift-skew,stackexchange,LRU,200,0,20000,0.02,0.9,6,1,0.1495,0.004013377926421404,2990,7.751419668784365,2.8438453329727054,0,198.88815,,,0.8
drift-skew,stackexchange,LRU,200,1,20000,0.02,0.9,6,1,0.15565,0.0019274012206874397,3113,11.255650769453496,3.902560420101508,0,198.8939,,,0.8
drift-skew,stackexchange,LRU,200,2,20000,0.02,0.9,6,1,0.1535,0.0016286644951140066,3070,8.487450442044064,3.2615976058878005,0,198.9233,,,0.8
drift-skew,stackexchange,LRU,200,3,20000,0.02,0.9,6,1,0.1028,0.0029182879377431907,2056,8.072813076432794,3.114297689171508,0,198.93125,,,0.8
drift-skew,stackexchange,LFU,200,2,20000,0.02,0.7,6,1,0.035,0.025714285714285714,700,8.24366340530105,3.2780858920887113,0,199.0018,,,0.8
drift-skew,stackexchange,LFU,200,3,20000,0.02,0.7,6,1,0.0318,0.007861635220125786,636,7.9390196478925645,3.0235813406761736,0,199.005,,,0.8
drift-skew,stackexchange,LFU,200,4,20000,0.02,0.7,6,1,0.04165,0.015606242496998799,833,8.87406871188432,3.459047479555011,0,198.9963,,,0.8
drift-skew,stackexchange,ARC-exact,200,0,20000,0.02,0.7,6,1,0.0668,0.0074850299401197605,1336,13.619596167700365,8.52941473131068,336,198.9871,0.0,0.0,0.8
drift-skew,stackexchange,LFU,200,2,20000,0.02,0.9,6,1,0.1943,0.0012866700977869274,3886,7.567701791413128,2.7235626301262528,0,198.9233,,,0.8
drift-skew,stackexchange,LFU,200,3,20000,0.02,0.9,6,1,0.1575,0.0015873015873015873,3150,8.57724345405586,3.046728012850508,0,198.93125,,,0.8
drift-skew,stackexchange,LFU,200,4,20000,0.02,0.9,6,1,0.1828,0.0016411378555798686,3656,7.715293281944469,2.806497149867937,0,198.94875,,,0.8
drift-skew,stackexchange,ARC-exact,200,0,20000,0.02,0.9,6,1,0.23475,0.0019169329073482429,4695,11.502052535070106,6.7621668393258005,383,198.88815,0.0,0.0,0.8
drift-skew,stackexchange,LRU,200,0,20000,0.02,1.1,6,1,0.4141,0.0013281815986476697,8282,8.737888629548252,2.915467304410413,0,198.6061,,,0.8
drift-skew,stackexchange,LRU,200,1,20000,0.02,1.1,6,1,0.4148,0.0,8296,7.496725057717413,2.4789050687104464,0,198.6854,,,0.8
drift-skew,stackexchange,LRU,200,2,20000,0.02,1.1,6,1,0.41305,0.000484202881007142,8261,6.567229935899377,2.118580386741087,0,198.60985,,,0.8
drift-skew,stackexchange,LRU,200,3,20000,0.02,1.1,6,1,0.31095,0.0011255828911400547,6219,6.780840537976474,2.313794125802815,0,198.78025,,,0.8
drift-skew,stackexchange,LRU,200,4,20000,0.02,0.7,6,1,0.0282,0.01773049645390071,564,8.147008524974808,3.217560739722103,0,198.9963,,,0.8
drift-skew,stackexchange,ARC,200,0,20000,0.02,0.7,6,1,0.0729,0.006172839506172839,1458,16.939772793557495,12.122668570373207,400,198.9871,49.05279211794151,30.446761704089585,0.8
drift-skew,stackexchange,ARC,200,1,20000,0.02,0.7,6,1,0.0734,0.004768392370572207,1468,20.474590570665896,14.72174720838666,400,198.9729,19.015064733363367,35.08527986134959,0.8
drift-skew,stackexchange,ARC,200,2,20000,0.02,0.7,6,1,0.07095,0.007047216349541931,1419,16.7477794457227,11.951346416026354,400,199.0018,30.460491368333862,20.271809632810115,0.8
drift-skew,stackexchange,ARC,200,3,20000,0.02,0.7,6,1,0.06145,0.01627339300244101,1229,17.720596183789894,12.663178733782843,400,199.005,26.580392156862743,23.25695264705725,0.8
drift-skew,stackexchange,ARC,200,4,20000,0.02,0.7,6,1,0.0702,0.008547008547008548,1404,19.994280743412673,14.34513540007174,400,198.9963,54.69366037256149,31.74283589007033,0.8
drift-skew,stackexchange,LFU,200,0,20000,0.02,0.7,6,1,0.0442,0.011312217194570135,884,7.7146438241470605,2.9845327720977366,0,198.9871,,,0.8
drift-skew,stackexchange,LFU,200,1,20000,0.02,0.7,6,1,0.045,0.013333333333333334,900,7.590539468219504,2.8524430992547423,0,198.9729,,,0.8
drift-skew,stackexchange,ARC-exact,200,1,20000,0.02,0.7,6,1,0.06765,0.0029563932002956393,1353,13.529149204259738,8.453088731039315,339,198.9729,0.0,0.0,0.8
drift-skew,stackexchange,ARC-exact,200,2,20000,0.02,0.7,6,1,0.0666,0.0075075075075075074,1332,18.37122344877571,11.643483734223992,338,199.0018,0.0,0.0,0.8
drift-skew,stackexchange,ARC-exact,200,3,20000,0.02,0.7,6,1,0.05655,0.015915119363395226,1131,14.002048678230494,8.907296846155077,347,199.005,0.0,0.0,0.8
drift-skew,stackexchange,ARC-exact,200,4,20000,0.02,0.7,6,1,0.0634,0.011041009463722398,1268,12.40040198317729,7.81615583691746,328,198.9963,0.0,0.0,0.8
drift-skew,stackexchange,ARC,200,3,20000,0.02,0.9,6,1,0.2094,0.0031041069723018147,4188,18.68878126842901,13.365256978431717,400,198.93125,3.0,11.077090294117706,0.8
drift-skew,stackexchange,ARC,200,4,20000,0.02,0.9,6,1,0.25045,0.0019964064683569574,5009,16.38100341660902,11.486405617324635,400,198.94875,1.0,15.097292229724236,0.8
drift-skew,stackexchange,LFU,200,0,20000,0.02,0.9,6,1,0.17355,0.021319504465571883,3471,7.085964514408261,2.5846280856058,0,198.88815,,,0.8
drift-skew,stackexchange,LFU,200,1,20000,0.02,0.9,6,1,0.19645,0.0007635530669381522,3929,6.982095423154533,2.467463939683512,0,198.8939,,,0.8
drift-skew,stackexchange,LRU,200,4,20000,0.02,0.9,6,1,0.15225,0.0013136288998357964,3045,7.61149384197779,2.8249749389942735,0,198.94875,,,0.8
drift-skew,stackexchange,ARC,200,0,20000,0.02,0.9,6,1,0.25125,0.001990049751243781,5025,21.25828081043437,14.926200534682721,400,198.88815,4.0,14.917750241225,0.8
drift-skew,stackexchange,ARC,200,1,20000,0.02,0.9,6,1,0.2497,0.0008009611533840609,4994,16.26876000664197,11.416221573017538,400,198.8939,4.0,12.471059867638271,0.8
drift-skew,stackexchange,ARC,200,2,20000,0.02,0.9,6,1,0.242,0.001652892561983471,4840,14.994975843001157,10.411156626651064,400,198.9233,1.0,15.651196539571046,0.8
drift-skew,stackexchange,ARC-exact,200,1,20000,0.02,0.9,6,1,0.22995,0.0008697542944118286,4599,16.81114402017556,9.830188594060019,386,198.8939,0.0,0.0,0.8
drift-skew,stackexchange,ARC-exact,200,2,20000,0.02,0.9,6,1,0.2301,0.001521077792264233,4602,12.667431141017005,7.56109933136031,385,198.9233,0.0,0.0,0.8
drift-skew,stackexchange,ARC-exact,200,3,20000,0.02,0.9,6,1,0.19585,0.0020423793719683433,3917,12.063859117915854,7.246688107261434,383,198.93125,0.0,0.0,0.8
drift-skew,stackexchange,ARC-exact,200,4,20000,0.02,0.9,6,1,0.2356,0.0014855687606112054,4712,11.481476208427921,6.716557586332783,386,198.94875,0.0,0.0,0.8
drift-skew,stackexchange,LRU,200,4,20000,0.02,1.1,6,1,0.4082,0.0003674669279764821,8164,7.643070246558636,2.5499754410702735,0,198.6374,,,0.8
drift-skew,stackexchange,ARC,200,0,20000,0.02,1.1,6,1,0.51115,0.00029345593270077276,10223,12.349528336199,7.649308064719661,400,198.6061,0.0,10.790361650153589,0.8
drift-skew,stackexchange,ARC,200,1,20000,0.02,1.1,6,1,0.5127,0.0,10254,11.46122861537151,7.089256856124848,400,198.6854,11.0,11.381944145903915,0.8
drift-skew,stackexchange,ARC,200,2,20000,0.02,1.1,6,1,0.5075,0.0008866995073891626,10150,11.522929242346436,7.015515392413363,400,198.60985,0.0,9.488133292214338,0.8
drift-skew,stackexchange,ARC,200,3,20000,0.02,1.1,6,1,0.4285,0.0005834305717619603,8570,13.983613497111946,9.063586388947442,400,198.78025,8.0,8.105284103233874,0.8
drift-skew,stackexchange,ARC,200,4,20000,0.02,1.1,6,1,0.51815,0.0003859886133359066,10363,11.330969765549526,6.902303540846333,400,198.6374,1.0,9.63837489255413,0.8
drift-skew,stackexchange,LFU,200,0,20000,0.02,1.1,6,1,0.43845,0.00034211426616489907,8769,6.802066823001951,2.0510107511654496,0,198.6061,,,0.8
drift-skew,stackexchange,LFU,200,1,20000,0.02,1.1,6,1,0.46595,0.0,9319,5.980857560643926,1.7370498913805932,0,198.6854,,,0.8
drift-skew,stackexchange,LFU,200,2,20000,0.02,1.1,6,1,0.45805,0.00010915838882218098,9161,6.61160756717436,2.072888979455456,0,198.60985,,,0.8
drift-skew,stackexchange,LFU,200,3,20000,0.02,1.1,6,1,0.39355,0.00025409731927328164,7871,6.2502809159923345,2.0120384462643415,0,198.78025,,,0.8
drift-skew,stackexchange,LFU,200,4,20000,0.02,1.1,6,1,0.47485,0.0,9497,6.337478518253192,1.896836591186002,0,198.6374,,,0.8
drift-skew,stackexchange,ARC-exact,200,0,20000,0.02,1.1,6,1,0.4951,0.0004039587962027873,9902,9.098453260958195,4.373682587174699,395,198.6061,0.0,0.0,0.8
drift-skew,stackexchange,LRU,200,0,20000,0.02,1.3,6,1,0.68665,7.281730139081045e-05,13733,5.538881418760866,1.4152509160339832,0,197.7903,,,0.8
drift-skew,stackexchange,LRU,200,1,20000,0.02,1.3,6,1,0.6877,0.0,13754,6.18258094182238,1.5369785367511213,0,198.05825,,,0.8
drift-skew,stackexchange,LRU,200,2,20000,0.02,1.3,6,1,0.67905,7.363228039172373e-05,13581,5.681147426366806,1.339417597046122,0,197.7408,,,0.8
drift-skew,stackexchange,LRU,200,3,20000,0.02,1.3,6,1,0.55565,0.0001799694052011158,11113,6.450647040037438,1.7691940709482878,0,198.4289,,,0.8
drift-skew,stackexchange,LRU,200,0,20000,0.02,1.6,6,1,0.89945,0.0,17989,5.296040925895795,0.89660111698322,0,194.2031,,,0.8
drift-skew,stackexchange,LRU,200,1,20000,0.02,1.6,6,1,0.90285,0.0,18057,5.125534639228135,0.8146343985572457,0,195.06105,,,0.8
drift-skew,stackexchange,LRU,200,2,20000,0.02,1.6,6,1,0.89455,0.0,17891,5.753157404251397,0.975731119979173,0,194.4096,,,0.8
drift-skew,stackexchange,LRU,200,3,20000,0.02,1.6,6,1,0.78315,0.0,15663,5.701138224685565,1.201928110094741,0,197.65355,,,0.8
drift-skew,stackexchange,LFU,200,2,20000,0.02,1.3,6,1,0.70995,7.042749489400662e-05,14199,5.588305043056607,1.352118543582037,0,197.7408,,,0.8
drift-skew,stackexchange,LFU,200,3,20000,0.02,1.3,6,1,0.60245,0.00016598887874512408,12049,6.083261547610164,1.6737044206820428,0,198.4289,,,0.8
drift-skew,stackexchange,LFU,200,4,20000,0.02,1.3,6,1,0.7155,6.988120195667365e-05,14310,5.9549710014835,1.4168490888550878,0,197.81585,,,0.8
drift-skew,stackexchange,ARC-exact,200,0,20000,0.02,1.3,6,1,0.7381,0.0005419319875355643,14762,7.281037385109812,2.755905274534598,398,197.7903,0.0,0.0,0.8
drift-skew,stackexchange,ARC-exact,200,1,20000,0.02,1.1,6,1,0.4995,0.0001001001001001001,9990,9.309037955245003,4.642705316655338,396,198.6854,0.0,0.0,0.8
drift-skew,stackexchange,ARC-exact,200,2,20000,0.02,1.1,6,1,0.49375,0.00020253164556962027,9875,9.159521065885201,4.643035592744127,397,198.60985,0.0,0.0,0.8
drift-skew,stackexchange,ARC-exact,200,3,20000,0.02,1.1,6,1,0.41585,0.0002404713237946375,8317,9.694189194124192,5.024725571274757,400,198.78025,0.0,0.0,0.8
drift-skew,stackexchange,ARC-exact,200,4,20000,0.02,1.1,6,1,0.50345,0.00039725891349687157,10069,9.178490872727707,4.520627070451155,391,198.6374,0.0,0.0,0.8
drift-skew,stackexchange,LRU,200,4,20000,0.02,1.6,6,1,0.8976,0.00016711229946524063,17952,5.168600287288427,0.9265105938538909,0,194.8661,,,0.8
drift-skew,stackexchange,ARC,200,0,20000,0.02,1.6,6,1,0.91545,0.0,18309,6.036444619530812,1.6132273070979863,400,194.2031,16.0,7.969192312964999,0.8
drift-skew,stackexchange,ARC,200,1,20000,0.02,1.6,6,1,0.91595,0.0,18319,6.578459544107318,1.7167719721328467,400,195.06105,5.0,13.049600897033269,0.8
drift-skew,stackexchange,ARC,200,2,20000,0.02,1.6,6,1,0.9126,0.00010957703265395574,18252,6.122044136282057,1.7113725014496595,400,194.4096,4.0,12.19909798574053,0.8
drift-skew,stackexchange,ARC,200,3,20000,0.02,1.3,6,1,0.63135,0.00015839074998020116,12627,10.332684929016978,5.73589630657807,400,198.4289,9.0,7.725437460295818,0.8
drift-skew,stackexchange,ARC,200,4,20000,0.02,1.3,6,1,0.74175,0.00013481631277384565,14835,8.388141222530976,3.840919595677405,400,197.81585,2.0,9.436335044934616,0.8
drift-skew,stackexchange,LFU,200,0,20000,0.02,1.3,6,1,0.7265,6.882312456985548e-05,14530,5.849478067830205,1.3953883026260883,0,197.7903,,,0.8
drift-skew,stackexchange,LFU,200,1,20000,0.02,1.3,6,1,0.71555,0.0,14311,5.883182521210983,1.4291787811089307,0,198.05825,,,0.8
drift-skew,stackexchange,LRU,200,4,20000,0.02,1.3,6,1,0.68,0.0002941176470588235,13600,5.964757967740297,1.4234135102014989,0,197.81585,,,0.8
drift-skew,stackexchange,ARC,200,0,20000,0.02,1.3,6,1,0.7475,6.688963210702341e-05,14950,8.33087398787029,3.914119873661548,400,197.7903,5.0,7.650935207787284,0.8
drift-skew,stackexchange,ARC,200,1,20000,0.02,1.3,6,1,0.7436,0.0,14872,9.230361657682806,4.284838814055547,400,198.05825,2.0,9.93521344713567,0.8
drift-skew,stackexchange,ARC,200,2,20000,0.02,1.3,6,1,0.7433,0.0001345351809498184,14866,9.001147112576291,4.319746023975313,400,197.7408,6.0,8.756313447243697,0.8
drift-skew,stackexchange,ARC-exact,200,1,20000,0.02,1.3,6,1,0.73185,0.0,14637,7.302072714082897,2.72007649182342,394,198.05825,0.0,0.0,0.8
drift-skew,stackexchange,ARC-exact,200,2,20000,0.02,1.3,6,1,0.7389,6.766815536608472e-05,14778,7.1947642776649445,2.5942176929675043,395,197.7408,0.0,0.0,0.8
drift-skew,stackexchange,ARC-exact,200,3,20000,0.02,1.3,6,1,0.62955,0.00015884361845762846,12591,8.37558785569854,3.5474131582304835,400,198.4289,0.0,0.0,0.8
drift-skew,stackexchange,ARC-exact,200,4,20000,0.02,1.3,6,1,0.7348,0.00013609145345672293,14696,8.216700272168964,3.1130169110838324,397,197.81585,0.0,0.0,0.8
drift-skew,stackexchange,ARC,200,3,20000,0.02,1.6,6,1,0.81795,0.0,16359,7.277515338500962,2.88465719204396,400,197.65355,9.0,6.050722376791564,0.8
drift-skew,stackexchange,ARC,200,4,20000,0.02,1.6,6,1,0.913,5.47645125958379e-05,18260,6.276241067098454,1.7166959180030972,400,194.8661,2.0,8.641403468106885,0.8
drift-skew,stackexchange,LFU,200,0,20000,0.02,1.6,6,1,0.91045,0.0,18209,5.369120888644829,0.9488376148510724,0,194.2031,,,0.8
drift-skew,stackexchange,LFU,200,1,20000,0.02,1.6,6,1,0.90535,0.0,18107,6.308221764629707,1.2013482744805515,0,195.06105,,,0.8
drift-skew,stackexchange,LFU,200,2,20000,0.02,1.6,6,1,0.90425,0.0,18085,5.698393890634179,0.9947476908564568,0,194.4096,,,0.8
drift-skew,stackexchange,LFU,200,3,20000,0.02,1.6,6,1,0.8213,0.0,16426,5.488643929129466,1.1798625404480845,0,197.65355,,,0.8
drift-skew,stackexchange,LFU,200,4,20000,0.02,1.6,6,1,0.90695,5.5129830751419594e-05,18139,5.2957385836634785,0.9681536233983934,0,194.8661,,,0.8
drift-skew,stackexchange,ARC-exact,200,0,20000,0.02,1.6,6,1,0.91335,0.0,18267,5.296638805884868,1.2243980600032955,396,194.2031,0.0,0.0,0.8
drift-skew,stackexchange,ARC-exact,200,1,20000,0.02,1.6,6,1,0.91295,0.0,18259,6.048764946172014,1.2388246192131191,393,195.06105,0.0,0.0,0.8
drift-skew,stackexchange,ARC-exact,200,2,20000,0.02,1.6,6,1,0.90895,0.0,18179,5.6433275050949305,1.2434905453119427,388,194.4096,0.0,0.0,0.8
drift-skew,stackexchange,ARC-exact,200,3,20000,0.02,1.6,6,1,0.8248,0.0,16496,7.271988497814164,2.2768073540646583,400,197.65355,0.0,0.0,0.8
drift-skew,stackexchange,ARC-exact,200,4,20000,0.02,1.6,6,1,0.91035,0.0006590871642774757,18207,5.109718395397067,1.2122259300667793,387,194.8661,0.0,0.0,0.8
drift-skew,stackexchange,LRU,200,0,20000,0.05,0.7,6,1,0.03065,0.01468189233278956,613,7.586586300749332,2.9248923412524164,0,198.98405,,,0.8
drift-skew,stackexchange,LRU,200,1,20000,0.05,0.7,6,1,0.0307,0.014657980456026058,614,8.048146270448342,3.1388962001074106,0,198.98045,,,0.8
drift-skew,stackexchange,LRU,200,2,20000,0.05,0.7,6,1,0.03105,0.00966183574879227,621,7.270082284230739,2.8836209035944194,0,198.9983,,,0.8
drift-skew,stackexchange,LRU,200,3,20000,0.05,0.7,6,1,0.02405,0.02286902286902287,481,8.138568827416748,3.277817851630971,0,198.99915,,,0.8
drift-skew,stackexchange,LRU,200,0,20000,0.05,0.9,6,1,0.15895,0.0028310789556464295,3179,6.8349699839018285,2.53338196198456,0,198.90415,,,0.8
drift-skew,stackexchange,LRU,200,1,20000,0.05,0.9,6,1,0.15125,0.002644628099173554,3025,7.351023441879079,2.824609394883737,0,198.9033,,,0.8
drift-skew,stackexchange,LRU,200,2,20000,0.05,0.9,6,1,0.15325,0.0032626427406199023,3065,7.902278355322778,3.073129226686433,0,198.9346,,,0.8
drift-skew,stackexchange,LRU,200,3,20000,0.05,0.9,6,1,0.1038,0.003371868978805395,2076,8.270404126960784,3.2739062909968197,0,198.95245,,,0.8
drift-skew,stackexchange,LFU,200,2,20000,0.05,0.7,6,1,0.0455,0.00989010989010989,910,8.215217338874936,3.146001708228141,0,198.9983,,,0.8
drift-skew,stackexchange,LFU,200,3,20000,0.05,0.7,6,1,0.0305,0.019672131147540985,610,7.0013851567637175,2.640478959074244,0,198.99915,,,0.8
drift-skew,stackexchange,LFU,200,4,20000,0.05,0.7,6,1,0.04035,0.008674101610904586,807,7.990219671046361,3.113665519049391,0,198.99625,,,0.8
drift-skew,stackexchange,ARC-exact,200,0,20000,0.05,0.7,6,1,0.0691,0.007959479015918957,1382,14.318076882045716,9.08581453259103,347,198.98405,0.0,0.0,0.8
drift-skew,stackexchange,LFU,200,2,20000,0.05,0.9,6,1,0.18555,0.0010778765831312314,3711,6.837707763770595,2.4288730463013053,0,198.9346,,,0.8
drift-skew,stackexchange,LFU,200,3,20000,0.05,0.9,6,1,0.13815,0.0018096272167933405,2763,7.863196916878223,2.7933329343795776,0,198.95245,,,0.8
drift-skew,stackexchange,LFU,200,4,20000,0.05,0.9,6,1,0.1968,0.001524390243902439,3936,7.577530591515824,2.7001579524949193,0,198.9303,,,0.8
drift-skew,stackexchange,ARC-exact,200,0,20000,0.05,0.9,6,1,0.22995,0.0030441400304414,4599,14.679064764641225,8.648767985869199,383,198.90415,0.0,0.0,0.8
drift-skew,stackexchange,LRU,200,0,20000,0.05,1.1,6,1,0.42195,0.0008294821661334282,8439,6.3191975525114685,2.0389878714922816,0,198.62175,,,0.8
drift-skew,stackexchange,LRU,200,1,20000,0.05,1.1,6,1,0.4183,0.0,8366,7.25900600082241,2.372247219318524,0,198.68935,,,0.8
drift-skew,stackexchange,LRU,200,2,20000,0.05,1.1,6,1,0.40615,0.000369321679182568,8123,6.983771262457594,2.331670717103407,0,198.55825,,,0.8
drift-skew,stackexchange,LRU,200,3,20000,0.05,1.1,6,1,0.3132,0.0006385696040868455,6264,8.880905975820497,3.080016531748697,0,198.7912,,,0.8
drift-skew,stackexchange,LRU,200,4,20000,0.05,0.7,6,1,0.02995,0.01669449081803005,599,7.5640853377990425,2.9315794294234365,0,198.99625,,,0.8
drift-skew,stackexchange,ARC,200,0,20000,0.05,0.7,6,1,0.0743,0.007402422611036339,1486,15.868848626269028,11.318495974410325,400,198.98405,34.62726827463669,31.076495063025895,0.8
drift-skew,stackexchange,ARC,200,1,20000,0.05,0.7,6,1,0.07155,0.0034940600978336828,1431,18.31550911301747,13.144988374551758,400,198.98045,60.6658855237686,33.50186758785598,0.8
drift-skew,stackexchange,ARC,200,2,20000,0.05,0.7,6,1,0.06985,0.005010737294201861,1397,22.56430000416003,15.800597285851834,400,198.9983,16.32065089914101,30.78769586249244,0.8
drift-skew,stackexchange,ARC,200,3,20000,0.05,0.7,6,1,0.0624,0.016826923076923076,1248,17.40749829914421,12.520236073760316,400,198.99915,51.56032313705426,40.542452840518365,0.8
drift-skew,stackexchange,ARC,200,4,20000,0.05,0.7,6,1,0.07165,0.011863224005582694,1433,17.637842817930505,12.728412542492151,400,198.99625,33.65850164444358,37.02720701877184,0.8
drift-skew,stackexchange,LFU,200,0,20000,0.05,0.7,6,1,0.033,0.012121212121212121,660,9.808351722313091,3.679460409330204,0,198.98405,,,0.8
drift-skew,stackexchange,LFU,200,1,20000,0.05,0.7,6,1,0.0397,0.006297229219143577,794,12.430762912845239,5.008847650606185,0,198.98045,,,0.8
drift-skew,stackexchange,ARC,200,3,20000,0.05,0.9,6,1,0.209,0.0016746411483253589,4180,15.581550262868404,11.025814607273787,400,198.95245,7.0,13.790756308501743,0.8
drift-skew,stackexchange,ARC,200,4,20000,0.05,0.9,6,1,0.25365,0.001576976148235758,5073,16.03983708191663,11.250411305809394,400,198.9303,3.0,9.68162169117656,0.8
drift-skew,stackexchange,LFU,200,0,20000,0.05,0.9,6,1,0.1865,0.0013404825737265416,3730,10.2025578613393,3.731016517849639,0,198.90415,,,0.8
drift-skew,stackexchange,LFU,200,1,20000,0.05,0.9,6,1,0.18015,0.005828476269775187,3603,12.531718017999083,4.721290030283853,0,198.9033,,,0.8
drift-skew,stackexchange,ARC-exact,200,1,20000,0.05,0.9,6,1,0.2266,0.0048543689320388345,4532,11.319464858388528,6.622360140318051,384,198.9033,0.0,0.0,0.8
drift-skew,stackexchange,ARC-exact,200,2,20000,0.05,0.9,6,1,0.23185,0.0006469700237222342,4637,12.059250700986013,7.151723123388365,383,198.9346,0.0,0.0,0.8
drift-skew,stackexchange,ARC-exact,200,3,20000,0.05,0.9,6,1,0.19335,0.0015515903801396431,3867,16.907726210774854,9.476051124511287,388,198.95245,0.0,0.0,0.8
drift-skew,stackexchange,ARC-exact,200,4,20000,0.05,0.9,6,1,0.2338,0.0012831479897348161,4676,17.52363624982536,10.082079778658226,390,198.9303,0.0,0.0,0.8
drift-skew,stackexchange,LRU,200,4,20000,0.05,1.1,6,1,0.40835,0.0006122199093914534,8167,7.0194636937230825,2.420841361163184,0,198.66,,,0.8
drift-skew,stackexchange,ARC,200,0,20000,0.05,1.1,6,1,0.51325,0.0003896736483195324,10265,12.452600273536518,7.696985633810981,400,198.62175,2.0,12.826671477027425,0.8
drift-skew,stackexchange,ARC,200,1,20000,0.05,1.1,6,1,0.51215,0.00039051059259982425,10243,16.539043787634,10.250261012697592,400,198.68935,2.0,9.777660137076808,0.8
drift-skew,stackexchange,ARC,200,2,20000,0.05,1.1,6,1,0.50675,0.0003946719289590528,10135,17.33345417305827,10.486327204853296,400,198.55825,1.0,8.933324522874617,0.8
drift-skew,stackexchange,ARC-exact,200,1,20000,0.05,0.7,6,1,0.06495,0.003079291762894534,1299,13.0623480072245,8.22791313403286,341,198.98045,0.0,0.0,0.8
drift-skew,stackexchange,ARC-exact,200,2,20000,0.05,0.7,6,1,0.065,0.004615384615384616,1300,14.155749551719055,8.993797597941011,336,198.9983,0.0,0.0,0.8
drift-skew,stackexchange,ARC-exact,200,3,20000,0.05,0.7,6,1,0.05515,0.011786038077969175,1103,15.76269629294984,10.053044720552862,342,198.99915,0.0,0.0,0.8
drift-skew,stackexchange,ARC-exact,200,4,20000,0.05,0.7,6,1,0.0642,0.011682242990654205,1284,18.778372695669532,12.223032076144591,338,198.99625,0.0,0.0,0.8
drift-skew,stackexchange,LRU,200,4,20000,0.05,0.9,6,1,0.156,0.000641025641025641,3120,7.036900310777128,2.6176927145570517,0,198.9303,,,0.8
drift-skew,stackexchange,ARC,200,0,20000,0.05,0.9,6,1,0.2481,0.0024183796856106408,4962,16.29112144582905,11.496102466480806,400,198.90415,7.0,14.81624082382324,0.8
drift-skew,stackexchange,ARC,200,1,20000,0.05,0.9,6,1,0.24405,0.002868264699856587,4881,18.91665236908011,13.196580519434065,400,198.9033,8.0,13.180430918693629,0.8
drift-skew,stackexchange,ARC,200,2,20000,0.05,0.9,6,1,0.2443,0.0012279983626688497,4886,21.796957292826846,14.258717867778614,400,198.9346,1.0,12.102503066515961,0.8
drift-skew,stackexchange,ARC,200,3,20000,0.05,1.1,6,1,0.4291,0.00023304591004427873,8582,15.3034339658916,9.975358075462282,400,198.7912,1.0,9.41352514110368,0.8
drift-skew,stackexchange,ARC,200,4,20000,0.05,1.1,6,1,0.5149,0.0003884249368809478,10298,15.425174526171759,9.716525149997324,400,198.66,9.5,10.685183620509319,0.8
drift-skew,stackexchange,LFU,200,0,20000,0.05,1.1,6,1,0.4565,0.0001095290251916758,9130,8.004473557230085,2.433854097034782,0,198.62175,,,0.8
drift-skew,stackexchange,LFU,200,1,20000,0.05,1.1,6,1,0.4659,0.0001073191672032625,9318,8.033472759416327,2.3279199143871665,0,198.68935,,,0.8
drift-skew,stackexchange,LFU,200,2,20000,0.05,1.1,6,1,0.44375,0.0003380281690140845,8875,9.205028816359118,3.019487007986754,0,198.55825,,,0.8
drift-skew,stackexchange,LFU,200,3,20000,0.05,1.1,6,1,0.3845,0.0,7690,10.889124707318842,3.6961185513064265,0,198.7912,,,0.8
drift-skew,stackexchange,LFU,200,4,20000,0.05,1.1,6,1,0.4632,0.0008635578583765112,9264,6.450677459361032,1.9448302860837432,0,198.66,,,0.8
drift-skew,stackexchange,ARC-exact,200,0,20000,0.05,1.1,6,1,0.4899,0.0004082465809348847,9798,11.322880577063188,5.56234389077872,394,198.62175,0.0,0.0,0.8
drift-skew,stackexchange,LRU,200,0,20000,0.05,1.3,6,1,0.68855,0.001670176457773582,13771,7.621825439855456,1.9884982029907408,0,197.82885,,,0.8
drift-skew,stackexchange,LRU,200,1,20000,0.05,1.3,6,1,0.6863,0.0,13726,6.732863577781245,1.6215710958931595,0,198.01785,,,0.8
drift-skew,stackexchange,LRU,200,2,20000,0.05,1.3,6,1,0.6761,0.00036976778583049845,13522,7.286242768168449,1.7122189106885344,0,197.68835,,,0.8
drift-skew,stackexchange,LRU,200,3,20000,0.05,1.3,6,1,0.5604,0.00017844396859386153,11208,6.946596980560571,1.8632994673680514,0,198.47005,,,0.8
drift-skew,stackexchange,LRU,200,4,20000,0.05,1.3,6,1,0.6836,0.0001462843768285547,13672,7.720340404193848,1.8759346741717309,0,197.8753,,,0.8
drift-skew,stackexchange,ARC,200,0,20000,0.05,1.3,6,1,0.74505,0.00020132876988121604,14901,9.423661418259144,4.606349481036887,400,197.82885,2.666666666666666,8.730136532509812,0.8
drift-skew,stackexchange,ARC,200,1,20000,0.05,1.3,6,1,0.7419,6.739452756436177e-05,14838,10.767724487232044,5.058299598749727,400,198.01785,0.0,11.136520251977808,0.8
drift-skew,stackexchange,ARC,200,2,20000,0.05,1.3,6,1,0.7377,6.777822963264199e-05,14754,10.368763050064445,4.8771543661132455,400,197.68835,4.666666666666666,7.376637023046361,0.8
drift-skew,stackexchange,LRU,200,0,20000,0.05,1.6,6,1,0.898,0.0,17960,5.40862082852982,0.9113539708778262,0,194.4622,,,0.8
drift-skew,stackexchange,LRU,200,1,20000,0.05,1.6,6,1,0.9053,0.00022092124157737766,18106,6.947335682343692,1.1323041748255491,0,194.9955,,,0.8
drift-skew,stackexchange,LRU,200,2,20000,0.05,1.6,6,1,0.89035,5.615769079575448e-05,17807,6.024067255202681,1.0214862297289073,0,194.44235,,,0.8
drift-skew,stackexchange,LRU,200,3,20000,0.05,1.6,6,1,0.7904,0.0,15808,7.308889098931104,1.4876827306579798,0,197.5399,,,0.8
drift-skew,stackexchange,ARC-exact,200,1,20000,0.05,1.1,6,1,0.4913,0.0003053124363932424,9826,12.838275480316952,6.754130986519158,398,198.68935,0.0,0.0,0.8
drift-skew,stackexchange,ARC-exact,200,2,20000,0.05,1.1,6,1,0.49,0.00040816326530612246,9800,9.911826002644375,4.877985449275002,394,198.55825,0.0,0.0,0.8
drift-skew,stackexchange,ARC-exact,200,3,20000,0.05,1.1,6,1,0.40785,0.0001225940909648155,8157,11.527165008010343,5.977389414329082,400,198.7912,0.0,0.0,0.8
drift-skew,stackexchange,ARC-exact,200,4,20000,0.05,1.1,6,1,0.49795,0.00010041168792047395,9959,12.400064134271815,6.365095375804231,393,198.66,0.0,0.0,0.8
drift-skew,stackexchange,LFU,200,2,20000,0.05,1.3,6,1,0.7013,0.0,14026,5.704462138237432,1.377058820798993,0,197.68835,,,0.8
drift-skew,stackexchange,LFU,200,3,20000,0.05,1.3,6,1,0.61945,8.071676487206392e-05,12389,8.173176721902564,2.2222495696041733,0,198.47005,,,0.8
drift-skew,stackexchange,LFU,200,4,20000,0.05,1.3,6,1,0.7117,0.0,14234,6.687777902698144,1.5854548604693264,0,197.8753,,,0.8
drift-skew,stackexchange,ARC-exact,200,0,20000,0.05,1.3,6,1,0.7366,0.00020363833831115938,14732,9.055481082759798,3.250388795277104,400,197.82885,0.0,0.0,0.8
drift-skew,stackexchange,LRU,200,4,20000,0.05,1.6,6,1,0.8957,0.0,17914,5.6035778659861535,0.9514543984550983,0,195.07595,,,0.8
drift-skew,stackexchange,ARC,200,0,20000,0.05,1.6,6,1,0.91595,0.0,18319,7.5266225496307015,2.0827191590797156,400,194.4622,0.0,9.795091186349863,0.8
drift-skew,stackexchange,ARC,200,1,20000,0.05,1.6,6,1,0.91715,0.00021806683748568935,18343,7.5458363455254585,2.136064920341596,400,194.9955,2.0,10.817781844248666,0.8
drift-skew,stackexchange,ARC,200,2,20000,0.05,1.6,6,1,0.9099,5.495109352676118e-05,18198,7.72846945328638,2.046983316540718,400,194.44235,1.0,8.161831463974716,0.8
drift-skew,stackexchange,LFU,200,2,20000,0.05,1.6,6,1,0.89905,0.0,17981,6.815353949787095,1.26319260452874,0,194.44235,,,0.8
drift-skew,stackexchange,LFU,200,3,20000,0.05,1.6,6,1,0.81295,0.0,16259,6.630801520077512,1.4754960197024047,0,197.5399,,,0.8
drift-skew,stackexchange,LFU,200,4,20000,0.05,1.6,6,1,0.9049,0.0,18098,7.784270960837603,1.5138868009671569,0,195.07595,,,0.8
drift-skew,stackexchange,ARC-exact,200,0,20000,0.05,1.6,6,1,0.9107,0.0,18214,6.66439677006565,1.4772290014661849,394,194.4622,0.0,0.0,0.8
drift-skew,stackexchange,ARC,200,3,20000,0.05,1.6,6,1,0.8229,0.0,16458,9.123412857297808,3.5713159712031484,400,197.5399,15.0,4.913209421838885,0.8
drift-skew,stackexchange,ARC,200,4,20000,0.05,1.6,6,1,0.9117,0.0,18234,6.980245397426188,1.9698236021213236,400,195.07595,0.0,9.99002715880607,0.8
drift-skew,stackexchange,LFU,200,0,20000,0.05,1.6,6,1,0.9003,0.0,18006,7.761988276615739,1.4804332982748747,0,194.4622,,,0.8
drift-skew,stackexchange,LFU,200,1,20000,0.05,1.6,6,1,0.90535,0.0,18107,6.107452610740438,1.080033549806103,0,194.9955,,,0.8
drift-skew,stackexchange,ARC,200,3,20000,0.05,1.3,6,1,0.6338,7.888923950773115e-05,12676,11.159469367703423,6.131013942649588,400,198.47005,11.0,6.717970080040745,0.8
drift-skew,stackexchange,ARC,200,4,20000,0.05,1.3,6,1,0.74105,0.0,14821,10.388088738545775,4.849679220933467,400,197.8753,3.0,11.137526282637545,0.8
drift-skew,stackexchange,LFU,200,0,20000,0.05,1.3,6,1,0.7055,0.00021261516654854713,14110,8.400971093215048,2.0566604856867343,0,197.82885,,,0.8
drift-skew,stackexchange,LFU,200,1,20000,0.05,1.3,6,1,0.71235,0.0002807608619358461,14247,6.94080691318959,1.6545441700145602,0,198.01785,,,0.8
drift-skew,stackexchange,ARC-exact,200,1,20000,0.05,1.3,6,1,0.72645,0.00013765572303668525,14529,7.3151486401911825,2.8279031277634203,398,198.01785,0.0,0.0,0.8
drift-skew,stackexchange,ARC-exact,200,2,20000,0.05,1.3,6,1,0.72835,6.864831468387451e-05,14567,8.694502740399912,3.159501979826018,398,197.68835,0.0,0.0,0.8
drift-skew,stackexchange,ARC-exact,200,3,20000,0.05,1.3,6,1,0.6209,8.052826542116283e-05,12418,10.71346877142787,4.678037005942315,400,198.47005,0.0,0.0,0.8
drift-skew,stackexchange,ARC-exact,200,4,20000,0.05,1.3,6,1,0.72985,0.00013701445502500514,14597,8.993342483881861,3.6801315436605364,398,197.8753,0.0,0.0,0.8
drift-skew,stackexchange,ARC-exact,200,1,20000,0.05,1.6,6,1,0.9136,0.00021891418563922942,18272,6.488453107886016,1.4841119351331145,392,194.9955,0.0,0.0,0.8
drift-skew,stackexchange,ARC-exact,200,2,20000,0.05,1.6,6,1,0.90765,0.0,18153,8.441600727383047,2.014912950107828,390,194.44235,0.0,0.0,0.8
drift-skew,stackexchange,ARC-exact,200,3,20000,0.05,1.6,6,1,0.8206,0.0,16412,7.525109697598964,2.2158751846291125,400,197.5399,0.0,0.0,0.8
drift-skew,stackexchange,ARC-exact,200,4,20000,0.05,1.6,6,1,0.90715,0.0,18143,5.747692921431735,1.431685040006414,392,195.07595,0.0,0.0,0.8
drift-skew,stackexchange,LRU,200,0,20000,0.1,0.7,6,1,0.03095,0.017770597738287562,619,9.472016419749707,3.6238221277017146,0,198.98145,,,0.8
drift-skew,stackexchange,LRU,200,1,20000,0.1,0.7,6,1,0.0313,0.01757188498402556,626,8.899575186660513,3.683741617714986,0,198.9772,,,0.8
drift-skew,stackexchange,LRU,200,2,20000,0.1,0.7,6,1,0.02945,0.015280135823429542,589,7.556062645744532,2.98419538885355,0,198.9923,,,0.8
drift-skew,stackexchange,LRU,200,3,20000,0.1,0.7,6,1,0.0195,0.015384615384615385,390,7.898080174345523,3.1665192742366344,0,199.0038,,,0.8
drift-skew,stackexchange,LRU,200,0,20000,0.1,1.1,6,1,0.4117,0.0008501335924216663,8234,6.666424049763009,2.1503822703380138,0,198.61895,,,0.8
drift-skew,stackexchange,LRU,200,1,20000,0.1,1.1,6,1,0.42285,0.0008277166844034528,8457,6.668379134498537,2.1681957121472806,0,198.687,,,0.8
drift-skew,stackexchange,LRU,200,2,20000,0.1,1.1,6,1,0.41205,0.0006067224851352991,8241,6.581202615052462,2.1098523982800543,0,198.5369,,,0.8
drift-skew,stackexchange,LRU,200,3,20000,0.1,1.1,6,1,0.31205,0.0014420765902900176,6241,9.680453909095377,3.45108081237413,0,198.78865,,,0.8
drift-skew,stackexchange,LRU,200,0,20000,0.1,0.9,6,1,0.15375,0.004227642276422764,3075,7.5026656850241125,2.8323363803792745,0,198.90195,,,0.8
drift-skew,stackexchange,LRU,200,1,20000,0.1,0.9,6,1,0.15635,0.0015989766549408379,3127,7.39407486980781,2.836948784533888,0,198.9115,,,0.8
drift-skew,stackexchange,LRU,200,2,20000,0.1,0.9,6,1,0.1524,0.0026246719160104987,3048,7.185719424160197,2.7097624260932207,0,198.9183,,,0.8
drift-skew,stackexchange,LRU,200,3,20000,0.1,0.9,6,1,0.09815,0.0025471217524197657,1963,10.209650843171403,3.997177205746993,0,198.93905,,,0.8
drift-skew,stackexchange,LFU,200,2,20000,0.1,0.7,6,1,0.03155,0.01901743264659271,631,8.494601218262687,3.2797147752717137,0,198.9923,,,0.8
drift-skew,stackexchange,LFU,200,3,20000,0.1,0.7,6,1,0.0221,0.024886877828054297,442,6.95936739211902,2.7027774951420724,0,199.0038,,,0.8
drift-skew,stackexchange,LFU,200,4,20000,0.1,0.7,6,1,0.0346,0.008670520231213872,692,7.8523587610106915,2.9967781505547464,0,199.00165,,,0.8
drift-skew,stackexchange,ARC-exact,200,0,20000,0.1,0.7,6,1,0.0625,0.0128,1250,17.139867565128952,11.052961566019803,341,198.98145,0.0,0.0,0.8
drift-skew,stackexchange,LFU,200,2,20000,0.1,0.9,6,1,0.1391,0.0035945363048166786,2782,7.010949915274978,2.5687061133794487,0,198.9183,,,0.8
drift-skew,stackexchange,LFU,200,3,20000,0.1,0.9,6,1,0.1283,0.005455962587685113,2566,7.574168941937387,2.8177450818475336,0,198.93905,,,0.8
drift-skew,stackexchange,LFU,200,4,20000,0.1,0.9,6,1,0.161,0.0012422360248447205,3220,6.985391629859805,2.5298525870312005,0,198.945,,,0.8
drift-skew,stackexchange,ARC-exact,200,0,20000,0.1,0.9,6,1,0.221,0.0020361990950226246,4420,15.693616314092651,9.466731862630695,385,198.90195,0.0,0.0,0.8
drift-skew,stackexchange,ARC,200,3,20000,0.1,0.7,6,1,0.05215,0.012464046021093002,1043,17.66186232562177,12.580164178507403,400,199.0038,65.72544982905443,31.836694049632882,0.8
drift-skew,stackexchange,ARC,200,4,20000,0.1,0.7,6,1,0.06415,0.019485580670303974,1283,16.58405684866011,11.92030751844868,400,199.00165,6.407774529957563,28.079560123607365,0.8
drift-skew,stackexchange,LFU,200,0,20000,0.1,0.7,6,1,0.0323,0.02321981424148607,646,10.05672441679053,4.092224594205618,0,198.98145,,,0.8
drift-skew,stackexchange,LFU,200,1,20000,0.1,0.7,6,1,0.0374,0.0053475935828877,748,9.17334525147453,3.374245099257678,0,198.9772,,,0.8
drift-skew,stackexchange,LRU,200,4,20000,0.1,0.7,6,1,0.02545,0.03143418467583497,509,8.839646744308993,3.3281203999649733,0,199.00165,,,0.8
drift-skew,stackexchange,ARC,200,0,20000,0.1,0.7,6,1,0.06655,0.011269722013523666,1331,17.162564024329185,12.237153196474537,400,198.98145,64.04364006590394,38.916863897612174,0.8
drift-skew,stackexchange,ARC,200,1,20000,0.1,0.7,6,1,0.07025,0.0099644128113879,1405,19.04490746674128,13.730678003048524,400,198.9772,52.51669562806437,32.97857683758803,0.8
drift-skew,stackexchange,ARC,200,2,20000,0.1,0.7,6,1,0.0657,0.0076103500761035,1314,20.174340199446306,14.285167749039829,400,198.9923,64.49220679516158,38.65764038702638,0.8
drift-skew,stackexchange,ARC-exact,200,1,20000,0.1,0.9,6,1,0.2272,0.0011003521126760564,4544,11.273035896010697,6.6942849138285965,385,198.9115,0.0,0.0,0.8
drift-skew,stackexchange,ARC-exact,200,2,20000,0.1,0.9,6,1,0.2153,0.0011611704598235022,4306,11.843252804828808,7.042335974983871,395,198.9183,0.0,0.0,0.8
drift-skew,stackexchange,ARC-exact,200,3,20000,0.1,0.9,6,1,0.1814,0.0027563395810363835,3628,16.40882948995568,10.063165362225845,394,198.93905,0.0,0.0,0.8
drift-skew,stackexchange,ARC-exact,200,4,20000,0.1,0.9,6,1,0.2153,0.0018578727357176034,4306,14.083884638966992,8.203611191129312,393,198.945,0.0,0.0,0.8
drift-skew,stackexchange,ARC,200,3,20000,0.1,0.9,6,1,0.1986,0.003272910372608258,3972,15.850660379510373,11.219368415186182,400,198.93905,3.0,14.839694326777975,0.8
drift-skew,stackexchange,ARC,200,4,20000,0.1,0.9,6,1,0.2361,0.0014824227022448115,4722,16.53845248511061,11.597026488743722,400,198.945,6.0,15.553371882734735,0.8
drift-skew,stackexchange,LFU,200,0,20000,0.1,0.9,6,1,0.17685,0.0016963528413910093,3537,8.334248419851065,3.0409405939280987,0,198.90195,,,0.8
drift-skew,stackexchange,LFU,200,1,20000,0.1,0.9,6,1,0.1811,0.001932633903920486,3622,8.19627825403586,2.8448023018427193,0,198.9115,,,0.8
drift-skew,stackexchange,ARC-exact,200,1,20000,0.1,0.7,6,1,0.06395,0.009382329945269743,1279,12.931751762516797,8.151065179845318,349,198.9772,0.0,0.0,0.8
drift-skew,stackexchange,ARC-exact,200,2,20000,0.1,0.7,6,1,0.05895,0.007633587786259542,1179,13.072267855750397,8.25196616933681,353,198.9923,0.0,0.0,0.8
drift-skew,stackexchange,ARC-exact,200,3,20000,0.1,0.7,6,1,0.04885,0.01330603889457523,977,17.530163459014148,10.996696207439527,334,199.0038,0.0,0.0,0.8
drift-skew,stackexchange,ARC-exact,200,4,20000,0.1,0.7,6,1,0.05845,0.023096663815226688,1169,15.37438549567014,9.678937587887049,350,199.00165,0.0,0.0,0.8
drift-skew,stackexchange,LRU,200,4,20000,0.1,0.9,6,1,0.14505,0.002068252326783868,2901,7.611370563972741,2.839140349533409,0,198.945,,,0.8
drift-skew,stackexchange,ARC,200,0,20000,0.1,0.9,6,1,0.23845,0.0020968756552736424,4769,15.650841785827652,10.937433125218377,400,198.90195,2.0,17.656268192482337,0.8
drift-skew,stackexchange,ARC,200,1,20000,0.1,0.9,6,1,0.248,0.0016129032258064516,4960,19.498013489646837,13.391535391565412,400,198.9115,2.0,15.576762234284432,0.8
drift-skew,stackexchange,ARC,200,2,20000,0.1,0.9,6,1,0.23875,0.0014659685863874345,4775,17.444717523176223,12.096397863933817,400,198.9183,8.0,15.094075687419616,0.8
drift-skew,stackexchange,LRU,200,4,20000,0.1,1.1,6,1,0.40125,0.0006230529595015577,8025,6.7609847872518,2.209465589839965,0,198.6788,,,0.8
drift-skew,stackexchange,ARC,200,0,20000,0.1,1.1,6,1,0.50285,0.001093765536442279,10057,12.305774621199816,7.632867182837798,400,198.61895,4.0,8.613224660222558,0.8
drift-skew,stackexchange,ARC,200,1,20000,0.1,1.1,6,1,0.50915,0.0003928115486595306,10183,16.141304094344378,9.925199783174321,400,198.687,0.0,12.644163487432692,0.8
drift-skew,stackexchange,ARC,200,2,20000,0.1,1.1,6,1,0.4997,0.0010006003602161296,9994,13.974743656581268,8.702392684062943,400,198.5369,5.0,11.31713264271631,0.8
drift-skew,stackexchange,ARC,200,3,20000,0.1,1.1,6,1,0.4195,0.0011918951132300357,8390,15.711185068357736,10.242254583863541,400,198.78865,11.0,11.180444965570754,0.8
drift-skew,stackexchange,ARC,200,4,20000,0.1,1.1,6,1,0.49945,0.0013014315747322054,9989,14.810685772681609,9.181834472110495,400,198.6788,7.304347826086957,12.663185359896204,0.8
drift-skew,stackexchange,LFU,200,0,20000,0.1,1.1,6,1,0.44055,0.00022698899103393486,8811,7.15056982007809,2.2868512431159616,0,198.61895,,,0.8
drift-skew,stackexchange,LFU,200,1,20000,0.1,1.1,6,1,0.44955,0.00022244466688911134,8991,7.913097366690636,2.320403273915872,0,198.687,,,0.8
drift-skew,stackexchange,LRU,200,0,20000,0.1,1.3,6,1,0.67585,0.00029592365169786193,13517,7.445793255465105,1.9753124506678432,0,197.81065,,,0.8
drift-skew,stackexchange,LRU,200,1,20000,0.1,1.3,6,1,0.68775,0.00014540167211922936,13755,6.812386080855504,1.6487839398905635,0,198.04645,,,0.8
drift-skew,stackexchange,LRU,200,2,20000,0.1,1.3,6,1,0.67475,7.410151908114116e-05,13495,7.687236025230959,1.9389573717489839,0,197.71765,,,0.8
drift-skew,stackexchange,LRU,200,3,20000,0.1,1.3,6,1,0.5631,0.0001775883502042266,11262,6.723517150385305,1.8074052757583559,0,198.48535,,,0.8
drift-skew,stackexchange,LFU,200,2,20000,0.1,1.1,6,1,0.4007,0.0004991265285749938,8014,8.224761538440362,2.603971352800727,0,198.5369,,,0.8
drift-skew,stackexchange,LFU,200,3,20000,0.1,1.1,6,1,0.3574,0.0008393956351426973,7148,7.874145021196455,2.60193960275501,0,198.78865,,,0.8
drift-skew,stackexchange,LFU,200,4,20000,0.1,1.1,6,1,0.42475,0.0005885815185403178,8495,9.114083007443696,2.8094652167055756,0,198.6788,,,0.8
drift-skew,stackexchange,ARC-exact,200,0,20000,0.1,1.1,6,1,0.47955,0.0007298509018871859,9591,9.704973531188443,4.7631883004214615,399,198.61895,0.0,0.0,0.8
drift-skew,stackexchange,LRU,200,4,20000,0.1,1.3,6,1,0.673,7.429420505200594e-05,13460,7.1931134385522455,1.798215543385595,0,197.8752,,,0.8
drift-skew,stackexchange,ARC,200,0,20000,0.1,1.3,6,1,0.73305,0.0015687879407953072,14661,10.161632183007896,5.032062600366771,400,197.81065,5.0,8.7885507331396,0.8
drift-skew,stackexchange,ARC,200,1,20000,0.1,1.3,6,1,0.73965,6.75995403231258e-05,14793,9.119274350814521,4.1919951676391065,400,198.04645,0.0,10.707496860444481,0.8
drift-skew,stackexchange,ARC,200,2,20000,0.1,1.3,6,1,0.7322,6.828735318219065e-05,14644,8.995126537047327,4.370818077586591,400,197.71765,15.666666666666666,10.193847689037645,0.8
drift-skew,stackexchange,ARC-exact,200,1,20000,0.1,1.1,6,1,0.48555,0.00030892801977139327,9711,11.607533058850095,5.902526422869414,396,198.687,0.0,0.0,0.8
drift-skew,stackexchange,ARC-exact,200,2,20000,0.1,1.1,6,1,0.45695,0.000328263486158223,9139,10.246054315939546,5.237611901247874,400,198.5369,0.0,0.0,0.8
drift-skew,stackexchange,ARC-exact,200,3,20000,0.1,1.1,6,1,0.3882,0.0009015971148892323,7764,10.452962847193703,5.552451679250225,399,198.78865,0.0,0.0,0.8
drift-skew,stackexchange,ARC-exact,200,4,20000,0.1,1.1,6,1,0.47295,0.0002114388413151496,9459,9.6879237156827,4.863160802051425,399,198.6788,0.0,0.0,0.8
drift-skew,stackexchange,LRU,200,0,20000,0.1,1.6,6,1,0.8911,0.00011222085063404781,17822,6.824820465408266,1.044545357581228,0,194.3253,,,0.8
drift-skew,stackexchange,LRU,200,1,20000,0.1,1.6,6,1,0.90095,0.0,18019,5.427635193336755,0.8693448966369033,0,194.9787,,,0.8
drift-skew,stackexchange,LRU,200,2,20000,0.1,1.6,6,1,0.8918,0.0,17836,5.484276328934357,0.9070990665350109,0,194.53615,,,0.8
drift-skew,stackexchange,LRU,200,3,20000,0.1,1.6,6,1,0.79255,0.00012617500473156268,15851,5.793526582419872,1.1526902439072728,0,197.7314,,,0.8
drift-skew,stackexchange,LFU,200,2,20000,0.1,1.3,6,1,0.67255,0.0001486878299011226,13451,6.96485546650365,1.7613153904676437,0,197.71765,,,0.8
drift-skew,stackexchange,LFU,200,3,20000,0.1,1.3,6,1,0.592,0.0002533783783783784,11840,6.216010946081951,1.7515619518235326,0,198.48535,,,0.8
drift-skew,stackexchange,LFU,200,4,20000,0.1,1.3,6,1,0.67625,0.0,13525,6.353311013663188,1.5849633200559765,0,197.8752,,,0.8
drift-skew,stackexchange,ARC-exact,200,0,20000,0.1,1.3,6,1,0.7126,0.0004911591355599214,14252,7.5767501490190625,2.8988082194700837,400,197.81065,0.0,0.0,0.8
drift-skew,stackexchange,ARC,200,3,20000,0.1,1.3,6,1,0.6342,0.0001576789656259855,12684,12.27974739158526,6.816720572533086,400,198.48535,9.0,7.561576385170003,0.8
drift-skew,stackexchange,ARC,200,4,20000,0.1,1.3,6,1,0.73055,6.844158510711108e-05,14611,9.010469767963514,4.251110821496695,400,197.8752,5.0,11.415118592224873,0.8
drift-skew,stackexchange,LFU,200,0,20000,0.1,1.3,6,1,0.6774,0.0,13548,6.116696790559217,1.511748816119507,0,197.81065,,,0.8
drift-skew,stackexchange,LFU,200,1,20000,0.1,1.3,6,1,0.6895,0.0,13790,6.159726565238088,1.5435967012308538,0,198.04645,,,0.8
drift-skew,stackexchange,LRU,200,4,20000,0.1,1.6,6,1,0.896,0.0,17920,6.557204382261261,1.0225740727037191,0,194.9733,,,0.8
drift-skew,stackexchange,ARC,200,0,20000,0.1,1.6,6,1,0.9078,5.507821105970478e-05,18156,6.5188883047085255,1.7947374319192022,400,194.3253,1.0,7.880255857029716,0.8
drift-skew,stackexchange,ARC,200,1,20000,0.1,1.6,6,1,0.91215,0.0,18243,6.240547739434987,1.71490068314597,400,194.9787,10.473684210526315,12.26710472962803,0.8
drift-skew,stackexchange,ARC,200,2,20000,0.1,1.6,6,1,0.9065,0.0,18130,6.376840017037466,1.833625353174284,400,194.53615,0.0,10.674195598957093,0.8
drift-skew,stackexchange,ARC,200,3,20000,0.1,1.6,6,1,0.8242,0.0002426595486532395,16484,8.64948639064096,3.3961736189667135,400,197.7314,0.0,6.477399699347781,0.8
drift-skew,stackexchange,ARC,200,4,20000,0.1,1.6,6,1,0.90845,0.0,18169,6.393702514469624,1.8134096695575863,400,194.9733,5.0,12.280091430696162,0.8
drift-skew,stackexchange,LFU,200,0,20000,0.1,1.6,6,1,0.89135,0.0,17827,5.545025295577943,1.021124393446371,0,194.3253,,,0.8
drift-skew,stackexchange,LFU,200,1,20000,0.1,1.6,6,1,0.89455,0.0,17891,5.702176096383482,1.079076761379838,0,194.9787,,,0.8
drift-skew,stackexchange,LFU,200,2,20000,0.1,1.6,6,1,0.87605,5.707436790137549e-05,17521,5.366201075958088,1.0591604164801538,0,194.53615,,,0.8
drift-skew,stackexchange,LFU,200,3,20000,0.1,1.6,6,1,0.76085,0.0,15217,5.899389571277425,1.430514850653708,0,197.7314,,,0.8
drift-skew,stackexchange,LFU,200,4,20000,0.1,1.6,6,1,0.89065,0.0,17813,5.3041766688693315,0.9934943518601358,0,194.9733,,,0.8
drift-skew,stackexchange,ARC-exact,200,0,20000,0.1,1.6,6,1,0.89845,0.0,17969,6.204734568018466,1.5275087440386415,397,194.3253,0.0,0.0,0.8
drift-skew,stackexchange,ARC-exact,200,1,20000,0.1,1.3,6,1,0.7169,0.0,14338,10.331637569470331,4.03762636706233,399,198.04645,0.0,0.0,0.8
drift-skew,stackexchange,ARC-exact,200,2,20000,0.1,1.3,6,1,0.6842,0.00014615609470914936,13684,7.9249427013564855,3.1044213043060154,400,197.71765,0.0,0.0,0.8
drift-skew,stackexchange,ARC-exact,200,3,20000,0.1,1.3,6,1,0.5946,0.0002522704339051463,11892,8.185426489217207,3.597620874643326,400,198.48535,0.0,0.0,0.8
drift-skew,stackexchange,ARC-exact,200,4,20000,0.1,1.3,6,1,0.70705,0.0,14141,7.827233092393726,3.080396697623655,400,197.8752,0.0,0.0,0.8
drift-skew,stackexchange,ARC-exact,200,1,20000,0.1,1.6,6,1,0.9043,0.0,18086,5.985247134231031,1.344874722417444,400,194.9787,0.0,0.0,0.8
drift-skew,stackexchange,ARC-exact,200,2,20000,0.1,1.6,6,1,0.893,5.5991041433370664e-05,17860,6.054189178394154,1.4588576334062964,400,194.53615,0.0,0.0,0.8
drift-skew,stackexchange,ARC-exact,200,3,20000,0.1,1.6,6,1,0.8032,0.0,16064,6.906072614947334,2.2362279647495598,400,197.7314,0.0,0.0,0.8
drift-skew,stackexchange,ARC-exact,200,4,20000,0.1,1.6,6,1,0.89955,0.0,17991,6.506510212784633,1.7933032184373587,399,194.9733,0.0,0.0,0.8
drift-skew,stackexchange,LRU,200,0,20000,0.2,0.7,6,1,0.0304,0.013157894736842105,608,7.789761992171407,2.9808963532559574,0,198.9766,,,0.8
drift-skew,stackexchange,LRU,200,1,20000,0.2,0.7,6,1,0.0312,0.011217948717948718,624,7.7547643857542425,2.9945547168608755,0,198.97355,,,0.8
drift-skew,stackexchange,LRU,200,2,20000,0.2,0.7,6,1,0.03125,0.0096,625,8.921749249566346,3.5744233580771834,0,198.99495,,,0.8
drift-skew,stackexchange,LRU,200,3,20000,0.2,0.7,6,1,0.02125,0.02588235294117647,425,9.361139422981068,3.891967714298516,0,199.00215,,,0.8
drift-skew,stackexchange,LRU,200,0,20000,0.2,0.9,6,1,0.1643,0.0030432136335970784,3286,8.257901633623987,3.077108261641115,0,198.9007,,,0.8
drift-skew,stackexchange,LRU,200,1,20000,0.2,0.9,6,1,0.14975,0.00333889816360601,2995,8.950898540206254,3.4275634039659053,0,198.9064,,,0.8
drift-skew,stackexchange,LRU,200,2,20000,0.2,0.9,6,1,0.15415,0.0022705157314304248,3083,8.044419722864404,3.102691622916609,0,198.89595,,,0.8
drift-skew,stackexchange,LRU,200,3,20000,0.2,0.9,6,1,0.1153,0.003469210754553339,2306,8.044629136566073,3.1316502194385976,0,198.9515,,,0.8
drift-skew,stackexchange,LFU,200,2,20000,0.2,0.7,6,1,0.02785,0.010771992818671455,557,7.459939632099122,2.8218609921168536,0,198.99495,,,0.8
drift-skew,stackexchange,LFU,200,3,20000,0.2,0.7,6,1,0.02305,0.015184381778741865,461,8.507480210391805,3.348606906365603,0,199.00215,,,0.8
drift-skew,stackexchange,LFU,200,4,20000,0.2,0.7,6,1,0.031,0.025806451612903226,620,9.366188559215516,3.7908421421889216,0,198.99905,,,0.8
drift-skew,stackexchange,ARC-exact,200,0,20000,0.2,0.7,6,1,0.05815,0.012037833190025795,1163,13.670067716157064,8.73337111552246,356,198.9766,0.0,0.0,0.8
drift-skew,stackexchange,LRU,200,0,20000,0.2,1.1,6,1,0.42535,0.0012930527800634772,8507,7.629610202275217,2.5441426085308194,0,198.58005,,,0.8
drift-skew,stackexchange,LRU,200,1,20000,0.2,1.1,6,1,0.41455,0.00012061271257990592,8291,8.4726459113881,2.8703422809485346,0,198.6797,,,0.8
drift-skew,stackexchange,LRU,200,2,20000,0.2,1.1,6,1,0.4138,0.0004833252779120348,8276,6.732251856010407,2.2342297655995935,0,198.56955,,,0.8
drift-skew,stackexchange,LRU,200,3,20000,0.2,1.1,6,1,0.34695,0.00014411298457991066,6939,7.3703410918824375,2.476959238993004,0,198.7918,,,0.8
drift-skew,stackexchange,LFU,200,2,20000,0.2,0.9,6,1,0.1433,0.0034891835310537334,2866,8.739192626671866,3.268626274075359,0,198.89595,,,0.8
drift-skew,stackexchange,LFU,200,3,20000,0.2,0.9,6,1,0.1225,0.007755102040816327,2450,9.39192227087915,3.434463677695021,0,198.9515,,,0.8
drift-skew,stackexchange,LFU,200,4,20000,0.2,0.9,6,1,0.1527,0.0006548788474132286,3054,7.325675734318793,2.7135217445902526,0,198.9355,,,0.8
drift-skew,stackexchange,ARC-exact,200,0,20000,0.2,0.9,6,1,0.21125,0.0035502958579881655,4225,12.655564513988793,7.649970042984933,395,198.9007,0.0,0.0,0.8
drift-skew,stackexchange,ARC,200,3,20000,0.2,0.7,6,1,0.0508,0.014763779527559055,1016,17.78806369402446,12.777717993594706,400,199.00215,83.98162262948975,39.071624212573454,0.8
drift-skew,stackexchange,ARC,200,4,20000,0.2,0.7,6,1,0.06545,0.009167303284950344,1309,20.13458865112625,14.601006306475028,400,198.99905,80.31589754087173,41.505409643383395,0.8
drift-skew,stackexchange,LFU,200,0,20000,0.2,0.7,6,1,0.0287,0.02264808362369338,574,8.163767959922552,3.2256501144729555,0,198.9766,,,0.8
drift-skew,stackexchange,LFU,200,1,20000,0.2,0.7,6,1,0.0377,0.005305039787798408,754,8.310435648309067,3.2053218106739223,0,198.97355,,,0.8
drift-skew,stackexchange,LRU,200,4,20000,0.2,0.7,6,1,0.02755,0.012704174228675136,551,7.8050737851299345,2.993446250911802,0,198.99905,,,0.8
drift-skew,stackexchange,ARC,200,0,20000,0.2,0.7,6,1,0.0645,0.012403100775193798,1290,18.853528972249478,13.602409575833008,400,198.9766,69.01306396267445,37.05602494033674,0.8
drift-skew,stackexchange,ARC,200,1,20000,0.2,0.7,6,1,0.06895,0.005076142131979695,1379,18.88624907587655,13.512869749683887,400,198.97355,71.33702499822857,36.6206386037505,0.8
drift-skew,stackexchange,ARC,200,2,20000,0.2,0.7,6,1,0.0635,0.010236220472440945,1270,17.7522674202919,12.789415114093572,400,198.99495,72.19334969218257,34.68570902701541,0.8
drift-skew,stackexchange,ARC,200,3,20000,0.2,0.9,6,1,0.2063,0.0046049442559379546,4126,18.127015128266066,12.856162938987836,400,198.9515,12.0,19.370249068024915,0.8
drift-skew,stackexchange,ARC,200,4,20000,0.2,0.9,6,1,0.23705,0.0016874077198903185,4741,17.659930436639115,12.365934770787135,400,198.9355,3.0,19.70709046356858,0.8
drift-skew,stackexchange,LFU,200,0,20000,0.2,0.9,6,1,0.1534,0.0394393741851369,3068,7.730769709451124,2.805099479155615,0,198.9007,,,0.8
drift-skew,stackexchange,LFU,200,1,20000,0.2,0.9,6,1,0.16835,0.00297000297000297,3367,7.1146966714877635,2.521099551813677,0,198.9064,,,0.8
drift-skew,stackexchange,ARC-exact,200,1,20000,0.2,0.7,6,1,0.06285,0.006364359586316627,1257,14.253588445717469,8.988837857032195,348,198.97355,0.0,0.0,0.8
drift-skew,stackexchange,ARC-exact,200,2,20000,0.2,0.7,6,1,0.0577,0.006932409012131715,1154,15.607248136075214,10.037683905102313,345,198.99495,0.0,0.0,0.8
drift-skew,stackexchange,ARC-exact,200,3,20000,0.2,0.7,6,1,0.04585,0.014176663031624863,917,13.779746426735073,8.828812203137204,344,199.00215,0.0,0.0,0.8
drift-skew,stackexchange,ARC-exact,200,4,20000,0.2,0.7,6,1,0.05905,0.00846740050804403,1181,12.80463152215816,7.985494961030782,337,198.99905,0.0,0.0,0.8
drift-skew,stackexchange,ARC-exact,200,1,20000,0.2,0.9,6,1,0.21285,0.002583979328165375,4257,14.152969652786851,8.599542709998786,392,198.9064,0.0,0.0,0.8
drift-skew,stackexchange,ARC-exact,200,2,20000,0.2,0.9,6,1,0.1987,0.000754906894816306,3974,13.519991585053504,8.126495371107012,395,198.89595,0.0,0.0,0.8
drift-skew,stackexchange,ARC-exact,200,3,20000,0.2,0.9,6,1,0.17705,0.006495340299350466,3541,12.839822098612785,7.814005564432592,397,198.9515,0.0,0.0,0.8
drift-skew,stackexchange,ARC-exact,200,4,20000,0.2,0.9,6,1,0.21715,0.0011512779184895234,4343,11.293197504710406,6.671162915881723,394,198.9355,0.0,0.0,0.8
drift-skew,stackexchange,LRU,200,4,20000,0.2,0.9,6,1,0.1523,0.002298095863427446,3046,7.817539200186729,2.8767559968400747,0,198.9355,,,0.8
drift-skew,stackexchange,ARC,200,0,20000,0.2,0.9,6,1,0.23715,0.004427577482605946,4743,18.214848591014743,12.882963311858475,400,198.9007,11.473684210526315,28.265648425328994,0.8
drift-skew,stackexchange,ARC,200,1,20000,0.2,0.9,6,1,0.2344,0.002559726962457338,4688,16.27777508692816,11.465085909003392,400,198.9064,0.0,26.56300389498929,0.8
drift-skew,stackexchange,ARC,200,2,20000,0.2,0.9,6,1,0.2296,0.00195993031358885,4592,15.089778701076284,10.510147229069844,400,198.89595,12.0,29.383365208205603,0.8
drift-skew,stackexchange,LRU,200,4,20000,0.2,1.1,6,1,0.40655,0.00036895830771122864,8131,7.907671824796125,2.6756387727800757,0,198.69985,,,0.8
drift-skew,stackexchange,ARC,200,0,20000,0.2,1.1,6,1,0.5062,0.030323982615566968,10124,13.019026798428968,8.142674347618595,400,198.58005,10.0,10.03742175721104,0.8
drift-skew,stackexchange,ARC,200,1,20000,0.2,1.1,6,1,0.50055,0.0,10011,13.355269120074809,8.365209196927026,400,198.6797,15.213438735177865,16.86143522435447,0.8
drift-skew,stackexchange,ARC,200,2,20000,0.2,1.1,6,1,0.4916,0.0002034174125305126,9832,12.063410552218556,7.47590945684351,400,198.56955,2.0,17.205763212462976,0.8
drift-skew,stackexchange,ARC,200,3,20000,0.2,1.1,6,1,0.44925,0.00011129660545353366,8985,13.91939347377047,9.019270754652098,400,198.7918,10.573251310093411,12.074049908774912,0.8
drift-skew,stackexchange,ARC,200,4,20000,0.2,1.1,6,1,0.4954,0.0010092854259184498,9908,12.616726738633588,7.797852414660156,400,198.69985,3.0,17.626697154548918,0.8
drift-skew,stackexchange,LFU,200,0,20000,0.2,1.1,6,1,0.41585,0.0365516412167849,8317,6.523371179355308,2.00665055308491,0,198.58005,,,0.8
drift-skew,stackexchange,LFU,200,1,20000,0.2,1.1,6,1,0.4097,0.000244081034903588,8194,6.210023019229993,1.9280410546343774,0,198.6797,,,0.8
drift-skew,stackexchange,LRU,200,0,20000,0.2,1.3,6,1,0.6886,0.041097879756026724,13772,6.571321975206956,1.679414277896285,0,197.83005,,,0.8
drift-skew,stackexchange,LRU,200,1,20000,0.2,1.3,6,1,0.68285,0.00021966756974445338,13657,5.91719641815871,1.435086684068665,0,198.02265,,,0.8
drift-skew,stackexchange,LRU,200,2,20000,0.2,1.3,6,1,0.6763,0.0001478633742422002,13526,5.840762070147321,1.3912151742260903,0,197.74285,,,0.8
drift-skew,stackexchange,LRU,200,3,20000,0.2,1.3,6,1,0.6158,0.00024358557973367976,12316,6.228053860832006,1.5931524860206991,0,198.51545,,,0.8
drift-skew,stackexchange,LFU,200,2,20000,0.2,1.1,6,1,0.4031,0.00012403870007442322,8062,6.962045934051275,2.166610857238993,0,198.56955,,,0.8
drift-skew,stackexchange,LFU,200,3,20000,0.2,1.1,6,1,0.36755,0.00013603591348115902,7351,6.461370881879702,2.0696023071650416,0,198.7918,,,0.8
drift-skew,stackexchange,LFU,200,4,20000,0.2,1.1,6,1,0.4197,0.001072194424588992,8394,6.591715291142464,2.0151009783148766,0,198.69985,,,0.8
drift-skew,stackexchange,ARC-exact,200,0,20000,0.2,1.1,6,1,0.4616,0.03292894280762565,9232,10.313844948541373,5.287561559816822,400,198.58005,0.0,0.0,0.8
drift-skew,stackexchange,LRU,200,4,20000,0.2,1.3,6,1,0.67095,0.0,13419,5.724187666783109,1.4386950409971178,0,197.79405,,,0.8
drift-skew,stackexchange,ARC,200,0,20000,0.2,1.3,6,1,0.7345,0.03839346494213751,14690,8.386409480590373,4.063049313845113,400,197.83005,19.0,12.052822598093275,0.8
drift-skew,stackexchange,ARC,200,1,20000,0.2,1.3,6,1,0.7259,0.0,14518,9.23828849918209,4.507844056934118,400,198.02265,9.0,17.504485923456436,0.8
drift-skew,stackexchange,ARC,200,2,20000,0.2,1.3,6,1,0.7288,0.0,14576,10.318858025129884,5.160886235535145,400,197.74285,1.0,12.877288253646682,0.8
drift-skew,stackexchange,ARC-exact,200,1,20000,0.2,1.1,6,1,0.46275,0.0,9255,10.126061463961378,5.276424920884892,400,198.6797,0.0,0.0,0.8
drift-skew,stackexchange,ARC-exact,200,2,20000,0.2,1.1,6,1,0.4472,0.00011180679785330948,8944,9.263848460977897,4.8511522298213094,400,198.56955,0.0,0.0,0.8
drift-skew,stackexchange,ARC-exact,200,3,20000,0.2,1.1,6,1,0.3836,0.0003910323253388947,7672,10.429329855833203,5.5266662675421685,400,198.7918,0.0,0.0,0.8
drift-skew,stackexchange,ARC-exact,200,4,20000,0.2,1.1,6,1,0.4564,0.000985977212971078,9128,11.047881114063784,5.735558120068163,400,198.69985,0.0,0.0,0.8
drift-skew,stackexchange,LFU,200,2,20000,0.2,1.3,6,1,0.6596,7.580351728320194e-05,13192,6.199438142357394,1.592219393933192,0,197.74285,,,0.8
drift-skew,stackexchange,LFU,200,3,20000,0.2,1.3,6,1,0.5722,0.005941978329255505,11444,6.230642879381776,1.74616277217865,0,198.51545,,,0.8
drift-skew,stackexchange,LFU,200,4,20000,0.2,1.3,6,1,0.6555,0.00015255530129672007,13110,7.0180376642383635,1.911834720522165,0,197.79405,,,0.8
drift-skew,stackexchange,ARC-exact,200,0,20000,0.2,1.3,6,1,0.7008,0.04023972602739726,14016,8.466151135507971,3.432087425608188,400,197.83005,0.0,0.0,0.8
drift-skew,stackexchange,LRU,200,0,20000,0.2,1.6,6,1,0.89795,0.00033409432596469735,17959,5.358555936254561,0.8863060269504786,0,194.1954,,,0.8
drift-skew,stackexchange,LRU,200,1,20000,0.2,1.6,6,1,0.89525,0.0,17905,5.436994938645512,0.8812301326543093,0,195.1128,,,0.8
drift-skew,stackexchange,LRU,200,2,20000,0.2,1.6,6,1,0.89175,0.0001682085786375105,17835,6.239193672081456,1.1354911548551172,0,194.41745,,,0.8
drift-skew,stackexchange,LRU,200,3,20000,0.2,1.6,6,1,0.84455,0.0,16891,6.2338363961316645,1.2684924120549113,0,197.6213,,,0.8
drift-skew,stackexchange,ARC,200,3,20000,0.2,1.3,6,1,0.67875,0.00022099447513812155,13575,9.098142076982185,4.8210192820988595,400,198.51545,3.0,10.292062082083746,0.8
drift-skew,stackexchange,ARC,200,4,20000,0.2,1.3,6,1,0.7256,0.0001378169790518192,14512,8.818254264770076,4.21627092291601,400,197.79405,13.909090909090908,9.315448818079936,0.8
drift-skew,stackexchange,LFU,200,0,20000,0.2,1.3,6,1,0.67045,0.04206130211052278,13409,7.115396886365488,1.943576609482989,0,197.83005,,,0.8
drift-skew,stackexchange,LFU,200,1,20000,0.2,1.3,6,1,0.65565,0.0,13113,6.928989657899365,1.8595891480799764,0,198.02265,,,0.8
drift-skew,stackexchange,LRU,200,4,20000,0.2,1.6,6,1,0.89335,0.00011193821010802038,17867,5.899321893230081,0.9561716113239527,0,194.8957,,,0.8
drift-skew,stackexchange,ARC,200,0,20000,0.2,1.6,6,1,0.90885,0.0003851020520437916,18177,6.937245326116681,2.027386729605496,400,194.1954,8.0,18.59090613292703,0.8
drift-skew,stackexchange,ARC,200,1,20000,0.2,1.6,6,1,0.90375,0.0,18075,7.219042832730338,2.2570896660909057,400,195.1128,21.9002849002849,25.587310952581355,0.8
drift-skew,stackexchange,ARC,200,2,20000,0.2,1.6,6,1,0.90255,0.00016619577862722287,18051,7.920057995943353,2.439783012960106,400,194.41745,12.0,16.767832405148518,0.8
drift-skew,stackexchange,LFU,200,2,20000,0.2,1.6,6,1,0.8723,5.731972945087699e-05,17446,5.288216861663386,0.9971435472834854,0,194.41745,,,0.8
drift-skew,stackexchange,LFU,200,3,20000,0.2,1.6,6,1,0.74315,0.0,14863,6.600302754668519,1.7142229713499546,0,197.6213,,,0.8
drift-skew,stackexchange,LFU,200,4,20000,0.2,1.6,6,1,0.8781,5.6941122878943175e-05,17562,6.130723602836952,1.2962905806489289,0,194.8957,,,0.8
drift-skew,stackexchange,ARC-exact,200,0,20000,0.2,1.6,6,1,0.89335,0.0003917837353780713,17867,7.700683374423534,2.0455097779631615,400,194.1954,0.0,0.0,0.8
drift-skew,stackexchange,ARC,200,3,20000,0.2,1.6,6,1,0.86455,0.0,17291,7.204290496883914,2.416066196747124,400,197.6213,8.0,8.146489396351248,0.8
drift-skew,stackexchange,ARC,200,4,20000,0.2,1.6,6,1,0.90195,0.00011087089084760796,18039,7.181152707198635,2.321139583364129,400,194.8957,8.015832419924491,19.48965172970879,0.8
drift-skew,stackexchange,LFU,200,0,20000,0.2,1.6,6,1,0.8848,0.00039556962025316455,17696,6.242321239551529,1.3128962076734751,0,194.1954,,,0.8
drift-skew,stackexchange,LFU,200,1,20000,0.2,1.6,6,1,0.87365,0.0,17473,7.070085761370137,1.5231339493766427,0,195.1128,,,0.8
drift-skew,stackexchange,ARC-exact,200,1,20000,0.2,1.3,6,1,0.69115,0.0,13823,7.869941327953711,3.113317984389141,400,198.02265,0.0,0.0,0.8
drift-skew,stackexchange,ARC-exact,200,2,20000,0.2,1.3,6,1,0.68135,0.0,13627,7.9715504485648125,3.1191278365440667,400,197.74285,0.0,0.0,0.8
drift-skew,stackexchange,ARC-exact,200,3,20000,0.2,1.3,6,1,0.6068,8.239947264337508e-05,12136,9.46097222622484,4.196111159399152,400,198.51545,0.0,0.0,0.8
drift-skew,stackexchange,ARC-exact,200,4,20000,0.2,1.3,6,1,0.6881,0.00014532771399505885,13762,9.893803094746545,4.182846826734021,400,197.79405,0.0,0.0,0.8
drift-skew,stackexchange,ARC-exact,200,1,20000,0.2,1.6,6,1,0.88895,0.0,17779,6.966302398359403,1.8533016496803612,400,195.1128,0.0,0.0,0.8
drift-skew,stackexchange,ARC-exact,200,2,20000,0.2,1.6,6,1,0.88485,0.00011301350511386111,17697,6.786725082201883,1.7669050546828657,400,194.41745,0.0,0.0,0.8
drift-skew,stackexchange,ARC-exact,200,3,20000,0.2,1.6,6,1,0.81235,0.0,16247,7.967665215255693,2.7468144660815597,400,197.6213,0.0,0.0,0.8
drift-skew,stackexchange,ARC-exact,200,4,20000,0.2,1.6,6,1,0.8829,0.00016989466530750936,17658,6.30199697916396,1.7047018103767186,400,194.8957,0.0,0.0,0.8
drift-skew,stackexchange,LRU,200,0,20000,0.35,0.7,6,1,0.0311,0.014469453376205787,622,8.5246478614863,3.399025002727285,0,198.979,,,0.8
drift-skew,stackexchange,LRU,200,1,20000,0.35,0.7,6,1,0.03175,0.011023622047244094,635,9.133074712008238,3.592943778494373,0,198.97195,,,0.8
drift-skew,stackexchange,LRU,200,2,20000,0.35,0.7,6,1,0.02955,0.015228426395939087,591,8.290183008648455,3.2430572260636836,0,199.0024,,,0.8
drift-skew,stackexchange,LRU,200,3,20000,0.35,0.7,6,1,0.0226,0.02654867256637168,452,9.376299957511947,3.5162774904165417,0,199.00215,,,0.8
drift-skew,stackexchange,LRU,200,0,20000,0.35,0.9,6,1,0.1598,0.0015644555694618273,3196,8.377069846028462,3.1607862445525825,0,198.91025,,,0.8
drift-skew,stackexchange,LRU,200,1,20000,0.35,0.9,6,1,0.15075,0.0013266998341625207,3015,9.069653984624892,3.287929034559056,0,198.9066,,,0.8
drift-skew,stackexchange,LRU,200,2,20000,0.35,0.9,6,1,0.15395,0.002923026956804157,3079,7.510058756452054,2.8176677762530744,0,198.91095,,,0.8
drift-skew,stackexchange,LRU,200,3,20000,0.35,0.9,6,1,0.1222,0.0004091653027823241,2444,9.414754138560966,3.7558274576440454,0,198.9525,,,0.8
drift-skew,stackexchange,LRU,200,0,20000,0.35,1.1,6,1,0.4166,0.0003600576092174748,8332,7.36401163158007,2.3901826760265976,0,198.6363,,,0.8
drift-skew,stackexchange,LRU,200,1,20000,0.35,1.1,6,1,0.40845,0.0007344840249724568,8169,8.343962073558941,2.779012778773904,0,198.6879,,,0.8
drift-skew,stackexchange,LRU,200,2,20000,0.35,1.1,6,1,0.414,0.0008454106280193237,8280,6.953092088224366,2.303242712514475,0,198.5518,,,0.8
drift-skew,stackexchange,LRU,200,3,20000,0.35,1.1,6,1,0.3685,0.000135685210312076,7370,8.359030011342838,2.8934226545970887,0,198.7801,,,0.8
drift-skew,stackexchange,LFU,200,2,20000,0.35,0.7,6,1,0.0255,0.025490196078431372,510,9.085890580900013,3.4834428573958576,0,199.0024,,,0.8
drift-skew,stackexchange,LFU,200,3,20000,0.35,0.7,6,1,0.0128,0.03515625,256,8.85244538076222,3.5862123186234385,0,199.00215,,,0.8
drift-skew,stackexchange,LFU,200,4,20000,0.35,0.7,6,1,0.01885,0.01856763925729443,377,7.603331550490111,2.953385328873992,0,198.99365,,,0.8
drift-skew,stackexchange,ARC-exact,200,0,20000,0.35,0.7,6,1,0.0516,0.003875968992248062,1032,18.170994013780728,11.962972243782133,355,198.979,0.0,0.0,0.8
drift-skew,stackexchange,LFU,200,2,20000,0.35,0.9,6,1,0.11675,0.0008565310492505353,2335,7.763068482745439,2.8775734885130078,0,198.91095,,,0.8
drift-skew,stackexchange,LFU,200,3,20000,0.35,0.9,6,1,0.08635,0.0028951939779965257,1727,8.37197425425984,3.4186650766059756,0,198.9525,,,0.8
drift-skew,stackexchange,LFU,200,4,20000,0.35,0.9,6,1,0.12825,0.005458089668615985,2565,8.267061342485249,3.1254403991624713,0,198.93885,,,0.8
drift-skew,stackexchange,ARC-exact,200,0,20000,0.35,0.9,6,1,0.18985,0.002633658151171978,3797,15.851275372551754,9.410173282958567,399,198.91025,0.0,0.0,0.8
drift-skew,stackexchange,LRU,200,4,20000,0.35,0.7,6,1,0.0281,0.014234875444839857,562,8.47698759753257,3.367358318064362,0,198.99365,,,0.8
drift-skew,stackexchange,ARC,200,0,20000,0.35,0.7,6,1,0.0598,0.005852842809364548,1196,19.99586041783914,14.593982725637034,400,198.979,105.85508528941425,50.92110980880003,0.8
drift-skew,stackexchange,ARC,200,1,20000,0.35,0.7,6,1,0.05675,0.007048458149779736,1135,19.974137045210227,14.42452683695592,400,198.97195,105.93764083331689,47.35595095499668,0.8
drift-skew,stackexchange,ARC,200,2,20000,0.35,0.7,6,1,0.06115,0.013082583810302535,1223,22.019055287819356,15.88572969776578,400,199.0024,82.45785317964636,46.61693829266902,0.8
drift-skew,stackexchange,ARC,200,3,20000,0.35,0.7,6,1,0.0471,0.01592356687898089,942,19.751865445869043,14.384903525933623,400,199.00215,100.92360516581691,44.93953054510607,0.8
drift-skew,stackexchange,ARC,200,4,20000,0.35,0.7,6,1,0.0544,0.011948529411764705,1088,18.477177975000814,13.193813705584034,400,198.99365,101.44809966191136,40.62827660615975,0.8
drift-skew,stackexchange,LFU,200,0,20000,0.35,0.7,6,1,0.0229,0.008733624454148471,458,9.880334924673662,3.880821558414027,0,198.979,,,0.8
drift-skew,stackexchange,LFU,200,1,20000,0.35,0.7,6,1,0.0263,0.015209125475285171,526,8.300759881967679,3.1601139984559268,0,198.97195,,,0.8
drift-skew,stackexchange,ARC,200,3,20000,0.35,0.9,6,1,0.197,0.0015228426395939086,3940,18.37101138662547,12.973138288361952,400,198.9525,43.85141420215931,45.22144308473078,0.8
drift-skew,stackexchange,ARC,200,4,20000,0.35,0.9,6,1,0.21885,0.0027416038382453737,4377,18.659062450751662,13.130669592646882,400,198.93885,26.702735888158195,41.44443761069833,0.8
drift-skew,stackexchange,LFU,200,0,20000,0.35,0.9,6,1,0.11735,0.002982530890498509,2347,10.86431858711876,3.871658316347748,0,198.91025,,,0.8
drift-skew,stackexchange,LFU,200,1,20000,0.35,0.9,6,1,0.12575,0.007157057654075547,2515,7.487299095373601,2.7753079775720835,0,198.9066,,,0.8
drift-skew,stackexchange,ARC-exact,200,1,20000,0.35,0.9,6,1,0.18595,0.006991126646948105,3719,13.700856966897845,8.31877076998353,398,198.9066,0.0,0.0,0.8
drift-skew,stackexchange,ARC-exact,200,2,20000,0.35,0.9,6,1,0.1844,0.002982646420824295,3688,12.526627379702404,7.601718878140673,400,198.91095,0.0,0.0,0.8
drift-skew,stackexchange,ARC-exact,200,3,20000,0.35,0.9,6,1,0.13435,0.000744324525493115,2687,16.140807181363925,10.13187482021749,400,198.9525,0.0,0.0,0.8
drift-skew,stackexchange,ARC-exact,200,4,20000,0.35,0.9,6,1,0.1751,0.007138777841233581,3502,12.582669471157715,7.549570739502087,400,198.93885,0.0,0.0,0.8
drift-skew,stackexchange,ARC-exact,200,1,20000,0.35,0.7,6,1,0.04975,0.006030150753768844,995,14.42941171117127,9.119887044653296,355,198.97195,0.0,0.0,0.8
drift-skew,stackexchange,ARC-exact,200,2,20000,0.35,0.7,6,1,0.0512,0.013671875,1024,14.019542088499293,8.803268545307219,361,199.0024,0.0,0.0,0.8
drift-skew,stackexchange,ARC-exact,200,3,20000,0.35,0.7,6,1,0.03845,0.015604681404421327,769,16.810302005615085,10.58451339486055,348,199.00215,0.0,0.0,0.8
drift-skew,stackexchange,ARC-exact,200,4,20000,0.35,0.7,6,1,0.05005,0.012987012987012988,1001,14.287604979472235,8.928850904339924,349,198.99365,0.0,0.0,0.8
drift-skew,stackexchange,LRU,200,4,20000,0.35,0.9,6,1,0.15055,0.004317502490866822,3011,8.341497590299696,3.192445368040353,0,198.93885,,,0.8
drift-skew,stackexchange,ARC,200,0,20000,0.35,0.9,6,1,0.21955,0.0009109542245502164,4391,17.752219224348664,12.263121659634635,400,198.91025,44.462289993935286,55.40740350109519,0.8
drift-skew,stackexchange,ARC,200,1,20000,0.35,0.9,6,1,0.2195,0.0031890660592255125,4390,19.75718539324589,14.019911689683795,400,198.9066,66.47517570021293,55.22797618059628,0.8
drift-skew,stackexchange,ARC,200,2,20000,0.35,0.9,6,1,0.22185,0.002028397565922921,4437,17.059030279051512,11.892821529181674,400,198.91095,50.32949469348444,37.290766709168125,0.8
drift-skew,stackexchange,LRU,200,4,20000,0.35,1.1,6,1,0.4008,0.000873253493013972,8016,6.814386328915134,2.223078830866143,0,198.661,,,0.8
drift-skew,stackexchange,ARC,200,0,20000,0.35,1.1,6,1,0.4904,0.0007137030995106036,9808,15.582086413633078,9.979480772744864,400,198.6363,13.883449883449883,18.16144293469471,0.8
drift-skew,stackexchange,ARC,200,1,20000,0.35,1.1,6,1,0.48075,0.0007280291211648466,9615,17.298378818668425,11.464369186433032,400,198.6879,42.06514045835513,29.700231923953606,0.8
drift-skew,stackexchange,ARC,200,2,20000,0.35,1.1,6,1,0.4827,0.0005179200331468821,9654,13.655779825057834,8.449193340493366,400,198.5518,23.19047619047619,27.569436969758414,0.8
drift-skew,stackexchange,ARC,200,3,20000,0.35,1.1,6,1,0.4534,0.0007719453021614468,9068,16.24489031964913,10.55103242979385,400,198.7801,24.35216072058177,16.738991674681344,0.8
drift-skew,stackexchange,ARC,200,4,20000,0.35,1.1,6,1,0.48075,0.0031201248049922,9615,16.431946493685246,9.820159588707611,400,198.661,1.0,20.37861264993799,0.8
drift-skew,stackexchange,LFU,200,0,20000,0.35,1.1,6,1,0.36465,0.0009598244892362539,7293,7.242543291067705,2.324351400602609,0,198.6363,,,0.8
drift-skew,stackexchange,LFU,200,1,20000,0.35,1.1,6,1,0.35065,0.006701839441038072,7013,8.407992793945596,2.720624237554148,0,198.6879,,,0.8
drift-skew,stackexchange,LRU,200,0,20000,0.35,1.3,6,1,0.6815,0.0,13630,8.384286006912589,2.398937731049955,0,197.80075,,,0.8
drift-skew,stackexchange,LRU,200,1,20000,0.35,1.3,6,1,0.6731,0.013890952310206508,13462,6.3440133817493916,1.6836001828778535,0,198.00835,,,0.8
drift-skew,stackexchange,LRU,200,2,20000,0.35,1.3,6,1,0.68155,7.336218912772357e-05,13631,7.68752247095108,1.999681442975998,0,197.7313,,,0.8
drift-skew,stackexchange,LRU,200,3,20000,0.35,1.3,6,1,0.6372,0.00015693659761456373,12744,8.304588194005191,2.253425063099712,0,198.48975,,,0.8
drift-skew,stackexchange,LFU,200,2,20000,0.35,1.1,6,1,0.34655,0.00028855864954552014,6931,9.444408334093168,3.1770402216352522,0,198.5518,,,0.8
drift-skew,stackexchange,LFU,200,3,20000,0.35,1.1,6,1,0.27315,0.001098297638660077,5463,7.717451895587146,2.5295889528933913,0,198.7801,,,0.8
drift-skew,stackexchange,LFU,200,4,20000,0.35,1.1,6,1,0.35895,0.001671541997492687,7179,7.55898563656956,2.463854814413935,0,198.661,,,0.8
drift-skew,stackexchange,ARC-exact,200,0,20000,0.35,1.1,6,1,0.4038,0.0003714710252600297,8076,12.57208533352241,6.478236452676356,400,198.6363,0.0,0.0,0.8
drift-skew,stackexchange,LRU,200,4,20000,0.35,1.3,6,1,0.66945,0.0009709462992008365,13389,6.904284824850038,1.692806521896273,0,197.75875,,,0.8
drift-skew,stackexchange,ARC,200,0,20000,0.35,1.3,6,1,0.722,6.925207756232688e-05,14440,10.12738649151288,4.9816087004728615,400,197.80075,25.48778103616813,21.32542398705489,0.8
drift-skew,stackexchange,ARC,200,1,20000,0.35,1.3,6,1,0.71435,0.012948834604885561,14287,12.293901236262172,5.811051372438669,400,198.00835,30.730158730158728,21.864076180857403,0.8
drift-skew,stackexchange,ARC,200,2,20000,0.35,1.3,6,1,0.721,6.934812760055478e-05,14420,12.399150896817446,6.278263306012377,400,197.7313,1.0,15.106912348650033,0.8
drift-skew,stackexchange,LFU,200,2,20000,0.35,1.3,6,1,0.61135,0.0015539380060521795,12227,6.767433078493923,1.820840808795765,0,197.7313,,,0.8
drift-skew,stackexchange,LFU,200,3,20000,0.35,1.3,6,1,0.4971,0.0002011667672500503,9942,8.467516320524737,2.622302412055433,0,198.48975,,,0.8
drift-skew,stackexchange,LFU,200,4,20000,0.35,1.3,6,1,0.5787,0.0022464143770520133,11574,8.271307789254934,2.8106784564442933,0,197.75875,,,0.8
drift-skew,stackexchange,ARC-exact,200,0,20000,0.35,1.3,6,1,0.6439,7.765180928715639e-05,12878,11.608286702539772,4.940516530768946,400,197.80075,0.0,0.0,0.8
drift-skew,stackexchange,LRU,200,0,20000,0.35,1.6,6,1,0.893,0.00011198208286674133,17860,6.896113499533385,1.19069506181404,0,194.29045,,,0.8
drift-skew,stackexchange,LRU,200,1,20000,0.35,1.6,6,1,0.8909,5.6123021663486364e-05,17818,7.626781438011676,1.487755833659321,0,195.0309,,,0.8
drift-skew,stackexchange,LRU,200,2,20000,0.35,1.6,6,1,0.89375,0.0,17875,6.609694304643199,1.4011542429216206,0,194.38765,,,0.8
drift-skew,stackexchange,LRU,200,3,20000,0.35,1.6,6,1,0.8597,0.00011631964638827499,17194,7.693639729404822,1.6170323884580284,0,197.5652,,,0.8
drift-skew,stackexchange,ARC-exact,200,1,20000,0.35,1.1,6,1,0.39695,0.006172061972540622,7939,13.301530032185838,6.894365500193089,400,198.6879,0.0,0.0,0.8
drift-skew,stackexchange,ARC-exact,200,2,20000,0.35,1.1,6,1,0.4055,0.0002466091245376079,8110,10.44045144226402,5.5225208518095315,400,198.5518,0.0,0.0,0.8
drift-skew,stackexchange,ARC-exact,200,3,20000,0.35,1.1,6,1,0.29025,0.0,5805,14.47737991111353,8.10303590260446,400,198.7801,0.0,0.0,0.8
drift-skew,stackexchange,ARC-exact,200,4,20000,0.35,1.1,6,1,0.39385,0.0008886631966484702,7877,16.57498269341886,8.513152209343389,400,198.661,0.0,0.0,0.8
drift-skew,stackexchange,ARC,200,3,20000,0.35,1.6,6,1,0.8685,5.757052389176742e-05,17370,9.273445949656889,3.3025483193341643,400,197.5652,35.006105006105,21.858518446817705,0.8
drift-skew,stackexchange,ARC,200,4,20000,0.35,1.6,6,1,0.88955,0.00011241639030970715,17791,8.331038890173659,3.090005519334227,400,195.01635,10.918725024154101,21.07702532193176,0.8
drift-skew,stackexchange,LFU,200,0,20000,0.35,1.6,6,1,0.8473,0.0,16946,8.214447158388793,1.7432744498364627,0,194.29045,,,0.8
drift-skew,stackexchange,LFU,200,1,20000,0.35,1.6,6,1,0.81905,0.004273243391734327,16381,10.880307765910402,2.803754521301016,0,195.0309,,,0.8
drift-skew,stackexchange,LRU,200,4,20000,0.35,1.6,6,1,0.88425,0.00011309018942606728,17685,7.1596702735405415,1.2481395329814404,0,195.01635,,,0.8
drift-skew,stackexchange,ARC,200,0,20000,0.35,1.6,6,1,0.89855,0.00011129041233097768,17971,9.009986341698095,2.812642458593473,400,194.29045,10.0,28.220168883540445,0.8
drift-skew,stackexchange,ARC,200,1,20000,0.35,1.6,6,1,0.8964,5.577867023650156e-05,17928,9.69557404750958,3.1023849442135543,400,195.0309,37.32102557102557,25.86362639952798,0.8
drift-skew,stackexchange,ARC,200,2,20000,0.35,1.6,6,1,0.8984,0.0,17968,14.040913520148024,4.946892464067787,400,194.38765,47.92598613236458,29.665623074797566,0.8
drift-skew,stackexchange,LFU,200,2,20000,0.35,1.6,6,1,0.8532,0.0,17064,7.300219149328768,1.4645907911472023,0,194.38765,,,0.8
drift-skew,stackexchange,LFU,200,3,20000,0.35,1.6,6,1,0.6696,0.0,13392,8.505483629414812,2.5125173444394022,0,197.5652,,,0.8
drift-skew,stackexchange,LFU,200,4,20000,0.35,1.6,6,1,0.8105,0.0,16210,7.708694168832153,1.957476360257715,0,195.01635,,,0.8
drift-skew,stackexchange,ARC-exact,200,0,20000,0.35,1.6,6,1,0.85685,0.0,17137,11.789530154783279,4.097415675641969,400,194.29045,0.0,0.0,0.8
drift-skew,stackexchange,ARC,200,3,20000,0.35,1.3,6,1,0.6826,0.00021974802226779958,13652,11.24076466076076,5.897653073770925,400,198.48975,36.15468312948717,15.459234621431937,0.8
drift-skew,stackexchange,ARC,200,4,20000,0.35,1.3,6,1,0.7114,0.001967950520101209,14228,12.48755138949491,6.38979016803205,400,197.75875,17.446575122135034,21.554869356157944,0.8
drift-skew,stackexchange,LFU,200,0,20000,0.35,1.3,6,1,0.59535,0.0002519526329050139,11907,9.400224540149793,2.332877356093377,0,197.80075,,,0.8
drift-skew,stackexchange,LFU,200,1,20000,0.35,1.3,6,1,0.5947,0.0002522280141247688,11894,14.720318844774738,4.619964357698336,0,198.00835,,,0.8
drift-skew,stackexchange,ARC-exact,200,1,20000,0.35,1.3,6,1,0.6204,0.015070921985815602,12408,9.783923189388588,4.282727191457525,400,198.00835,0.0,0.0,0.8
drift-skew,stackexchange,ARC-exact,200,2,20000,0.35,1.3,6,1,0.6415,0.001558846453624318,12830,11.443659313954413,4.821541003184393,400,197.7313,0.0,0.0,0.8
drift-skew,stackexchange,ARC-exact,200,3,20000,0.35,1.3,6,1,0.5355,0.00018674136321195143,10710,12.308890873100609,5.472482217010111,400,198.48975,0.0,0.0,0.8
drift-skew,stackexchange,ARC-exact,200,4,20000,0.35,1.3,6,1,0.59965,0.0025014591845243057,11993,10.998817760264501,5.167110555339605,400,197.75875,0.0,0.0,0.8
drift-skew,stackexchange,ARC-exact,200,1,20000,0.35,1.6,6,1,0.838,5.966587112171838e-05,16760,8.479741081828251,2.7154445473570377,400,195.0309,0.0,0.0,0.8
drift-skew,stackexchange,ARC-exact,200,2,20000,0.35,1.6,6,1,0.86405,0.0,17281,8.77210742328316,2.96434240299277,400,194.38765,0.0,0.0,0.8
drift-skew,stackexchange,ARC-exact,200,3,20000,0.35,1.6,6,1,0.75955,0.0,15191,12.868076708400622,5.031993647571653,400,197.5652,0.0,0.0,0.8
drift-skew,stackexchange,ARC-exact,200,4,20000,0.35,1.6,6,1,0.83055,0.0,16611,8.244172035483643,2.674610121175647,400,195.01635,0.0,0.0,0.8
drift-skew,stackexchange,LRU,200,0,20000,0.5,0.7,6,1,0.02825,0.007079646017699115,565,14.348831120878458,5.902546551078558,0,198.98255,,,0.8
drift-skew,stackexchange,LRU,200,1,20000,0.5,0.7,6,1,0.0281,0.02491103202846975,562,10.282486618962139,4.094160336535424,0,198.98195,,,0.8
drift-skew,stackexchange,LRU,200,2,20000,0.5,0.7,6,1,0.02745,0.01092896174863388,549,10.371800768189132,4.228108795359731,0,198.995,,,0.8
drift-skew,stackexchange,LRU,200,3,20000,0.5,0.7,6,1,0.02435,0.024640657084188913,487,9.666280815145,3.8701434154063463,0,198.996,,,0.8
drift-skew,stackexchange,LRU,200,0,20000,0.5,0.9,6,1,0.1543,0.0035644847699287103,3086,9.45465398253873,3.5437432175967842,0,198.8941,,,0.8
drift-skew,stackexchange,LRU,200,1,20000,0.5,0.9,6,1,0.14675,0.001362862010221465,2935,9.998971602180973,3.8313191442284737,0,198.908,,,0.8
drift-skew,stackexchange,LRU,200,2,20000,0.5,0.9,6,1,0.1454,0.002751031636863824,2908,9.512504108715802,3.7225148116704077,0,198.92385,,,0.8
drift-skew,stackexchange,LRU,200,3,20000,0.5,0.9,6,1,0.1378,0.00544267053701016,2756,8.38257342693396,3.049131389707327,0,198.94415,,,0.8
drift-skew,stackexchange,LRU,200,0,20000,0.5,1.1,6,1,0.41355,0.0006045218232378189,8271,8.31187508883886,2.7253883774392307,0,198.6144,,,0.8
drift-skew,stackexchange,LRU,200,1,20000,0.5,1.1,6,1,0.4054,0.000246669955599408,8108,8.737356023630127,2.9851826606318355,0,198.69435,,,0.8
drift-skew,stackexchange,LRU,200,2,20000,0.5,1.1,6,1,0.39915,0.0010021295252411375,7983,8.208371518412605,2.791384106967598,0,198.61695,,,0.8
drift-skew,stackexchange,LRU,200,3,20000,0.5,1.1,6,1,0.38435,0.0005203590477429426,7687,7.303671009140089,2.42321994737722,0,198.8124,,,0.8
drift-skew,stackexchange,LFU,200,2,20000,0.5,0.9,6,1,0.08535,0.005858230814294083,1707,9.312937472714111,3.420279041165486,0,198.92385,,,0.8
drift-skew,stackexchange,LFU,200,3,20000,0.5,0.9,6,1,0.07425,0.003367003367003367,1485,9.887052077101544,3.7281729048117995,0,198.94415,,,0.8
drift-skew,stackexchange,LFU,200,4,20000,0.5,0.9,6,1,0.09815,0.00815078960774325,1963,9.443970245774835,3.586952720070258,0,198.9427,,,0.8
drift-skew,stackexchange,ARC-exact,200,0,20000,0.5,0.9,6,1,0.1524,0.001968503937007874,3048,13.694658532040194,8.283067250158638,400,198.8941,0.0,0.0,0.8
drift-skew,stackexchange,LFU,200,2,20000,0.5,0.7,6,1,0.0174,0.022988505747126436,348,9.616757073672488,3.7869626423344016,0,198.995,,,0.8
drift-skew,stackexchange,LFU,200,3,20000,0.5,0.7,6,1,0.01045,0.028708133971291867,209,9.855868242448196,3.8253805774729694,0,198.996,,,0.8
drift-skew,stackexchange,LFU,200,4,20000,0.5,0.7,6,1,0.01815,0.0440771349862259,363,9.844001336023211,3.857102326583117,0,198.99795,,,0.8
drift-skew,stackexchange,ARC-exact,200,0,20000,0.5,0.7,6,1,0.0444,0.009009009009009009,888,14.465971040772274,9.18730006669648,359,198.98255,0.0,0.0,0.8
drift-skew,stackexchange,LRU,200,4,20000,0.5,0.7,6,1,0.02625,0.015238095238095238,525,12.828120903577656,5.296036222716793,0,198.99795,,,0.8
drift-skew,stackexchange,ARC,200,0,20000,0.5,0.7,6,1,0.0491,0.006109979633401222,982,21.22616526321508,15.094994136597961,400,198.98255,94.61283201624715,44.59278093094181,0.8
drift-skew,stackexchange,ARC,200,1,20000,0.5,0.7,6,1,0.0479,0.014613778705636743,958,20.380525337532163,14.715050242375582,400,198.98195,95.89631023389907,41.820034804122436,0.8
drift-skew,stackexchange,ARC,200,2,20000,0.5,0.7,6,1,0.04665,0.010718113612004287,933,18.951471976470202,13.670912303496152,400,198.995,106.14882132668565,45.77847402652402,0.8
drift-skew,stackexchange,ARC,200,3,20000,0.5,0.9,6,1,0.193,0.004145077720207254,3860,20.49475516541861,14.493111020419747,400,198.94415,101.56930209543992,84.57832752411163,0.8
drift-skew,stackexchange,ARC,200,4,20000,0.5,0.9,6,1,0.2146,0.002329916123019571,4292,19.636720302514732,13.87637791922316,400,198.9427,95.37134177490057,66.71552711669518,0.8
drift-skew,stackexchange,LFU,200,0,20000,0.5,0.9,6,1,0.0927,0.0037756202804746495,1854,7.856012671254575,2.899419830646366,0,198.8941,,,0.8
drift-skew,stackexchange,LFU,200,1,20000,0.5,0.9,6,1,0.10125,0.002962962962962963,2025,8.150601538363844,2.9846744844689965,0,198.908,,,0.8
drift-skew,stackexchange,LRU,200,4,20000,0.5,1.1,6,1,0.409,0.00024449877750611245,8180,8.009450300596654,2.6121490402147174,0,198.6275,,,0.8
drift-skew,stackexchange,ARC,200,0,20000,0.5,1.1,6,1,0.47255,0.00010580890911014708,9451,16.430357622448355,10.580944223329425,400,198.6144,41.35547688013416,34.23017295329048,0.8
drift-skew,stackexchange,ARC,200,1,20000,0.5,1.1,6,1,0.47155,0.0001060332944544587,9431,14.00181123171933,8.88122973847203,400,198.69435,24.87175794545565,45.525977805960096,0.8
drift-skew,stackexchange,ARC,200,2,20000,0.5,1.1,6,1,0.46415,0.0012926855542389315,9283,14.522211981238797,9.28606761735864,400,198.61695,48.19201597750234,32.17926743529441,0.8
drift-skew,stackexchange,ARC,200,3,20000,0.5,0.7,6,1,0.0424,0.01061320754716981,848,22.520724328933284,16.364640003303066,400,198.996,105.73860289948192,51.35577333298849,0.8
drift-skew,stackexchange,ARC,200,4,20000,0.5,0.7,6,1,0.04715,0.016967126193001062,943,20.818606857210398,15.021266730036587,400,198.99795,102.44553208429656,46.99203153375694,0.8
drift-skew,stackexchange,LFU,200,0,20000,0.5,0.7,6,1,0.01675,0.01791044776119403,335,8.760421635815874,3.4081741876434535,0,198.98255,,,0.8
drift-skew,stackexchange,LFU,200,1,20000,0.5,0.7,6,1,0.01895,0.010554089709762533,379,8.153226133435965,3.0848177906591445,0,198.98195,,,0.8
drift-skew,stackexchange,ARC-exact,200,1,20000,0.5,0.9,6,1,0.15405,0.0019474196689386564,3081,16.131508571561426,10.04415390198119,400,198.908,0.0,0.0,0.8
drift-skew,stackexchange,ARC-exact,200,2,20000,0.5,0.9,6,1,0.144,0.003472222222222222,2880,15.769956854637712,9.525042778113857,400,198.92385,0.0,0.0,0.8
drift-skew,stackexchange,ARC-exact,200,3,20000,0.5,0.9,6,1,0.13415,0.002981736861721953,2683,14.28675297065638,8.72941633570008,400,198.94415,0.0,0.0,0.8
drift-skew,stackexchange,ARC-exact,200,4,20000,0.5,0.9,6,1,0.153,0.004248366013071895,3060,13.800443860236555,8.307015808532014,400,198.9427,0.0,0.0,0.8
drift-skew,stackexchange,ARC-exact,200,1,20000,0.5,0.7,6,1,0.04215,0.009489916963226572,843,16.742283856729046,10.716901923296973,353,198.98195,0.0,0.0,0.8
drift-skew,stackexchange,ARC-exact,200,2,20000,0.5,0.7,6,1,0.0383,0.01174934725848564,766,16.29539361456409,10.402004967909306,361,198.995,0.0,0.0,0.8
drift-skew,stackexchange,ARC-exact,200,3,20000,0.5,0.7,6,1,0.0352,0.009943181818181818,704,13.896144449245185,8.933952637016773,352,198.996,0.0,0.0,0.8
drift-skew,stackexchange,ARC-exact,200,4,20000,0.5,0.7,6,1,0.0395,0.02278481012658228,790,14.661584497662261,9.292528399964795,349,198.99795,0.0,0.0,0.8
drift-skew,stackexchange,LRU,200,4,20000,0.5,0.9,6,1,0.14795,0.0027036160865157146,2959,9.446012717671692,3.5811523091979325,0,198.9427,,,0.8
drift-skew,stackexchange,ARC,200,0,20000,0.5,0.9,6,1,0.2079,0.002886002886002886,4158,20.179100235691294,14.29900277289562,400,198.8941,98.48098989407188,71.85628276937834,0.8
drift-skew,stackexchange,ARC,200,1,20000,0.5,0.9,6,1,0.20655,0.0009682885499878964,4131,17.33171093510464,12.209752789931372,400,198.908,81.84297872873785,65.49635029931042,0.8
drift-skew,stackexchange,ARC,200,2,20000,0.5,0.9,6,1,0.20765,0.0016855285335901757,4153,17.748974123969674,12.430864688940346,400,198.92385,70.76027455785226,52.00825181195829,0.8
drift-skew,stackexchange,LRU,200,0,20000,0.5,1.3,6,1,0.67055,0.00022369696517783908,13411,6.862366176210344,1.7545462411362678,0,197.85755,,,0.8
drift-skew,stackexchange,LRU,200,1,20000,0.5,1.3,6,1,0.66865,7.477753682793689e-05,13373,6.840261910110712,1.8732939672190696,0,197.96775,,,0.8
drift-skew,stackexchange,LRU,200,2,20000,0.5,1.3,6,1,0.6638,0.00015064778547755348,13276,8.688340906519443,2.279178687604144,0,197.7285,,,0.8
drift-skew,stackexchange,LRU,200,3,20000,0.5,1.3,6,1,0.6394,0.00031279324366593683,12788,8.501891745254397,2.301956625888124,0,198.51965,,,0.8
drift-skew,stackexchange,ARC,200,3,20000,0.5,1.1,6,1,0.447,0.00044742729306487697,8940,14.763909205794334,9.530567028559744,400,198.8124,54.57220621240122,44.52715752838131,0.8
drift-skew,stackexchange,ARC,200,4,20000,0.5,1.1,6,1,0.4801,0.0011455946677775464,9602,13.95218662219122,8.785148739116266,400,198.6275,48.70026358332633,45.392713140881355,0.8
drift-skew,stackexchange,LFU,200,0,20000,0.5,1.1,6,1,0.3092,0.0008085381630012937,6184,9.08943023532629,3.0728518904652447,0,198.6144,,,0.8
drift-skew,stackexchange,LFU,200,1,20000,0.5,1.1,6,1,0.3247,0.0001539882968894364,6494,9.700225188862532,3.325487521942705,0,198.69435,,,0.8
drift-skew,stackexchange,LFU,200,2,20000,0.5,1.1,6,1,0.30885,0.0008094544277157196,6177,7.911921804770827,2.621198754059151,0,198.61695,,,0.8
drift-skew,stackexchange,LFU,200,3,20000,0.5,1.1,6,1,0.2646,0.0003779289493575208,5292,8.057862747227773,2.6930442545562983,0,198.8124,,,0.8
drift-skew,stackexchange,LFU,200,4,20000,0.5,1.1,6,1,0.3299,0.001515610791148833,6598,9.742332389578223,3.4690782777033746,0,198.6275,,,0.8
drift-skew,stackexchange,ARC-exact,200,0,20000,0.5,1.1,6,1,0.34825,0.00043072505384063173,6965,13.874835259048268,7.667525083525106,400,198.6144,0.0,0.0,0.8
drift-skew,stackexchange,LRU,200,4,20000,0.5,1.3,6,1,0.6827,0.0005859088911674235,13654,6.640765618067235,1.657255773898214,0,197.87045,,,0.8
drift-skew,stackexchange,ARC,200,0,20000,0.5,1.3,6,1,0.7023,0.0002847785846504343,14046,10.957584576681256,5.463775823591277,400,197.85755,45.190567280317644,28.696948741096538,0.8
drift-skew,stackexchange,ARC,200,1,20000,0.5,1.3,6,1,0.70335,0.00014217672567000782,14067,13.350543449632823,7.222118240315467,400,197.96775,15.947922642075557,34.98102206129987,0.8
drift-skew,stackexchange,ARC,200,2,20000,0.5,1.3,6,1,0.70095,7.133176403452457e-05,14019,11.758720671059564,6.0969320591539145,400,197.7285,35.00091066157339,28.233950332010618,0.8
drift-skew,stackexchange,LRU,200,0,20000,0.5,1.6,6,1,0.88525,0.0,17705,7.457567716483027,1.2264142627827823,0,194.24205,,,0.8
drift-skew,stackexchange,LRU,200,1,20000,0.5,1.6,6,1,0.88435,0.0,17687,8.3094293018803,1.486646052217111,0,195.09165,,,0.8
drift-skew,stackexchange,LRU,200,2,20000,0.5,1.6,6,1,0.88055,5.6782692635284766e-05,17611,6.636163871735334,1.2027503456920385,0,194.46005,,,0.8
drift-skew,stackexchange,LRU,200,3,20000,0.5,1.6,6,1,0.8604,5.811250581125058e-05,17208,6.787752074887976,1.3706341502256691,0,197.76475,,,0.8
drift-skew,stackexchange,ARC-exact,200,1,20000,0.5,1.1,6,1,0.3514,0.0002845759817871372,7028,12.138133263215423,6.637938035419211,400,198.69435,0.0,0.0,0.8
drift-skew,stackexchange,ARC-exact,200,2,20000,0.5,1.1,6,1,0.3536,0.0007070135746606335,7072,13.316217536339536,7.069068035343662,400,198.61695,0.0,0.0,0.8
drift-skew,stackexchange,ARC-exact,200,3,20000,0.5,1.1,6,1,0.30025,0.004995836802664446,6005,14.62568073766306,8.005404233699664,400,198.8124,0.0,0.0,0.8
drift-skew,stackexchange,ARC-exact,200,4,20000,0.5,1.1,6,1,0.35605,0.0023873051537705377,7121,13.39888971997425,7.371987693477422,400,198.6275,0.0,0.0,0.8
drift-skew,stackexchange,LFU,200,2,20000,0.5,1.3,6,1,0.522,9.578544061302682e-05,10440,8.772220654645935,2.425089094322175,0,197.7285,,,0.8
drift-skew,stackexchange,LFU,200,3,20000,0.5,1.3,6,1,0.45725,0.0009841443411700383,9145,9.658525884151459,3.1908505596220493,0,198.51965,,,0.8
drift-skew,stackexchange,LFU,200,4,20000,0.5,1.3,6,1,0.56285,0.002309673980634272,11257,7.836695888545364,2.2591388784348965,0,197.87045,,,0.8
drift-skew,stackexchange,ARC-exact,200,0,20000,0.5,1.3,6,1,0.5717,0.00026237537169844326,11434,11.162373056868091,5.243519978830591,400,197.85755,0.0,0.0,0.8
drift-skew,stackexchange,LRU,200,4,20000,0.5,1.6,6,1,0.8967,0.0023976803836288614,17934,8.04193674121052,1.3813755300361663,0,194.9447,,,0.8
drift-skew,stackexchange,ARC,200,0,20000,0.5,1.6,6,1,0.88825,5.629045876723895e-05,17765,9.19210504507646,2.959501586155966,400,194.24205,53.91641560450066,39.78009300949587,0.8
drift-skew,stackexchange,ARC,200,1,20000,0.5,1.6,6,1,0.8882,0.0,17764,8.254546532407403,2.8281944163609296,400,195.09165,40.43687864463367,43.09351057144308,0.8
drift-skew,stackexchange,ARC,200,2,20000,0.5,1.6,6,1,0.8853,0.0,17706,8.938813785789534,3.0000358528923243,400,194.46005,43.352724406099426,28.632773109288486,0.8
drift-skew,stackexchange,LFU,200,2,20000,0.5,1.6,6,1,0.73675,0.0,14735,8.271317218896002,2.058765763649717,0,194.46005,,,0.8
drift-skew,stackexchange,LFU,200,3,20000,0.5,1.6,6,1,0.6248,8.002560819462228e-05,12496,8.733917120844126,2.409863338107243,0,197.76475,,,0.8
drift-skew,stackexchange,LFU,200,4,20000,0.5,1.6,6,1,0.807,0.0005576208178438662,16140,7.459974306402728,1.718828547745943,0,194.9447,,,0.8
drift-skew,stackexchange,ARC-exact,200,0,20000,0.5,1.6,6,1,0.81125,0.0,16225,8.444724092260003,2.9162037884816527,400,194.24205,0.0,0.0,0.8
drift-skew,stackexchange,ARC,200,3,20000,0.5,1.3,6,1,0.67665,0.0015517623586787852,13533,13.092613243497908,6.816167780198157,400,198.51965,57.619256276174,38.50241120821528,0.8
drift-skew,stackexchange,ARC,200,4,20000,0.5,1.3,6,1,0.7177,0.0016720078027030792,14354,12.093352794181556,6.111993448575959,400,197.87045,38.907349896474074,38.244843430579046,0.8
drift-skew,stackexchange,LFU,200,0,20000,0.5,1.3,6,1,0.55095,0.00018150467374534896,11019,8.130566263571382,2.4523112224414945,0,197.85755,,,0.8
drift-skew,stackexchange,LFU,200,1,20000,0.5,1.3,6,1,0.559,8.944543828264758e-05,11180,8.698810171335936,2.830067736795172,0,197.96775,,,0.8
drift-skew,stackexchange,ARC,200,3,20000,0.5,1.6,6,1,0.8667,0.00011538017768547363,17334,9.903079137438908,3.8695791270583872,400,197.76475,55.33820060750579,37.636869516287234,0.8
drift-skew,stackexchange,ARC,200,4,20000,0.5,1.6,6,1,0.89945,0.0006114847962643838,17989,8.49762528669089,2.612920489627868,400,194.9447,73.68669330505413,37.97091768659556,0.8
drift-skew,stackexchange,LFU,200,0,20000,0.5,1.6,6,1,0.80075,0.0,16015,7.314945867983624,1.6339195019099861,0,194.24205,,,0.8
drift-skew,stackexchange,LFU,200,1,20000,0.5,1.6,6,1,0.7937,0.0008189492251480409,15874,7.8490911109838635,1.9983118108939382,0,195.09165,,,0.8
drift-skew,stackexchange,ARC-exact,200,1,20000,0.5,1.3,6,1,0.5836,0.001113776559287183,11672,11.271937954006717,5.182142154080793,400,197.96775,0.0,0.0,0.8
drift-skew,stackexchange,ARC-exact,200,2,20000,0.5,1.3,6,1,0.5643,0.000177210703526493,11286,11.679086630465463,5.512437748257071,400,197.7285,0.0,0.0,0.8
drift-skew,stackexchange,ARC-exact,200,3,20000,0.5,1.3,6,1,0.5004,0.004696243005595523,10008,11.929653759580106,5.936835298780352,400,198.51965,0.0,0.0,0.8
drift-skew,stackexchange,ARC-exact,200,4,20000,0.5,1.3,6,1,0.5883,0.002209756926738059,11766,11.728601943468675,5.272031528875232,400,197.87045,0.0,0.0,0.8
drift-skew,stackexchange,ARC-exact,200,1,20000,0.5,1.6,6,1,0.81455,0.0,16291,8.380956726614386,2.7096297941170633,400,195.09165,0.0,0.0,0.8
drift-skew,stackexchange,ARC-exact,200,2,20000,0.5,1.6,6,1,0.8085,0.0,16170,8.782229950884357,3.0306324013508856,400,194.46005,0.0,0.0,0.8
drift-skew,stackexchange,ARC-exact,200,3,20000,0.5,1.6,6,1,0.7457,6.705109293281481e-05,14914,14.067278790753335,5.62064994010143,400,197.76475,0.0,0.0,0.8
drift-skew,stackexchange,ARC-exact,200,4,20000,0.5,1.6,6,1,0.82105,0.0005480786797393581,16421,10.427412221906707,3.0608034576289356,400,194.9447,0.0,0.0,0.8
drift-skew,stackexchange,LRU,200,0,20000,0.75,0.7,6,1,0.03015,0.011608623548922056,603,9.672448510536924,3.890843066619709,0,198.98185,,,0.8
drift-skew,stackexchange,LRU,200,1,20000,0.75,0.7,6,1,0.03035,0.018121911037891267,607,11.942622915375978,4.826507158577442,0,198.9775,,,0.8
drift-skew,stackexchange,LRU,200,2,20000,0.75,0.7,6,1,0.0297,0.006734006734006734,594,16.060650773579255,6.4009292458649725,0,198.99435,,,0.8
drift-skew,stackexchange,LRU,200,3,20000,0.75,0.7,6,1,0.02275,0.0,455,10.844903474207968,4.653609386878088,0,198.99835,,,0.8
drift-skew,stackexchange,LFU,200,2,20000,0.75,0.7,6,1,0.0162,0.033950617283950615,324,10.087067703716457,3.909926302731037,0,198.99435,,,0.8
drift-skew,stackexchange,LFU,200,3,20000,0.75,0.7,6,1,0.00845,0.05325443786982249,169,11.619109770981595,4.465815058210865,0,198.99835,,,0.8
drift-skew,stackexchange,LFU,200,4,20000,0.75,0.7,6,1,0.0122,0.05737704918032787,244,10.760166688123718,4.132229852257296,0,198.99425,,,0.8
drift-skew,stackexchange,ARC-exact,200,0,20000,0.75,0.7,6,1,0.0368,0.002717391304347826,736,18.657279293984175,11.815599334659055,365,198.98185,0.0,0.0,0.8
drift-skew,stackexchange,LRU,200,0,20000,0.75,0.9,6,1,0.15375,0.004227642276422764,3075,13.077545299893245,5.0626713200472295,0,198.90765,,,0.8
drift-skew,stackexchange,LRU,200,1,20000,0.75,0.9,6,1,0.14695,0.002041510717931269,2939,12.003148626536131,4.49432407040149,0,198.9089,,,0.8
drift-skew,stackexchange,LRU,200,2,20000,0.75,0.9,6,1,0.1514,0.002311756935270806,3028,9.781014482723549,3.6401901103090495,0,198.92515,,,0.8
drift-skew,stackexchange,LRU,200,3,20000,0.75,0.9,6,1,0.1384,0.0025289017341040463,2768,11.46007085335441,4.2053777375258505,0,198.93735,,,0.8
drift-skew,stackexchange,LFU,200,2,20000,0.75,0.9,6,1,0.08115,0.004313000616142945,1623,12.874495249707252,5.327392020262778,0,198.92515,,,0.8
drift-skew,stackexchange,LFU,200,3,20000,0.75,0.9,6,1,0.055,0.011818181818181818,1100,11.791279847966507,4.623955202987418,0,198.93735,,,0.8
drift-skew,stackexchange,LFU,200,4,20000,0.75,0.9,6,1,0.07525,0.013953488372093023,1505,9.95826258440502,3.750842483714223,0,198.93715,,,0.8
drift-skew,stackexchange,ARC-exact,200,0,20000,0.75,0.9,6,1,0.12535,0.0031910650179497405,2507,16.82738690287806,10.341068997513503,400,198.90765,0.0,0.0,0.8
drift-skew,stackexchange,LRU,200,0,20000,0.75,1.1,6,1,0.41505,0.0006023370678231539,8301,12.896937981713563,4.117026517633349,0,198.60295,,,0.8
drift-skew,stackexchange,LRU,200,1,20000,0.75,1.1,6,1,0.41485,0.0009642039291310112,8297,9.579062246484682,3.0840257415547967,0,198.6897,,,0.8
drift-skew,stackexchange,LRU,200,2,20000,0.75,1.1,6,1,0.40455,0.0003707823507601038,8091,8.669575600652024,2.981747256126255,0,198.5888,,,0.8
drift-skew,stackexchange,LRU,200,3,20000,0.75,1.1,6,1,0.384,0.00013020833333333333,7680,9.058666019700468,3.0690493702422827,0,198.786,,,0.8
drift-skew,stackexchange,ARC,200,3,20000,0.75,0.7,6,1,0.03855,0.0012970168612191958,771,27.281651739031076,19.932881515705958,400,198.99835,111.40192647360625,46.65373808315723,0.8
drift-skew,stackexchange,ARC,200,4,20000,0.75,0.7,6,1,0.04525,0.012154696132596685,905,24.17594820726663,17.198160267435014,400,198.99425,124.23354476991157,54.14190629475997,0.8
drift-skew,stackexchange,LFU,200,0,20000,0.75,0.7,6,1,0.01495,0.020066889632107024,299,9.50231213355437,3.784571716096252,0,198.98185,,,0.8
drift-skew,stackexchange,LFU,200,1,20000,0.75,0.7,6,1,0.01165,0.030042918454935622,233,8.219353295862675,3.2186913769692183,0,198.9775,,,0.8
drift-skew,stackexchange,LRU,200,4,20000,0.75,0.7,6,1,0.02925,0.017094017094017096,585,10.151584877166897,4.036511905724183,0,198.99425,,,0.8
drift-skew,stackexchange,ARC,200,0,20000,0.75,0.7,6,1,0.04625,0.0075675675675675675,925,28.220547805540264,20.809737208765,400,198.98185,124.49111343513808,56.764300498426074,0.8
drift-skew,stackexchange,ARC,200,1,20000,0.75,0.7,6,1,0.04575,0.01639344262295082,915,25.14308067620732,17.875325499335304,400,198.9775,126.89480115427529,58.76398587851003,0.8
drift-skew,stackexchange,ARC,200,2,20000,0.75,0.7,6,1,0.04455,0.007856341189674524,891,18.50371236796491,13.467735168524086,400,198.99435,110.86620212969149,47.015450446872755,0.8
drift-skew,stackexchange,ARC,200,3,20000,0.75,0.9,6,1,0.186,0.00456989247311828,3720,26.671865966636688,19.488223339430988,400,198.93735,121.74880829521172,93.42063574449298,0.8
drift-skew,stackexchange,ARC,200,4,20000,0.75,0.9,6,1,0.1956,0.002044989775051125,3912,22.99467560951598,16.049986763391644,400,198.93715,97.04124708459794,86.42829349699547,0.8
drift-skew,stackexchange,LFU,200,0,20000,0.75,0.9,6,1,0.07495,0.00266844563042028,1499,9.08742070896551,3.4943045175168663,0,198.90765,,,0.8
drift-skew,stackexchange,LFU,200,1,20000,0.75,0.9,6,1,0.06745,0.0,1349,8.25002413475886,3.1779346405528486,0,198.9089,,,0.8
drift-skew,stackexchange,LRU,200,4,20000,0.75,0.9,6,1,0.15155,0.0023094688221709007,3031,13.079854025272653,5.114897410385311,0,198.93715,,,0.8
drift-skew,stackexchange,ARC,200,0,20000,0.75,0.9,6,1,0.20065,0.00348866184899078,4013,24.023412133101374,17.52673764131032,400,198.90765,119.26138582976854,86.22086073720423,0.8
drift-skew,stackexchange,ARC,200,1,20000,0.75,0.9,6,1,0.19215,0.0010408534998698933,3843,23.128831590292975,16.454111895291135,400,198.9089,111.58670484558242,97.79260580591425,0.8
drift-skew,stackexchange,ARC,200,2,20000,0.75,0.9,6,1,0.20085,0.0022404779686333084,4017,18.425496941199526,12.91360859759152,400,198.92515,107.94984839857916,79.53214386813316,0.8
drift-skew,stackexchange,ARC-exact,200,1,20000,0.75,0.9,6,1,0.12645,0.009885330170027679,2529,21.3574280962348,13.092167250579223,400,198.9089,0.0,0.0,0.8
drift-skew,stackexchange,ARC-exact,200,2,20000,0.75,0.9,6,1,0.1187,0.0016849199663016006,2374,16.770182928303257,10.356039926409721,400,198.92515,0.0,0.0,0.8
drift-skew,stackexchange,ARC-exact,200,3,20000,0.75,0.9,6,1,0.09985,0.009514271407110666,1997,15.077157702762634,9.233794576721266,400,198.93735,0.0,0.0,0.8
drift-skew,stackexchange,ARC-exact,200,4,20000,0.75,0.9,6,1,0.1286,0.00505443234836703,2572,15.183315647300333,9.127449424704537,400,198.93715,0.0,0.0,0.8
drift-skew,stackexchange,ARC-exact,200,1,20000,0.75,0.7,6,1,0.0347,0.01440922190201729,694,22.617254633223638,14.181602752069011,370,198.9775,0.0,0.0,0.8
drift-skew,stackexchange,ARC-exact,200,2,20000,0.75,0.7,6,1,0.0379,0.005277044854881266,758,17.228345695184544,10.782614501658827,369,198.99435,0.0,0.0,0.8
drift-skew,stackexchange,ARC-exact,200,3,20000,0.75,0.7,6,1,0.03005,0.004991680532445923,601,15.739595866762102,9.964274970116094,357,198.99835,0.0,0.0,0.8
drift-skew,stackexchange,ARC-exact,200,4,20000,0.75,0.7,6,1,0.0376,0.017287234042553192,752,18.03489665617235,11.528828291920945,370,198.99425,0.0,0.0,0.8
drift-skew,stackexchange,LRU,200,4,20000,0.75,1.1,6,1,0.4135,0.0007255139056831923,8270,8.711442479398102,2.7511984517332166,0,198.62635,,,0.8
drift-skew,stackexchange,ARC,200,0,20000,0.75,1.1,6,1,0.46285,0.0006481581505887436,9257,17.799023765837774,11.403766489820555,400,198.60295,72.23627502618655,62.72130754149011,0.8
drift-skew,stackexchange,ARC,200,1,20000,0.75,1.1,6,1,0.46665,0.001500053573341905,9333,13.633233134169132,8.580522442935035,400,198.6897,77.57347392122294,67.2344290095842,0.8
drift-skew,stackexchange,ARC,200,2,20000,0.75,1.1,6,1,0.45235,0.00044213551453520505,9047,16.484145185677335,10.47618905431591,400,198.5888,80.04693550769247,74.99467644802182,0.8
drift-skew,stackexchange,ARC,200,3,20000,0.75,1.1,6,1,0.43705,0.0,8741,18.556820729281753,12.315743352519348,400,198.786,76.42993121571713,67.54212290789724,0.8
drift-skew,stackexchange,ARC,200,4,20000,0.75,1.1,6,1,0.4663,0.0007505897490885696,9326,13.34362862398848,8.49008114892058,400,198.62635,40.22798627050702,75.75481673799449,0.8
drift-skew,stackexchange,LFU,200,0,20000,0.75,1.1,6,1,0.255,0.000784313725490196,5100,10.011505440343171,3.4244228911120445,0,198.60295,,,0.8
drift-skew,stackexchange,LFU,200,1,20000,0.75,1.1,6,1,0.2555,0.0013698630136986301,5110,9.659356641350314,3.482763416832313,0,198.6897,,,0.8
drift-skew,stackexchange,LRU,200,0,20000,0.75,1.3,6,1,0.67215,0.0005207171018373874,13443,6.833438342437148,1.821246463805437,0,197.8326,,,0.8
drift-skew,stackexchange,LRU,200,1,20000,0.75,1.3,6,1,0.6778,0.00022130421953378578,13556,6.370496499584988,1.632303377846256,0,198.0063,,,0.8
drift-skew,stackexchange,LRU,200,2,20000,0.75,1.3,6,1,0.66605,0.0003753471961564447,13321,8.088335115462542,2.2060670715291053,0,197.73445,,,0.8
drift-skew,stackexchange,LRU,200,3,20000,0.75,1.3,6,1,0.6499,7.693491306354824e-05,12998,8.306266245199367,2.270791551563889,0,198.47735,,,0.8
drift-skew,stackexchange,LFU,200,2,20000,0.75,1.1,6,1,0.25035,0.0003994407829039345,5007,8.526595804141834,2.9806969745550305,0,198.5888,,,0.8
drift-skew,stackexchange,LFU,200,3,20000,0.75,1.1,6,1,0.21245,0.0014120969639915275,4249,7.9102871066425,2.8358970128465444,0,198.786,,,0.8
drift-skew,stackexchange,LFU,200,4,20000,0.75,1.1,6,1,0.2947,0.002544960977265015,5894,9.265093656722456,3.5872302076313645,0,198.62635,,,0.8
drift-skew,stackexchange,ARC-exact,200,0,20000,0.75,1.1,6,1,0.29455,0.0013580037345102699,5891,13.796854496467859,7.793428032891825,400,198.60295,0.0,0.0,0.8
drift-skew,stackexchange,LRU,200,4,20000,0.75,1.3,6,1,0.67565,0.00014800562421372012,13513,6.577703898074105,1.695782068418339,0,197.84315,,,0.8
drift-skew,stackexchange,ARC,200,0,20000,0.75,1.3,6,1,0.6963,0.0002872325147206664,13926,12.129144155187532,6.340229592751712,400,197.8326,69.01662741778401,57.363514879180094,0.8
drift-skew,stackexchange,ARC,200,1,20000,0.75,1.3,6,1,0.70255,0.00014233862358550993,14051,11.97248765383847,6.184700090670958,400,198.0063,48.519399744006265,65.44027990465548,0.8
drift-skew,stackexchange,ARC,200,2,20000,0.75,1.3,6,1,0.68935,0.00043519257271342566,13787,12.35534050501883,6.563234486384317,400,197.73445,68.96500164741927,53.7742156089675,0.8
drift-skew,stackexchange,LRU,200,0,20000,0.75,1.6,6,1,0.88295,0.00011325669630216887,17659,7.282616349402815,1.4422306674532592,0,194.38825,,,0.8
drift-skew,stackexchange,LRU,200,1,20000,0.75,1.6,6,1,0.8894,0.0008432651225545311,17788,7.246721192495897,1.1689698381815106,0,194.92525,,,0.8
drift-skew,stackexchange,LRU,200,2,20000,0.75,1.6,6,1,0.8808,0.0,17616,6.3651977048721164,1.2082818837370723,0,194.4732,,,0.8
drift-skew,stackexchange,LRU,200,3,20000,0.75,1.6,6,1,0.86355,0.0,17271,7.895467808702961,1.4091137622017413,0,197.58295,,,0.8
drift-skew,stackexchange,ARC-exact,200,1,20000,0.75,1.1,6,1,0.277,0.00036101083032490973,5540,12.10851008654572,6.934652948984876,400,198.6897,0.0,0.0,0.8
drift-skew,stackexchange,ARC-exact,200,2,20000,0.75,1.1,6,1,0.30105,0.0013286829430327188,6021,14.275060774525627,8.052635175408795,400,198.5888,0.0,0.0,0.8
drift-skew,stackexchange,ARC-exact,200,3,20000,0.75,1.1,6,1,0.25055,0.001197365795250449,5011,14.499495859490708,8.348654006840661,400,198.786,0.0,0.0,0.8
drift-skew,stackexchange,ARC-exact,200,4,20000,0.75,1.1,6,1,0.32835,0.00030455306837216383,6567,14.65248940512538,8.049630880123004,400,198.62635,0.0,0.0,0.8
drift-skew,stackexchange,LFU,200,2,20000,0.75,1.3,6,1,0.4754,0.00010517458981909971,9508,8.91016036621295,2.5482785946223885,0,197.73445,,,0.8
drift-skew,stackexchange,LFU,200,3,20000,0.75,1.3,6,1,0.40185,0.0007465472191116088,8037,9.218566113850102,2.8442959126550704,0,198.47735,,,0.8
drift-skew,stackexchange,LFU,200,4,20000,0.75,1.3,6,1,0.53275,0.001313937118723604,10655,7.7683189359959215,2.4553786497563124,0,197.84315,,,0.8
drift-skew,stackexchange,ARC-exact,200,0,20000,0.75,1.3,6,1,0.5255,0.0004757373929590866,10510,12.036638299468905,5.860987113555893,400,197.8326,0.0,0.0,0.8
drift-skew,stackexchange,LRU,200,4,20000,0.75,1.6,6,1,0.88875,0.0,17775,6.933930836385116,1.429431076394394,0,194.8616,,,0.8
drift-skew,stackexchange,ARC,200,0,20000,0.75,1.6,6,1,0.8829,0.00011326311020500623,17658,8.465158694889396,3.0012564559001476,400,194.38825,88.1917158519664,64.18853577865349,0.8
drift-skew,stackexchange,ARC,200,1,20000,0.75,1.6,6,1,0.8893,0.0008433599460249635,17786,8.707085263449699,2.6169861550442874,400,194.92525,84.3125673228579,54.49372273448766,0.8
drift-skew,stackexchange,ARC,200,2,20000,0.75,1.6,6,1,0.88145,0.0,17629,9.159309777896851,3.4070470021106303,400,194.4732,89.39714159798977,59.41739438533276,0.8
drift-skew,stackexchange,ARC,200,3,20000,0.75,1.3,6,1,0.67465,7.411250277921885e-05,13493,13.860524614574388,7.058328780112788,400,198.47735,67.23522544128642,50.82805432353544,0.8
drift-skew,stackexchange,ARC,200,4,20000,0.75,1.3,6,1,0.7002,0.00021422450728363326,14004,12.256083777174354,6.254092452581972,400,197.84315,57.08541054533865,53.16364290976187,0.8
drift-skew,stackexchange,LFU,200,0,20000,0.75,1.3,6,1,0.4948,0.0006063055780113178,9896,9.035990183474496,2.8207872586790472,0,197.8326,,,0.8
drift-skew,stackexchange,LFU,200,1,20000,0.75,1.3,6,1,0.4868,0.0,9736,8.735903940396383,2.913143823388964,0,198.0063,,,0.8
drift-skew,stackexchange,ARC,200,3,20000,0.75,1.6,6,1,0.86515,0.0,17303,9.480957838241011,3.501710045384243,400,197.58295,83.88533740757035,57.54921245383946,0.8
drift-skew,stackexchange,ARC,200,4,20000,0.75,1.6,6,1,0.889,0.0,17780,8.49511941196397,2.833029837347567,400,194.8616,71.29823243106817,64.39068807255164,0.8
drift-skew,stackexchange,LFU,200,0,20000,0.75,1.6,6,1,0.7362,0.0,14724,8.26986170723103,2.326120506040752,0,194.38825,,,0.8
drift-skew,stackexchange,LFU,200,1,20000,0.75,1.6,6,1,0.72355,0.0,14471,7.570800255052745,2.2147939598653466,0,194.92525,,,0.8
drift-skew,stackexchange,ARC-exact,200,1,20000,0.75,1.3,6,1,0.51315,0.0,10263,11.816916341194883,5.717159144114703,400,198.0063,0.0,0.0,0.8
drift-skew,stackexchange,ARC-exact,200,2,20000,0.75,1.3,6,1,0.50775,0.0,10155,12.79778535827063,6.261272041592747,400,197.73445,0.0,0.0,0.8
drift-skew,stackexchange,ARC-exact,200,3,20000,0.75,1.3,6,1,0.4681,0.000640888698995941,9362,12.777714664116502,6.187706324271858,400,198.47735,0.0,0.0,0.8
drift-skew,stackexchange,ARC-exact,200,4,20000,0.75,1.3,6,1,0.56175,0.00017801513128615933,11235,10.77750563272275,4.994547262322158,400,197.84315,0.0,0.0,0.8
drift-skew,stackexchange,LFU,200,2,20000,0.75,1.6,6,1,0.7095,0.0,14190,7.696339301764965,1.9858732994180173,0,194.4732,,,0.8
drift-skew,stackexchange,LFU,200,3,20000,0.75,1.6,6,1,0.5063,0.0002962670353545329,10126,9.463449264876544,2.8854751551989466,0,197.58295,,,0.8
drift-skew,stackexchange,LFU,200,4,20000,0.75,1.6,6,1,0.7755,0.0,15510,7.420550176175311,1.8562101002316922,0,194.8616,,,0.8
drift-skew,stackexchange,ARC-exact,200,0,20000,0.75,1.6,6,1,0.78165,0.0,15633,7.067431858740747,2.424654009519145,400,194.38825,0.0,0.0,0.8
drift-skew,stackexchange,ARC-exact,200,1,20000,0.75,1.6,6,1,0.7615,0.0,15230,8.999751228839159,3.213971573859453,400,194.92525,0.0,0.0,0.8
drift-skew,stackexchange,ARC-exact,200,2,20000,0.75,1.6,6,1,0.76005,0.0,15201,8.828047360293567,3.006195736816153,400,194.4732,0.0,0.0,0.8
drift-skew,stackexchange,ARC-exact,200,3,20000,0.75,1.6,6,1,0.69865,0.00021469977814356258,13973,8.942054881481454,3.6059534177184105,400,197.58295,0.0,0.0,0.8
drift-skew,stackexchange,ARC-exact,200,4,20000,0.75,1.6,6,1,0.79715,0.0,15943,7.580951077397913,2.614718215772882,400,194.8616,0.0,0.0,0.8
drift-skew,stackexchange,LRU,200,0,20000,1.0,0.7,6,1,0.0315,0.012698412698412698,630,10.116311709862202,3.8819108624011274,0,198.96895,,,0.8
drift-skew,stackexchange,LRU,200,1,20000,1.0,0.7,6,1,0.0266,0.02819548872180451,532,10.30314551317133,3.807424008846283,0,198.98345,,,0.8
drift-skew,stackexchange,LRU,200,2,20000,1.0,0.7,6,1,0.0281,0.008896797153024912,562,8.55077164596878,3.428736131172627,0,198.99215,,,0.8
drift-skew,stackexchange,LRU,200,3,20000,1.0,0.7,6,1,0.0252,0.021825396825396824,504,9.247818565927446,3.7658175569958985,0,199.00215,,,0.8
drift-skew,stackexchange,LRU,200,0,20000,1.0,0.9,6,1,0.1541,0.001946787800129786,3082,8.994788955897093,3.2075548253487796,0,198.9023,,,0.8
drift-skew,stackexchange,LRU,200,1,20000,1.0,0.9,6,1,0.1398,0.004649499284692418,2796,8.573096798500046,3.318405005848035,0,198.89815,,,0.8
drift-skew,stackexchange,LRU,200,2,20000,1.0,0.9,6,1,0.15335,0.0039126181936746,3067,8.722010540077463,3.3302951545920223,0,198.9235,,,0.8
drift-skew,stackexchange,LRU,200,3,20000,1.0,0.9,6,1,0.1367,0.001463057790782736,2734,9.235896356403828,3.722496802220121,0,198.9322,,,0.8
drift-skew,stackexchange,LFU,200,2,20000,1.0,0.7,6,1,0.01165,0.055793991416309016,233,9.644724888494238,3.5911747021600604,0,198.99215,,,0.8
drift-skew,stackexchange,LFU,200,3,20000,1.0,0.7,6,1,0.0071,0.11971830985915492,142,8.521579607622698,3.253093030070886,0,199.00215,,,0.8
drift-skew,stackexchange,LFU,200,4,20000,1.0,0.7,6,1,0.01035,0.03864734299516908,207,9.172723843948916,3.5647724056616426,0,199.00275,,,0.8
drift-skew,stackexchange,ARC-exact,200,0,20000,1.0,0.7,6,1,0.0334,0.011976047904191617,668,17.501187860034406,11.323776695644483,375,198.96895,0.0,0.0,0.8
drift-skew,stackexchange,LFU,200,2,20000,1.0,0.9,6,1,0.06685,0.008975317875841436,1337,7.702074974076822,2.987394930096343,0,198.9235,,,0.8
drift-skew,stackexchange,LFU,200,3,20000,1.0,0.9,6,1,0.05375,0.0074418604651162795,1075,9.229791088728234,3.571994905360043,0,198.9322,,,0.8
drift-skew,stackexchange,LFU,200,4,20000,1.0,0.9,6,1,0.0611,0.0057283142389525366,1222,9.292247804114595,3.5580399387981743,0,198.9514,,,0.8
drift-skew,stackexchange,ARC-exact,200,0,20000,1.0,0.9,6,1,0.1098,0.00546448087431694,2196,17.110586492344737,10.563419293612242,400,198.9023,0.0,0.0,0.8
drift-skew,stackexchange,LRU,200,0,20000,1.0,1.1,6,1,0.4172,0.00047938638542665386,8344,7.717227726243436,2.559402701444924,0,198.59535,,,0.8
drift-skew,stackexchange,LRU,200,1,20000,1.0,1.1,6,1,0.3976,0.00025150905432595576,7952,7.89711203542538,2.6810463634319603,0,198.69615,,,0.8
drift-skew,stackexchange,LRU,200,2,20000,1.0,1.1,6,1,0.40825,0.00036742192284139623,8165,8.386644755955786,2.807316422695294,0,198.59975,,,0.8
drift-skew,stackexchange,LRU,200,3,20000,1.0,1.1,6,1,0.3903,0.00025621316935690495,7806,8.984817116288468,3.127216058783233,0,198.8185,,,0.8
drift-skew,stackexchange,LRU,200,4,20000,1.0,0.7,6,1,0.0305,0.01639344262295082,610,10.0165986106731,3.8821984257083386,0,199.00275,,,0.8
drift-skew,stackexchange,ARC,200,0,20000,1.0,0.7,6,1,0.04205,0.009512485136741973,841,21.217233448987827,15.368380449945107,400,198.96895,128.87390337870767,63.439100140013664,0.8
drift-skew,stackexchange,ARC,200,1,20000,1.0,0.7,6,1,0.0374,0.020053475935828877,748,20.866680500330403,15.282410057261588,400,198.98345,128.17287441218943,56.86134919294219,0.8
drift-skew,stackexchange,ARC,200,2,20000,1.0,0.7,6,1,0.0394,0.006345177664974619,788,23.58286454109475,16.84963824809529,400,198.99215,130.3742208783395,58.33060237740014,0.8
drift-skew,stackexchange,ARC,200,3,20000,1.0,0.7,6,1,0.03715,0.03095558546433378,743,20.14586392324418,14.594560727709904,400,199.00215,140.35134368397163,58.891619025640246,0.8
drift-skew,stackexchange,ARC,200,4,20000,1.0,0.7,6,1,0.04055,0.018495684340320593,811,21.232340019196272,15.528816962614655,400,199.00275,151.21236669310866,58.5819998852551,0.8
drift-skew,stackexchange,LFU,200,0,20000,1.0,0.7,6,1,0.0122,0.02459016393442623,244,9.250741195864975,3.61207194509916,0,198.96895,,,0.8
drift-skew,stackexchange,LFU,200,1,20000,1.0,0.7,6,1,0.00825,0.01818181818181818,165,8.916845038766041,3.488910640589893,0,198.98345,,,0.8
drift-skew,stackexchange,ARC-exact,200,1,20000,1.0,0.7,6,1,0.03025,0.02975206611570248,605,15.795140119735152,9.997653879690915,370,198.98345,0.0,0.0,0.8
drift-skew,stackexchange,ARC-exact,200,2,20000,1.0,0.7,6,1,0.02965,0.008431703204047217,593,15.939530963078141,10.14146648813039,370,198.99215,0.0,0.0,0.8
drift-skew,stackexchange,ARC-exact,200,3,20000,1.0,0.7,6,1,0.0273,0.0347985347985348,546,17.328929336508736,11.152693961048499,367,199.00215,0.0,0.0,0.8
drift-skew,stackexchange,ARC-exact,200,4,20000,1.0,0.7,6,1,0.0313,0.02875399361022364,626,16.75180013407953,10.763411270454526,375,199.00275,0.0,0.0,0.8
drift-skew,stackexchange,ARC,200,3,20000,1.0,0.9,6,1,0.17505,0.0022850614110254213,3501,18.459586694370955,13.273705524625257,400,198.9322,125.96421910658279,106.9797089165688,0.8
drift-skew,stackexchange,ARC,200,4,20000,1.0,0.9,6,1,0.17555,0.0011392765593847907,3511,20.30835089390166,14.654873998370022,400,198.9514,139.28378512948268,105.61784635693293,0.8
drift-skew,stackexchange,LFU,200,0,20000,1.0,0.9,6,1,0.06885,0.006535947712418301,1377,10.310502239735797,3.8587448711041357,0,198.9023,,,0.8
drift-skew,stackexchange,LFU,200,1,20000,1.0,0.9,6,1,0.0511,0.008806262230919765,1022,9.275911375880241,3.4956725139636546,0,198.89815,,,0.8
drift-skew,stackexchange,ARC-exact,200,1,20000,1.0,0.9,6,1,0.09135,0.0049261083743842365,1827,14.61638625478372,9.141449525486678,400,198.89815,0.0,0.0,0.8
drift-skew,stackexchange,ARC-exact,200,2,20000,1.0,0.9,6,1,0.1121,0.0031222123104371097,2242,14.726693578995764,9.15054390206933,400,198.9235,0.0,0.0,0.8
drift-skew,stackexchange,ARC-exact,200,3,20000,1.0,0.9,6,1,0.09395,0.0021287919105907396,1879,16.978504159487784,10.283587890444323,400,198.9322,0.0,0.0,0.8
drift-skew,stackexchange,ARC-exact,200,4,20000,1.0,0.9,6,1,0.0972,0.00411522633744856,1944,15.200044866651297,9.424946160288528,400,198.9514,0.0,0.0,0.8
drift-skew,stackexchange,LRU,200,4,20000,1.0,0.9,6,1,0.1439,0.0031271716469770676,2878,8.14851788454689,3.092062525684014,0,198.9514,,,0.8
drift-skew,stackexchange,ARC,200,0,20000,1.0,0.9,6,1,0.1844,0.0010845986984815619,3688,19.88685067044571,14.200950769009069,400,198.9023,125.01400983031368,103.65712975311867,0.8
drift-skew,stackexchange,ARC,200,1,20000,1.0,0.9,6,1,0.1772,0.002257336343115124,3544,21.213621459901333,15.34214792191051,400,198.89815,140.89809825399217,104.48954484517338,0.8
drift-skew,stackexchange,ARC,200,2,20000,1.0,0.9,6,1,0.18625,0.00348993288590604,3725,19.60097189876251,14.007013570517302,400,198.9235,154.0497004813467,103.77153696430965,0.8
drift-skew,stackexchange,LRU,200,4,20000,1.0,1.1,6,1,0.38865,0.0007719027402547279,7773,8.488940785173327,3.0537583108525723,0,198.63935,,,0.8
drift-skew,stackexchange,ARC,200,0,20000,1.0,1.1,6,1,0.4564,0.0006573181419807187,9128,16.407092532608658,10.521770635386929,400,198.59535,83.40007083553205,84.89158181539493,0.8
drift-skew,stackexchange,ARC,200,1,20000,1.0,1.1,6,1,0.4362,0.000343878954607978,8724,16.908323427196592,11.00597414188087,400,198.69615,80.33716913375015,89.61580565857402,0.8
drift-skew,stackexchange,ARC,200,2,20000,1.0,1.1,6,1,0.4418,0.0007922136713444998,8836,14.501938835019246,9.344482026062906,400,198.59975,88.48610651625287,91.59435725764604,0.8
drift-skew,stackexchange,ARC,200,3,20000,1.0,1.1,6,1,0.42735,0.000351000351000351,8547,16.182756004855037,10.53563246387057,400,198.8185,85.02143564233798,85.03136141878288,0.8
drift-skew,stackexchange,ARC,200,4,20000,1.0,1.1,6,1,0.4327,0.0009244280101687081,8654,17.01877056621015,11.072260403307155,400,198.63935,72.95362290980756,81.22990489265587,0.8
drift-skew,stackexchange,LFU,200,0,20000,1.0,1.1,6,1,0.2428,0.00020593080724876442,4856,8.25806024367921,2.973751915851608,0,198.59535,,,0.8
drift-skew,stackexchange,LFU,200,1,20000,1.0,1.1,6,1,0.2231,0.0017929179740026895,4462,8.037021243944764,2.9463551589287817,0,198.69615,,,0.8
drift-skew,stackexchange,LFU,200,2,20000,1.0,1.1,6,1,0.24385,0.0006151322534344885,4877,9.315439802594483,3.2565107219852507,0,198.59975,,,0.8
drift-skew,stackexchange,LFU,200,3,20000,1.0,1.1,6,1,0.2089,0.005026328386787937,4178,8.776293747359887,3.220123559003696,0,198.8185,,,0.8
drift-skew,stackexchange,LFU,200,4,20000,1.0,1.1,6,1,0.2228,0.0020197486535008975,4456,7.874725351575762,2.8486411552876234,0,198.63935,,,0.8
drift-skew,stackexchange,ARC-exact,200,0,20000,1.0,1.1,6,1,0.26915,0.0005573100501579045,5383,13.05856395047158,7.478859886759892,400,198.59535,0.0,0.0,0.8
drift-skew,stackexchange,LRU,200,0,20000,1.0,1.3,6,1,0.67915,0.0005153500699403667,13583,7.864207524107769,2.1476660447660834,0,197.7991,,,0.8
drift-skew,stackexchange,LRU,200,1,20000,1.0,1.3,6,1,0.66285,0.0,13257,6.596243957756087,1.7638882447499782,0,198.0375,,,0.8
drift-skew,stackexchange,LRU,200,2,20000,1.0,1.3,6,1,0.674,0.0002967359050445104,13480,6.999383342918009,1.9317627942655236,0,197.6514,,,0.8
drift-skew,stackexchange,LRU,200,3,20000,1.0,1.3,6,1,0.6391,7.823501799405414e-05,12782,6.694564392091706,1.833183824783191,0,198.4493,,,0.8
drift-skew,stackexchange,LRU,200,0,20000,1.0,1.6,6,1,0.88545,5.646846236376983e-05,17709,5.923729989444837,1.075054082321003,0,194.2883,,,0.8
drift-skew,stackexchange,LRU,200,1,20000,1.0,1.6,6,1,0.87395,0.0,17479,6.403761188266799,1.2218932155519724,0,195.15465,,,0.8
drift-skew,stackexchange,LRU,200,2,20000,1.0,1.6,6,1,0.8802,0.0,17604,6.121434457600117,1.1675197747536004,0,194.3685,,,0.8
drift-skew,stackexchange,LRU,200,3,20000,1.0,1.6,6,1,0.8569,0.0,17138,5.658872675849125,1.114099967526272,0,197.62225,,,0.8
drift-skew,stackexchange,LFU,200,2,20000,1.0,1.3,6,1,0.45845,0.0,9169,8.069789782166481,2.6383064163383096,0,197.6514,,,0.8
drift-skew,stackexchange,LFU,200,3,20000,1.0,1.3,6,1,0.39455,0.0,7891,7.357814890565351,2.4487505259457976,0,198.4493,,,0.8
drift-skew,stackexchange,LFU,200,4,20000,1.0,1.3,6,1,0.4064,0.00036909448818897637,8128,8.175628044409677,2.646144008031115,0,197.88975,,,0.8
drift-skew,stackexchange,ARC-exact,200,0,20000,1.0,1.3,6,1,0.50825,0.00039350713231677323,10165,9.73775961319916,4.8370233562309295,400,197.7991,0.0,0.0,0.8
drift-skew,stackexchange,ARC,200,3,20000,1.0,1.3,6,1,0.65835,7.5947444368497e-05,13167,12.546986632514745,7.109789410606027,400,198.4493,65.40188475468446,76.25441714768493,0.8
drift-skew,stackexchange,ARC,200,4,20000,1.0,1.3,6,1,0.67485,0.0,13497,11.032682773657143,5.9423166152555496,400,197.88975,54.74600584781119,68.92236404323933,0.8
drift-skew,stackexchange,LFU,200,0,20000,1.0,1.3,6,1,0.4509,0.00033266799733865603,9018,7.27670508204028,2.399668120779097,0,197.7991,,,0.8
drift-skew,stackexchange,LFU,200,1,20000,1.0,1.3,6,1,0.427,0.000117096018735363,8540,6.783389771590009,2.2332487220410258,0,198.0375,,,0.8
drift-skew,stackexchange,LRU,200,4,20000,1.0,1.3,6,1,0.6551,0.0,13102,7.613337400835007,2.070433594053611,0,197.88975,,,0.8
drift-skew,stackexchange,ARC,200,0,20000,1.0,1.3,6,1,0.6929,0.00036080242459229326,13858,10.327036347007379,5.3578508901409805,400,197.7991,78.4782688312855,75.89845557712317,0.8
drift-skew,stackexchange,ARC,200,1,20000,1.0,1.3,6,1,0.67715,0.0,13543,11.512565216980875,6.213624658994377,400,198.0375,59.11381638597977,79.3468662745358,0.8
drift-skew,stackexchange,ARC,200,2,20000,1.0,1.3,6,1,0.6895,0.000290065264684554,13790,9.520157752558589,5.032710696104914,400,197.6514,74.83473141531339,80.55811199626557,0.8
drift-skew,stackexchange,ARC-exact,200,1,20000,1.0,1.1,6,1,0.23665,0.001690259877456159,4733,14.71887065563351,8.60630040988326,400,198.69615,0.0,0.0,0.8
drift-skew,stackexchange,ARC-exact,200,2,20000,1.0,1.1,6,1,0.27945,0.0001789228842368939,5589,12.005376658635214,6.815260963048786,400,198.59975,0.0,0.0,0.8
drift-skew,stackexchange,ARC-exact,200,3,20000,1.0,1.1,6,1,0.2288,0.00043706293706293706,4576,13.597159291384742,7.9293857619632035,400,198.8185,0.0,0.0,0.8
drift-skew,stackexchange,ARC-exact,200,4,20000,1.0,1.1,6,1,0.2407,0.002077274615704196,4814,11.166241992032155,6.455523858312517,400,198.63935,0.0,0.0,0.8
drift-skew,stackexchange,LRU,200,4,20000,1.0,1.6,6,1,0.8748,0.0,17496,5.966451915446669,1.124480040743947,0,195.0071,,,0.8
drift-skew,stackexchange,ARC,200,0,20000,1.0,1.6,6,1,0.88195,5.6692556267362094e-05,17639,7.843318989034742,2.7300598623696715,400,194.2883,106.87835835636672,71.8551761898371,0.8
drift-skew,stackexchange,ARC,200,1,20000,1.0,1.6,6,1,0.87005,0.0,17401,7.276503992034122,2.691490831784904,400,195.15465,92.45002625154476,78.34809031249941,0.8
drift-skew,stackexchange,ARC,200,2,20000,1.0,1.6,6,1,0.8775,0.0,17550,5.762158875586465,1.9798774272203445,400,194.3685,97.10407263652314,76.559523989579,0.8
drift-skew,stackexchange,ARC,200,3,20000,1.0,1.6,6,1,0.8554,0.0017535655833528173,17108,8.545630919979885,3.360977047123015,400,197.62225,87.85612423137924,70.1461592180165,0.8
drift-skew,stackexchange,ARC,200,4,20000,1.0,1.6,6,1,0.8689,0.0,17378,7.375665300060064,2.724621520610526,400,195.0071,86.15919362804135,71.08294768195474,0.8
drift-skew,stackexchange,LFU,200,0,20000,1.0,1.6,6,1,0.71145,7.027900766041184e-05,14229,5.608273309189826,1.478838559705764,0,194.2883,,,0.8
drift-skew,stackexchange,LFU,200,1,20000,1.0,1.6,6,1,0.6369,0.0,12738,6.026310479501262,1.8071791215334088,0,195.15465,,,0.8
drift-skew,stackexchange,ARC-exact,200,1,20000,1.0,1.3,6,1,0.4642,0.00021542438604049978,9284,10.350902797654271,5.206860468024388,400,198.0375,0.0,0.0,0.8
drift-skew,stackexchange,ARC-exact,200,2,20000,1.0,1.3,6,1,0.501,0.0,10020,10.673937055980787,5.252181127434596,400,197.6514,0.0,0.0,0.8
drift-skew,stackexchange,ARC-exact,200,3,20000,1.0,1.3,6,1,0.47045,0.00010628122010840685,9409,9.791315731126815,4.97272937791422,400,198.4493,0.0,0.0,0.8
drift-skew,stackexchange,ARC-exact,200,4,20000,1.0,1.3,6,1,0.442,0.00033936651583710406,8840,9.173055680003017,4.8570957442279905,400,197.88975,0.0,0.0,0.8
drift-skew,stackexchange,LFU,200,2,20000,1.0,1.6,6,1,0.70005,0.0,14001,7.190758141223341,1.8679118948057294,0,194.3685,,,0.8
drift-skew,stackexchange,LFU,200,3,20000,1.0,1.6,6,1,0.5339,0.0028095148904289193,10678,6.763639312703162,2.120591717539355,0,197.62225,,,0.8
drift-skew,stackexchange,LFU,200,4,20000,1.0,1.6,6,1,0.60865,0.00016429803663846218,12173,5.565277731511742,1.6289679857436568,0,195.0071,,,0.8
drift-skew,stackexchange,ARC-exact,200,0,20000,1.0,1.6,6,1,0.72795,6.868603612885501e-05,14559,7.285551453242078,3.007609402993694,400,194.2883,0.0,0.0,0.8
drift-skew,stackexchange,ARC-exact,200,1,20000,1.0,1.6,6,1,0.71485,0.0,14297,8.563153451541439,3.4292691969312727,400,195.15465,0.0,0.0,0.8
drift-skew,stackexchange,ARC-exact,200,2,20000,1.0,1.6,6,1,0.72925,0.0,14585,7.6258278102613986,2.892836998216808,400,194.3685,0.0,0.0,0.8
drift-skew,stackexchange,ARC-exact,200,3,20000,1.0,1.6,6,1,0.6836,0.0021942656524283205,13672,7.473487820243463,3.142736409790814,400,197.62225,0.0,0.0,0.8
drift-skew,stackexchange,ARC-exact,200,4,20000,1.0,1.6,6,1,0.67655,7.390436774813391e-05,13531,7.895529712550342,3.611916449153796,400,195.0071,0.0,0.0,0.8
