experiment,corpus,policy,capacity,seed,n_queries,drift_rate,zipf_s,n_epochs,stride,hit_rate,false_hit_rate,n_hits,lat_mean_us,evict_us_per_req,policy_vectors,resident_mean,p_final,p_mean,tau
drift-capacity,quora,LRU,50,0,20000,0.0,1.1,6,1,0.39605,0.005681100871102134,7921,6.098782265326008,2.2758410894311965,0,49.92565,,,0.8
drift-capacity,quora,LRU,50,1,20000,0.0,1.1,6,1,0.3969,0.003653313177122701,7938,6.39742297353223,2.453096571844071,0,49.92535,,,0.8
drift-capacity,quora,LRU,50,2,20000,0.0,1.1,6,1,0.3986,0.0023833416959357753,7972,5.374970263801515,2.037665667012334,0,49.9214,,,0.8
drift-capacity,quora,LRU,50,3,20000,0.0,1.1,6,1,0.40495,0.00432152117545376,8099,5.406251264503226,2.0372855593450367,0,49.9112,,,0.8
drift-capacity,quora,LRU,50,4,20000,0.0,1.1,6,1,0.42375,0.0025958702064896753,8475,5.859757919097319,2.123483596369624,0,49.92875,,,0.8
drift-capacity,quora,LRU,100,0,20000,0.0,1.1,6,1,0.48755,0.005435339965131782,9751,6.392140622483566,2.149283530889079,0,99.69485,,,0.8
drift-capacity,quora,LRU,100,1,20000,0.0,1.1,6,1,0.49375,0.0058734177215189875,9875,5.742641258984804,1.8960689834784716,0,99.66735,,,0.8
drift-capacity,quora,LRU,100,2,20000,0.0,1.1,6,1,0.4868,0.004108463434675432,9736,5.52269690670073,1.8502982915379107,0,99.6473,,,0.8
drift-capacity,quora,LRU,100,3,20000,0.0,1.1,6,1,0.4931,0.007199351044412898,9862,6.22254922054708,2.0395145227666944,0,99.62585,,,0.8
drift-capacity,quora,LRU,100,4,20000,0.0,1.1,6,1,0.49695,0.0033202535466344703,9939,6.264517287490889,2.093663695268333,0,99.6628,,,0.8
drift-capacity,quora,LRU,200,0,20000,0.0,1.1,6,1,0.5685,0.008091468777484609,11370,6.248700752621517,1.6815900220535696,0,198.5176,,,0.8
drift-capacity,quora,LRU,200,1,20000,0.0,1.1,6,1,0.57645,0.0078064012490242,11529,6.435774208512157,1.716980239143595,0,198.30995,,,0.8
drift-capacity,quora,LRU,200,2,20000,0.0,1.1,6,1,0.5642,0.00576036866359447,11284,6.98339199880138,1.825062488205731,0,198.39145,,,0.8
drift-capacity,quora,LRU,200,3,20000,0.0,1.1,6,1,0.57575,0.00998697351280938,11515,7.127773540560156,1.9901856081560254,0,198.28805,,,0.8
drift-capacity,quora,LRU,200,4,20000,0.0,1.1,6,1,0.5709,0.005430022771063234,11418,6.681890931213275,1.7680506338365376,0,198.38545,,,0.8
drift-capacity,quora,LRU,400,0,20000,0.0,1.1,6,1,0.64295,0.025351893615366668,12859,8.467577199917287,1.6078513930551708,0,392.44145,,,0.8
drift-capacity,quora,LRU,400,1,20000,0.0,1.1,6,1,0.6491,0.010090895085503005,12982,8.745504810940474,1.774045662023127,0,391.84625,,,0.8
drift-capacity,quora,LRU,400,2,20000,0.0,1.1,6,1,0.6425,0.007159533073929961,12850,8.533253928180784,1.7750461003743112,0,392.3446,,,0.8
drift-capacity,quora,LRU,400,3,20000,0.0,1.1,6,1,0.65165,0.013350725082482928,13033,7.8537919267546386,1.5315841767005622,0,392.0577,,,0.8
drift-capacity,quora,LRU,400,4,20000,0.0,1.1,6,1,0.6477,0.007488034583912305,12954,8.280858484795317,1.6396941500715911,0,392.01965,,,0.8
drift-capacity,quora,ARC,50,2,20000,0.0,1.1,6,1,0.51185,0.0016606427664354793,10237,11.201669933507219,7.448518491582945,100,49.9214,0.0,1.9910270202020197,0.8
drift-capacity,quora,ARC,50,3,20000,0.0,1.1,6,1,0.5128,0.0062402496099844,10256,10.372361517511308,6.883628899231553,100,49.9112,5.0,2.4211888888889255,0.8
drift-capacity,quora,ARC,50,4,20000,0.0,1.1,6,1,0.5172,0.002223511214230472,10344,10.00389872933738,6.578678422374651,100,49.92875,5.0,2.760027815240307,0.8
drift-capacity,quora,ARC,100,0,20000,0.0,1.1,6,1,0.58055,0.02058392903281371,11611,9.998943173559383,6.101501418743283,200,99.69485,0.0,4.047122995337841,0.8
drift-capacity,quora,ARC,100,1,20000,0.0,1.1,6,1,0.59065,0.006348937611106408,11813,11.16734067327343,6.8160426744725555,200,99.66735,5.0,3.5630913197913223,0.8
drift-capacity,quora,ARC,100,2,20000,0.0,1.1,6,1,0.5744,0.002698467966573816,11488,10.366700013400987,6.443938158918172,200,99.6473,16.0,4.150035177322578,0.8
drift-capacity,quora,ARC,100,3,20000,0.0,1.1,6,1,0.5877,0.006976348477114174,11754,10.000163910444826,6.128971243742853,200,99.62585,3.0,4.441245919222592,0.8
drift-capacity,quora,ARC,100,4,20000,0.0,1.1,6,1,0.58655,0.002386838291705737,11731,10.441483039176092,6.415509065845981,200,99.6628,5.0,4.0156029810468645,0.8
drift-capacity,quora,ARC,200,0,20000,0.0,1.1,6,1,0.6432,0.024953358208955223,12864,11.542174173519015,6.2479775049723685,400,198.5176,5.0,9.429944394779517,0.8
drift-capacity,quora,ARC,200,1,20000,0.0,1.1,6,1,0.6455,0.008752904725019365,12910,10.634526121430099,5.757199588697404,400,198.30995,5.0,9.814310298727975,0.8
drift-capacity,quora,ARC,200,2,20000,0.0,1.1,6,1,0.6399,0.005782153461478356,12798,10.487172682769597,5.6882667588070035,400,198.39145,6.0,7.861518008255688,0.8
drift-capacity,quora,ARC,200,3,20000,0.0,1.1,6,1,0.64885,0.008630654234414734,12977,10.387958417413756,5.593568668700755,400,198.28805,0.0,10.302413843398872,0.8
drift-capacity,quora,LRU,800,0,20000,0.0,1.1,6,1,0.7143,0.025549489010219795,14286,11.555993114598095,1.6801898775156587,0,761.9068,,,0.8
drift-capacity,quora,LRU,800,1,20000,0.0,1.1,6,1,0.71665,0.01353519849298821,14333,12.053026724606752,1.5927765518426895,0,760.8724,,,0.8
drift-capacity,quora,LRU,800,2,20000,0.0,1.1,6,1,0.71725,0.013245033112582781,14345,12.031152989948168,1.5564525034278631,0,762.1383,,,0.8
drift-capacity,quora,LRU,800,3,20000,0.0,1.1,6,1,0.71605,0.01766636408072062,14321,11.827157787047327,1.5808009018655866,0,761.28265,,,0.8
drift-capacity,quora,ARC,200,4,20000,0.0,1.1,6,1,0.6516,0.004680785758133825,13032,10.973610094515607,5.997277650749311,400,198.38545,7.0,7.976574453357105,0.8
drift-capacity,quora,ARC,400,0,20000,0.0,1.1,6,1,0.6963,0.02132701421800948,13926,12.132087629288435,5.410814983770251,800,392.44145,3.8181818181818166,23.54162687017762,0.8
drift-capacity,quora,ARC,400,1,20000,0.0,1.1,6,1,0.7007,0.011631225916940203,14014,12.862185627454892,5.732647737022489,800,391.84625,15.0,18.61530760507543,0.8
drift-capacity,quora,ARC,400,2,20000,0.0,1.1,6,1,0.6983,0.008950307890591437,13966,12.068602087674662,5.438099207822233,800,392.3446,5.0,22.402403479601592,0.8
drift-capacity,quora,LRU,1600,3,20000,0.0,1.1,6,1,0.7753,0.02224945182509996,15506,17.057608242612332,1.549442979739979,0,1404.2375,,,0.8
drift-capacity,quora,LRU,1600,4,20000,0.0,1.1,6,1,0.7744,0.014721074380165289,15488,17.245207424275577,1.3231468328740448,0,1406.38625,,,0.8
drift-capacity,quora,ARC,50,0,20000,0.0,1.1,6,1,0.50915,0.005401158794068546,10183,10.170243860920891,6.763860187493265,100,49.92565,0.0,2.4282751893939523,0.8
drift-capacity,quora,ARC,50,1,20000,0.0,1.1,6,1,0.51595,0.0048454307587944565,10319,11.150885664392263,7.397049228893593,100,49.92535,2.0,2.1891452186702254,0.8
drift-capacity,quora,LFU,50,0,20000,0.0,1.1,6,1,0.5041,0.02281293394167824,10082,5.333539575804025,1.9384766870643944,0,49.92565,,,0.8
drift-capacity,quora,LFU,50,1,20000,0.0,1.1,6,1,0.50175,0.006975585450921774,10035,5.640073656104505,2.0017598930280656,0,49.92535,,,0.8
drift-capacity,quora,LFU,50,2,20000,0.0,1.1,6,1,0.50595,0.001581183911453701,10119,5.568373715505004,2.03960191574879,0,49.9214,,,0.8
drift-capacity,quora,LFU,50,3,20000,0.0,1.1,6,1,0.4976,0.006129421221864952,9952,6.103101588087156,2.2183075430803,0,49.9112,,,0.8
drift-capacity,quora,LFU,50,4,20000,0.0,1.1,6,1,0.51425,0.001652892561983471,10285,5.3474242449738085,1.9286045746412128,0,49.92875,,,0.8
drift-capacity,quora,LFU,100,0,20000,0.0,1.1,6,1,0.566,0.021378091872791518,11320,5.69884231663309,1.7910653143189847,0,99.69485,,,0.8
drift-capacity,quora,LFU,100,1,20000,0.0,1.1,6,1,0.5775,0.007792207792207792,11550,6.467823003185913,2.071055432315916,0,99.66735,,,0.8
drift-capacity,quora,LFU,100,2,20000,0.0,1.1,6,1,0.55935,0.0030392419772950745,11187,6.058166269212961,1.9069275818765163,0,99.6473,,,0.8
drift-capacity,quora,LRU,800,4,20000,0.0,1.1,6,1,0.71475,0.010772997551591466,14295,11.697941512102261,1.6868414008058608,0,761.22155,,,0.8
drift-capacity,quora,LRU,1600,0,20000,0.0,1.1,6,1,0.775,0.029419354838709676,15500,16.79320930270478,1.283579267328605,0,1412.89025,,,0.8
drift-capacity,quora,LRU,1600,1,20000,0.0,1.1,6,1,0.77475,0.016521458535011295,15495,17.371247621485963,1.370242633856833,0,1404.9394,,,0.8
drift-capacity,quora,LRU,1600,2,20000,0.0,1.1,6,1,0.77515,0.017738502225375735,15503,19.77194332284853,1.7347408866044134,0,1407.65895,,,0.8
drift-capacity,quora,LFU,100,3,20000,0.0,1.1,6,1,0.56945,0.00570726139257178,11389,6.2742662616074085,2.0297995943110436,0,99.62585,,,0.8
drift-capacity,quora,LFU,100,4,20000,0.0,1.1,6,1,0.5623,0.0035568202027387516,11246,6.078826286830008,1.9515568739734592,0,99.6628,,,0.8
drift-capacity,quora,LFU,200,0,20000,0.0,1.1,6,1,0.62905,0.02511724028296638,12581,6.765984738012776,1.7430946172680706,0,198.5176,,,0.8
drift-capacity,quora,LFU,200,1,20000,0.0,1.1,6,1,0.6305,0.009119746233148296,12610,7.257674331776798,1.8198280944488943,0,198.30995,,,0.8
drift-capacity,quora,LFU,200,2,20000,0.0,1.1,6,1,0.62235,0.005382823170241825,12447,6.955003790790215,1.8644045863766223,0,198.39145,,,0.8
drift-capacity,quora,LFU,200,3,20000,0.0,1.1,6,1,0.6322,0.007750711800063271,12644,7.361476484220475,1.981400669319555,0,198.28805,,,0.8
drift-capacity,quora,LFU,200,4,20000,0.0,1.1,6,1,0.63305,0.00529184108680199,12661,7.157301786355674,1.7892115691211075,0,198.38545,,,0.8
drift-capacity,quora,LFU,400,0,20000,0.0,1.1,6,1,0.68575,0.021946773605541377,13715,9.20814496348612,1.8710166041273624,0,392.44145,,,0.8
drift-capacity,quora,LFU,400,1,20000,0.0,1.1,6,1,0.68455,0.010298736396172669,13691,8.85629536351189,1.8408340285532176,0,391.84625,,,0.8
drift-capacity,quora,LFU,400,2,20000,0.0,1.1,6,1,0.68585,0.007508930524167092,13717,9.479072329122573,1.9546173978596926,0,392.3446,,,0.8
drift-capacity,quora,LFU,400,3,20000,0.0,1.1,6,1,0.69435,0.012673723626413192,13887,8.83857609005645,1.7449397826567292,0,392.0577,,,0.8
drift-capacity,quora,LFU,400,4,20000,0.0,1.1,6,1,0.691,0.008321273516642547,13820,8.486235211603343,1.558536576339975,0,392.01965,,,0.8
drift-capacity,quora,ARC,400,3,20000,0.0,1.1,6,1,0.70375,0.013570159857904085,14075,12.177845137193799,5.361709906719625,800,392.0577,8.0,27.717558507084988,0.8
drift-capacity,quora,ARC,400,4,20000,0.0,1.1,6,1,0.70405,0.009587387259427597,14081,12.799443781841546,5.7873080018907785,800,392.01965,4.0,20.91353090244008,0.8
drift-capacity,quora,ARC,800,0,20000,0.0,1.1,6,1,0.743,0.026716016150740242,14860,18.94731693319045,6.730142520973459,1600,761.9068,11.0,77.58390127514514,0.8
drift-capacity,quora,ARC,800,1,20000,0.0,1.1,6,1,0.74745,0.014181550605391665,14949,17.496954364469275,5.826482095289975,1600,760.8724,13.12416851441241,50.757966840745325,0.8
drift-capacity,quora,ARC-exact,50,2,20000,0.0,1.1,6,1,0.51905,0.002311916000385319,10381,8.613204472931102,4.699309397256002,100,49.9214,0.0,0.0,0.8
drift-capacity,quora,ARC-exact,50,3,20000,0.0,1.1,6,1,0.52905,0.003685851998865892,10581,7.994861190672964,4.307521792361513,100,49.9112,0.0,0.0,0.8
drift-capacity,quora,ARC-exact,50,4,20000,0.0,1.1,6,1,0.5242,0.0014307516215185045,10484,7.895917631685734,4.246398754185066,100,49.92875,0.0,0.0,0.8
drift-capacity,quora,ARC-exact,100,0,20000,0.0,1.1,6,1,0.58285,0.02076005833404821,11657,9.374274575384334,4.544643114786595,200,99.69485,0.0,0.0,0.8
drift-capacity,quora,ARC-exact,100,1,20000,0.0,1.1,6,1,0.59075,0.004655099449851883,11815,8.554059127345681,4.216202924726531,200,99.66735,0.0,0.0,0.8
drift-capacity,quora,ARC-exact,100,2,20000,0.0,1.1,6,1,0.58025,0.0035329599310641967,11605,7.6528578996658325,3.739559306995943,200,99.6473,0.0,0.0,0.8
drift-capacity,quora,ARC-exact,100,3,20000,0.0,1.1,6,1,0.58115,0.006280650434483352,11623,7.9710083024110645,3.9398533990606666,200,99.62585,0.0,0.0,0.8
drift-capacity,quora,ARC-exact,100,4,20000,0.0,1.1,6,1,0.58295,0.002487348829230637,11659,10.033361933892593,5.0857670372352,200,99.6628,0.0,0.0,0.8
drift-capacity,quora,ARC,800,2,20000,0.0,1.1,6,1,0.74875,0.014557595993322204,14975,15.533999382751063,5.1809532509651035,1600,762.1383,11.0,68.58845897161933,0.8
drift-capacity,quora,ARC,800,3,20000,0.0,1.1,6,1,0.74665,0.017678966048349294,14933,17.779495602007955,6.3991291099227965,1600,761.28265,26.0,70.10100724749168,0.8
drift-capacity,quora,ARC,800,4,20000,0.0,1.1,6,1,0.74705,0.011712736764607457,14941,17.82877919031307,6.100394605891779,1600,761.22155,16.0,69.64865375903833,0.8
drift-capacity,quora,ARC,1600,0,20000,0.0,1.1,6,1,0.7836,0.030500255232261356,15672,26.65630963165313,6.078135134885088,2956,1412.89025,174.33980819742877,132.33091110165392,0.8
drift-capacity,quora,LFU,800,0,20000,0.0,1.1,6,1,0.73975,0.026765799256505577,14795,13.668271439382806,2.080728078726679,0,761.9068,,,0.8
drift-capacity,quora,LFU,800,1,20000,0.0,1.1,6,1,0.7415,0.014227916385704652,14830,13.345457037212327,1.8854386929888278,0,760.8724,,,0.8
drift-capacity,quora,LFU,800,2,20000,0.0,1.1,6,1,0.73505,0.01367253928304197,14701,13.549677276751027,1.6989499679766595,0,762.1383,,,0.8
drift-capacity,quora,LFU,800,3,20000,0.0,1.1,6,1,0.73425,0.018249914879128363,14685,15.28125456534326,2.3242209281306714,0,761.28265,,,0.8
drift-capacity,quora,ARC-exact,200,0,20000,0.0,1.1,6,1,0.64025,0.024677860210855135,12805,9.940943075343966,4.28752611624077,397,198.5176,0.0,0.0,0.8
drift-capacity,quora,ARC-exact,200,1,20000,0.0,1.1,6,1,0.64125,0.007797270955165692,12825,8.788226050091907,3.6291305907070637,397,198.30995,0.0,0.0,0.8
drift-capacity,quora,ARC-exact,200,2,20000,0.0,1.1,6,1,0.6376,0.004469887076537014,12752,10.535176028497517,4.4452732836361974,397,198.39145,0.0,0.0,0.8
drift-capacity,quora,ARC-exact,200,3,20000,0.0,1.1,6,1,0.64735,0.007723797018614351,12947,9.285361150978133,3.930821124231443,398,198.28805,0.0,0.0,0.8
drift-capacity,quora,LFU,1600,3,20000,0.0,1.1,6,1,0.78245,0.022429548213943384,15649,20.90726286987774,2.0854212692938745,0,1404.2375,,,0.8
drift-capacity,quora,LFU,1600,4,20000,0.0,1.1,6,1,0.78245,0.014889130295865551,15649,23.042495833942667,2.1409186418168247,0,1406.38625,,,0.8
drift-capacity,quora,ARC-exact,50,0,20000,0.0,1.1,6,1,0.52315,0.02255567236930135,10463,8.06985346134752,4.454755812184885,100,49.92565,0.0,0.0,0.8
drift-capacity,quora,ARC-exact,50,1,20000,0.0,1.1,6,1,0.5228,0.004208110175975516,10456,8.180544874630868,4.450072237523273,100,49.92535,0.0,0.0,0.8
drift-capacity,quora,ARC-exact,200,4,20000,0.0,1.1,6,1,0.6459,0.005883263663105744,12918,8.974573452724144,3.7106882547959685,400,198.38545,0.0,0.0,0.8
drift-capacity,quora,ARC-exact,400,0,20000,0.0,1.1,6,1,0.69305,0.02214847413606522,13861,12.96939142048359,4.316814988851547,772,392.44145,0.0,0.0,0.8
drift-capacity,quora,ARC-exact,400,1,20000,0.0,1.1,6,1,0.69485,0.012664603871339138,13897,10.23254215833731,3.4493565966840833,766,391.84625,0.0,0.0,0.8
drift-capacity,quora,ARC-exact,400,2,20000,0.0,1.1,6,1,0.69255,0.007436286188722836,13851,10.789285256760195,3.6365060426760465,772,392.3446,0.0,0.0,0.8
drift-capacity,quora,ARC,1600,1,20000,0.0,1.1,6,1,0.783,0.017049808429118775,15660,20.862332172691822,4.743626376148313,2926,1404.9394,47.0,103.89077589285633,0.8
drift-capacity,quora,ARC,1600,2,20000,0.0,1.1,6,1,0.7847,0.017331464253854977,15694,26.39251427608542,5.906719877384603,2901,1407.65895,277.5586846394432,132.0112070065227,0.8
drift-capacity,quora,ARC,1600,3,20000,0.0,1.1,6,1,0.784,0.02225765306122449,15680,25.573171098949388,5.726627400144935,2896,1404.2375,285.7509881422925,122.70885691699365,0.8
drift-capacity,quora,ARC,1600,4,20000,0.0,1.1,6,1,0.78355,0.015187288622295961,15671,22.376968094613403,5.057323357323185,2900,1406.38625,339.14285714285717,117.34801428571106,0.8
drift-capacity,quora,LFU,800,4,20000,0.0,1.1,6,1,0.74135,0.01160045862278276,14827,13.891687616705894,2.1138775104191154,0,761.22155,,,0.8
drift-capacity,quora,LFU,1600,0,20000,0.0,1.1,6,1,0.78285,0.03021012965446765,15657,20.723335322691128,1.8246425606776029,0,1412.89025,,,0.8
drift-capacity,quora,LFU,1600,1,20000,0.0,1.1,6,1,0.78165,0.017015288172455702,15633,22.427331464132294,2.3618825420271605,0,1404.9394,,,0.8
drift-capacity,quora,LFU,1600,2,20000,0.0,1.1,6,1,0.78375,0.017416267942583732,15675,18.958194548031315,1.8241628829855472,0,1407.65895,,,0.8
drift-capacity,quora,LRU,50,0,20000,0.02,1.1,6,1,0.40185,0.0049769814607440585,8037,6.051307381130755,2.3018342442810535,0,49.92585,,,0.8
drift-capacity,quora,LRU,50,1,20000,0.02,1.1,6,1,0.39135,0.004471700523827776,7827,5.469541100319475,2.0737312268465757,0,49.92525,,,0.8
drift-capacity,quora,LRU,50,2,20000,0.02,1.1,6,1,0.3991,0.0037584565271861687,7982,6.37732480536215,2.3963137646205723,0,49.9203,,,0.8
drift-capacity,quora,LRU,50,3,20000,0.02,1.1,6,1,0.4069,0.004669451953797002,8138,5.683218006743118,2.183231234084815,0,49.90985,,,0.8
drift-capacity,quora,LRU,50,4,20000,0.02,1.1,6,1,0.4206,0.0024964336661911554,8412,5.319112841971219,2.033694868441671,0,49.92905,,,0.8
drift-capacity,quora,LRU,100,0,20000,0.02,1.1,6,1,0.48975,0.005615109749872384,9795,6.221793644363061,2.077932539395988,0,99.69325,,,0.8
drift-capacity,quora,LRU,100,1,20000,0.02,1.1,6,1,0.4875,0.004717948717948718,9750,6.102179165463895,2.043893246445805,0,99.66375,,,0.8
drift-capacity,quora,LRU,100,2,20000,0.02,1.1,6,1,0.4861,0.004731536720839333,9722,5.987295473460108,1.9702601945027711,0,99.64705,,,0.8
drift-capacity,quora,ARC-exact,400,3,20000,0.0,1.1,6,1,0.6983,0.0129600458255764,13966,10.911889863200486,3.4918309655040503,770,392.0577,0.0,0.0,0.8
drift-capacity,quora,ARC-exact,400,4,20000,0.0,1.1,6,1,0.6951,0.008559919436052367,13902,13.380680262343958,4.800115118268877,763,392.01965,0.0,0.0,0.8
drift-capacity,quora,ARC-exact,800,0,20000,0.0,1.1,6,1,0.74105,0.026988732204304703,14821,14.503835939103737,3.4619551384821534,1460,761.9068,0.0,0.0,0.8
drift-capacity,quora,ARC-exact,800,1,20000,0.0,1.1,6,1,0.74145,0.01436374671252276,14829,14.713899069465697,3.3140641928184777,1448,760.8724,0.0,0.0,0.8
drift-capacity,quora,LRU,100,3,20000,0.02,1.1,6,1,0.4917,0.007524913565182021,9834,5.799433827633038,1.9136396702378988,0,99.6269,,,0.8
drift-capacity,quora,LRU,100,4,20000,0.02,1.1,6,1,0.4937,0.0033421105934778204,9874,6.407676491653547,2.125805034302175,0,99.6664,,,0.8
drift-capacity,quora,LRU,200,0,20000,0.02,1.1,6,1,0.5697,0.017114270668773038,11394,6.931406387593597,1.8019036040641367,0,198.4987,,,0.8
drift-capacity,quora,LRU,200,1,20000,0.02,1.1,6,1,0.57385,0.006534808747930644,11477,6.468123145168647,1.7370628076605499,0,198.3121,,,0.8
drift-capacity,quora,LRU,200,2,20000,0.02,1.1,6,1,0.5641,0.005052295692253146,11282,6.892553245415911,1.8306525307707489,0,198.40605,,,0.8
drift-capacity,quora,LRU,200,3,20000,0.02,1.1,6,1,0.5753,0.009907874152616026,11506,7.30004888609983,2.047462377231568,0,198.28655,,,0.8
drift-capacity,quora,LRU,200,4,20000,0.02,1.1,6,1,0.57175,0.005596851770878881,11435,7.111295236973092,1.8851039407309145,0,198.38595,,,0.8
drift-capacity,quora,LRU,400,0,20000,0.02,1.1,6,1,0.64415,0.025149421718543816,12883,8.623127138707787,1.7028706963174045,0,392.27005,,,0.8
drift-capacity,quora,LRU,400,1,20000,0.02,1.1,6,1,0.6475,0.007799227799227799,12950,8.603590173879638,1.6966751660220325,0,391.9209,,,0.8
drift-capacity,quora,LRU,400,2,20000,0.02,1.1,6,1,0.64275,0.007701283547257876,12855,8.962476812303066,1.7950503097381443,0,392.394,,,0.8
drift-capacity,quora,LRU,400,3,20000,0.02,1.1,6,1,0.64725,0.010119737350328312,12945,9.050758532248437,1.7035174299962819,0,392.0541,,,0.8
drift-capacity,quora,LRU,400,4,20000,0.02,1.1,6,1,0.646,0.00781733746130031,12920,9.904350864235312,2.0810442976653576,0,392.12375,,,0.8
drift-capacity,quora,ARC-exact,800,2,20000,0.0,1.1,6,1,0.74335,0.01372166543351046,14867,17.384436953580007,4.258737643249333,1465,762.1383,0.0,0.0,0.8
drift-capacity,quora,ARC-exact,800,3,20000,0.0,1.1,6,1,0.74105,0.017407732271776534,14821,14.193752151913941,3.304562414996326,1434,761.28265,0.0,0.0,0.8
drift-capacity,quora,ARC-exact,800,4,20000,0.0,1.1,6,1,0.74145,0.011733764920089014,14829,14.829192846082151,3.4171116771176457,1430,761.22155,0.0,0.0,0.8
drift-capacity,quora,ARC-exact,1600,0,20000,0.0,1.1,6,1,0.7828,0.030148185998978026,15656,23.608389048604295,3.5595897352322936,2652,1412.89025,0.0,0.0,0.8
drift-capacity,quora,ARC,50,2,20000,0.02,1.1,6,1,0.4997,0.0020012007204322593,9994,10.390986240236089,6.966380280209705,100,49.9203,1.0,2.5898309163059285,0.8
drift-capacity,quora,ARC,50,3,20000,0.02,1.1,6,1,0.51515,0.007473551392798214,10303,11.619139992399141,7.787587918573991,100,49.90985,5.0,2.583853434343418,0.8
drift-capacity,quora,ARC,50,4,20000,0.02,1.1,6,1,0.5134,0.0021425788858589795,10268,11.880405299598351,7.90535068954341,100,49.92905,1.0,2.6173231665556402,0.8
drift-capacity,quora,ARC,100,0,20000,0.02,1.1,6,1,0.57965,0.02259984473389114,11593,10.294039297150448,6.273864768445492,200,99.69325,8.0,4.042530002913706,0.8
drift-capacity,quora,LRU,800,0,20000,0.02,1.1,6,1,0.7123,0.02667415414853292,14246,12.822065886575729,1.6490951064042747,0,761.2463,,,0.8
drift-capacity,quora,LRU,800,1,20000,0.02,1.1,6,1,0.71235,0.013125570295500807,14247,13.209001458017156,1.7915141710545868,0,760.94795,,,0.8
drift-capacity,quora,LRU,800,2,20000,0.02,1.1,6,1,0.71555,0.012158479491300398,14311,14.858031913172454,1.9687988969963042,0,762.00945,,,0.8
drift-capacity,quora,LRU,800,3,20000,0.02,1.1,6,1,0.7133,0.013879153231459414,14266,12.826244009193033,1.6597795009147376,0,761.5394,,,0.8
drift-capacity,quora,ARC,100,1,20000,0.02,1.1,6,1,0.58345,0.006770074556517268,11669,9.982191433664411,6.113266356987879,200,99.66375,3.0,4.212854736097113,0.8
drift-capacity,quora,ARC,100,2,20000,0.02,1.1,6,1,0.57645,0.003729725041200451,11529,11.951463867444545,7.425588869955391,200,99.64705,2.0,3.829672383449886,0.8
drift-capacity,quora,ARC,100,3,20000,0.02,1.1,6,1,0.5858,0.005804028678729942,11716,11.856461723800749,7.33823012560606,200,99.6269,4.0,4.388368207405221,0.8
drift-capacity,quora,ARC,100,4,20000,0.02,1.1,6,1,0.58305,0.0034302375439499186,11661,10.91360694845207,6.73713309224695,200,99.6664,5.666666666666667,4.329572043152921,0.8
drift-capacity,quora,ARC-exact,1600,1,20000,0.0,1.1,6,1,0.7816,0.01701637666325486,15632,23.232767410809174,3.645776241319254,2627,1404.9394,0.0,0.0,0.8
drift-capacity,quora,ARC-exact,1600,2,20000,0.0,1.1,6,1,0.78375,0.017416267942583732,15675,21.303860959596932,3.1735605851281434,2622,1407.65895,0.0,0.0,0.8
drift-capacity,quora,ARC-exact,1600,3,20000,0.0,1.1,6,1,0.78275,0.022484829128074098,15655,23.361061711329967,3.573320579016581,2625,1404.2375,0.0,0.0,0.8
drift-capacity,quora,ARC-exact,1600,4,20000,0.0,1.1,6,1,0.7824,0.01495398773006135,15648,21.916221012361348,3.5212363582104445,2602,1406.38625,0.0,0.0,0.8
drift-capacity,quora,ARC,200,0,20000,0.02,1.1,6,1,0.64125,0.027446393762183236,12825,11.625741398893297,6.308043951867148,400,198.4987,9.0,11.373204745702038,0.8
drift-capacity,quora,ARC,200,1,20000,0.02,1.1,6,1,0.64585,0.008593326623829063,12917,12.29758919798769,6.700943800387904,400,198.3121,2.0,10.163370495200498,0.8
drift-capacity,quora,ARC,200,2,20000,0.02,1.1,6,1,0.63885,0.005948188150583079,12777,11.474985931999981,6.251884554512799,400,198.40605,2.0,8.357741711480259,0.8
drift-capacity,quora,ARC,200,3,20000,0.02,1.1,6,1,0.6456,0.0080545229244114,12912,12.317605916177854,6.916908320272341,400,198.28655,2.0,11.40187648831873,0.8
drift-capacity,quora,LFU,50,0,20000,0.02,1.1,6,1,0.4576,0.017263986013986012,9152,6.391399062704295,2.3986420303117484,0,49.92585,,,0.8
drift-capacity,quora,LFU,50,1,20000,0.02,1.1,6,1,0.471,0.00435244161358811,9420,5.534859636100009,2.0471244351938367,0,49.92525,,,0.8
drift-capacity,quora,LFU,50,2,20000,0.02,1.1,6,1,0.49055,0.002752013046580369,9811,6.507258949568495,2.4033119436353445,0,49.9203,,,0.8
drift-capacity,quora,LFU,50,3,20000,0.02,1.1,6,1,0.4978,0.00622740056247489,9956,6.478170526679605,2.4339690629858524,0,49.90985,,,0.8
drift-capacity,quora,LRU,1600,3,20000,0.02,1.1,6,1,0.76975,0.02169535563494641,15395,18.650907842675224,1.4057454362045974,0,1405.9307,,,0.8
drift-capacity,quora,LRU,1600,4,20000,0.02,1.1,6,1,0.77215,0.016577089943663796,15443,22.490687866229564,2.016856853151694,0,1407.3159,,,0.8
drift-capacity,quora,ARC,50,0,20000,0.02,1.1,6,1,0.5061,0.002963841138114997,10122,10.598564799875021,7.034768519224599,100,49.92585,1.0,2.304313636363644,0.8
drift-capacity,quora,ARC,50,1,20000,0.02,1.1,6,1,0.50995,0.00303951367781155,10199,12.571709760231897,8.468483213800937,100,49.92525,3.0,2.101848502885993,0.8
drift-capacity,quora,ARC,200,4,20000,0.02,1.1,6,1,0.6452,0.005192188468691878,12904,12.526180705754086,6.897562742233276,400,198.38595,2.0,11.038745803806156,0.8
drift-capacity,quora,ARC,400,0,20000,0.02,1.1,6,1,0.69535,0.023800963543539225,13907,14.704184414586052,6.818960228702053,800,392.27005,5.818181818181817,23.368365303445106,0.8
drift-capacity,quora,ARC,400,1,20000,0.02,1.1,6,1,0.69655,0.011485176943507286,13931,14.190576557302848,6.638779130298644,800,391.9209,7.0,26.11258767569102,0.8
drift-capacity,quora,ARC,400,2,20000,0.02,1.1,6,1,0.6983,0.008520693111843048,13966,16.070410067914054,7.7677265799138695,800,392.394,14.0,18.4098425113203,0.8
drift-capacity,quora,LRU,800,4,20000,0.02,1.1,6,1,0.71215,0.011022958646352594,14243,12.773058318998665,1.5721352014224976,0,761.3812,,,0.8
drift-capacity,quora,LRU,1600,0,20000,0.02,1.1,6,1,0.77345,0.030124765660352965,15469,22.41544032585807,1.9169501145370305,0,1410.5918,,,0.8
drift-capacity,quora,LRU,1600,1,20000,0.02,1.1,6,1,0.77015,0.015841069921443875,15403,19.88232405274175,1.6604907112196088,0,1406.4268,,,0.8
drift-capacity,quora,LRU,1600,2,20000,0.02,1.1,6,1,0.7741,0.015695646557292338,15482,22.213624679716304,2.1093459974508733,0,1406.52075,,,0.8
drift-capacity,quora,ARC,400,3,20000,0.02,1.1,6,1,0.69725,0.012047328791681607,13945,14.14034451590851,6.501443812157959,800,392.0541,6.0,26.635781184138263,0.8
drift-capacity,quora,ARC,400,4,20000,0.02,1.1,6,1,0.6981,0.009454232917920068,13962,14.860952412709594,6.888172612525523,800,392.12375,16.0,25.81366024242834,0.8
drift-capacity,quora,ARC,800,0,20000,0.02,1.1,6,1,0.7419,0.02769915082895269,14838,18.268711323617026,6.6665364254731685,1600,761.2463,7.0,59.54865307096482,0.8
drift-capacity,quora,ARC,800,1,20000,0.02,1.1,6,1,0.74125,0.01403035413153457,14825,20.33535412629135,7.563426106935367,1600,760.94795,11.664136622390892,49.88714601125334,0.8
drift-capacity,quora,LFU,50,4,20000,0.02,1.1,6,1,0.4939,0.003948167645272322,9878,6.507447914918885,2.368989522801712,0,49.92905,,,0.8
drift-capacity,quora,LFU,100,0,20000,0.02,1.1,6,1,0.5489,0.023228274731280744,10978,6.805297016398981,2.2575936804059893,0,99.69325,,,0.8
drift-capacity,quora,LFU,100,1,20000,0.02,1.1,6,1,0.5527,0.006694409263614981,11054,7.110122963786125,2.3165628605056554,0,99.66375,,,0.8
drift-capacity,quora,LFU,100,2,20000,0.02,1.1,6,1,0.55185,0.004077194889915738,11037,6.534994917456061,2.1845522336661816,0,99.64705,,,0.8
drift-capacity,quora,LFU,100,3,20000,0.02,1.1,6,1,0.5607,0.0055288032816122705,11214,6.9195950869470835,2.3416813230141997,0,99.6269,,,0.8
drift-capacity,quora,LFU,100,4,20000,0.02,1.1,6,1,0.5587,0.003132271344191874,11174,6.725244945846498,2.230565412901342,0,99.6664,,,0.8
drift-capacity,quora,LFU,200,0,20000,0.02,1.1,6,1,0.62005,0.028868639625836627,12401,8.780513395322487,2.3548641882371157,0,198.4987,,,0.8
drift-capacity,quora,LFU,200,1,20000,0.02,1.1,6,1,0.61235,0.006450559320649955,12247,7.335539994528517,1.9210234633646905,0,198.3121,,,0.8
drift-capacity,quora,LFU,200,2,20000,0.02,1.1,6,1,0.6172,0.007939079714841219,12344,7.677147345384583,2.1475019690115005,0,198.40605,,,0.8
drift-capacity,quora,LFU,200,3,20000,0.02,1.1,6,1,0.61785,0.00873998543335761,12357,8.392839366570115,2.2683878953102976,0,198.28655,,,0.8
drift-capacity,quora,LFU,200,4,20000,0.02,1.1,6,1,0.62085,0.007489731819280019,12417,7.709751493530348,2.079376741312444,0,198.38595,,,0.8
drift-capacity,quora,LFU,400,0,20000,0.02,1.1,6,1,0.6758,0.023749630068067476,13516,9.213683981215581,1.7982025572564453,0,392.27005,,,0.8
drift-capacity,quora,LFU,400,1,20000,0.02,1.1,6,1,0.66675,0.009448818897637795,13335,10.385893424972892,2.2494218486826867,0,391.9209,,,0.8
drift-capacity,quora,LFU,400,2,20000,0.02,1.1,6,1,0.68405,0.008040347927783057,13681,10.464250924997032,2.2827467299066484,0,392.394,,,0.8
drift-capacity,quora,LFU,400,3,20000,0.02,1.1,6,1,0.68015,0.013011835624494596,13603,9.437113959575072,1.876615226501599,0,392.0541,,,0.8
drift-capacity,quora,LFU,400,4,20000,0.02,1.1,6,1,0.6808,0.00932726204465335,13616,9.474051656434312,1.7583369219209999,0,392.12375,,,0.8
drift-capacity,quora,ARC,800,2,20000,0.02,1.1,6,1,0.7472,0.012781049250535331,14944,20.130442443769425,7.202618510928005,1600,762.00945,31.0,53.78180261474627,0.8
drift-capacity,quora,ARC,800,3,20000,0.02,1.1,6,1,0.74255,0.015823850245774696,14851,17.414120450848714,6.173009757185355,1600,761.5394,23.487179487179485,79.75539566966924,0.8
drift-capacity,quora,ARC,800,4,20000,0.02,1.1,6,1,0.7399,0.012096229220164886,14798,20.58471700293012,7.794756145449355,1600,761.3812,12.0,64.92099458148802,0.8
drift-capacity,quora,ARC,1600,0,20000,0.02,1.1,6,1,0.78215,0.030365019497538837,15643,25.275903282454237,5.631643091328442,2986,1410.5918,241.9492330579456,128.8787299026077,0.8
drift-capacity,quora,ARC-exact,50,2,20000,0.02,1.1,6,1,0.507,0.0021696252465483235,10140,9.507225209381431,5.266083270544186,100,49.9203,0.0,0.0,0.8
drift-capacity,quora,ARC-exact,50,3,20000,0.02,1.1,6,1,0.52035,0.0050927260497741905,10407,7.8104466665536165,4.296143795363605,100,49.90985,0.0,0.0,0.8
drift-capacity,quora,ARC-exact,50,4,20000,0.02,1.1,6,1,0.51595,0.002325806764221339,10319,8.281949913362041,4.595742904348299,100,49.92905,0.0,0.0,0.8
drift-capacity,quora,ARC-exact,100,0,20000,0.02,1.1,6,1,0.5712,0.025560224089635854,11424,10.16524265287444,5.240781762404367,200,99.69325,0.0,0.0,0.8
drift-capacity,quora,ARC-exact,100,1,20000,0.02,1.1,6,1,0.5722,0.003670045438657812,11444,8.787659538211301,4.387796332594007,200,99.66375,0.0,0.0,0.8
drift-capacity,quora,ARC-exact,100,2,20000,0.02,1.1,6,1,0.5695,0.0025460930640913084,11390,8.279132522875443,4.057441878831014,200,99.64705,0.0,0.0,0.8
drift-capacity,quora,ARC-exact,100,3,20000,0.02,1.1,6,1,0.56625,0.006004415011037528,11325,9.735570813063532,4.912299138959497,200,99.6269,0.0,0.0,0.8
drift-capacity,quora,ARC-exact,100,4,20000,0.02,1.1,6,1,0.5711,0.002714060584836281,11422,9.155518404440954,4.680370265850797,200,99.6664,0.0,0.0,0.8
drift-capacity,quora,LFU,800,0,20000,0.02,1.1,6,1,0.7371,0.02665852665852666,14742,15.576937707373872,2.477774163708091,0,761.2463,,,0.8
drift-capacity,quora,LFU,800,1,20000,0.02,1.1,6,1,0.72395,0.01367497755369846,14479,13.842367427423596,1.90902870381251,0,760.94795,,,0.8
drift-capacity,quora,LFU,800,2,20000,0.02,1.1,6,1,0.735,0.013333333333333334,14700,14.548853994347155,1.9726666272617877,0,762.00945,,,0.8
drift-capacity,quora,LFU,800,3,20000,0.02,1.1,6,1,0.7252,0.01799503585217871,14504,13.061885925708339,1.9526551768649372,0,761.5394,,,0.8
drift-capacity,quora,ARC-exact,200,0,20000,0.02,1.1,6,1,0.63355,0.026832925578091707,12671,8.803877129685134,3.643001680029556,400,198.4987,0.0,0.0,0.8
drift-capacity,quora,ARC-exact,200,1,20000,0.02,1.1,6,1,0.62615,0.007027070190848838,12523,9.536351426504552,4.081844794563949,399,198.3121,0.0,0.0,0.8
drift-capacity,quora,ARC-exact,200,2,20000,0.02,1.1,6,1,0.6374,0.006667712582365861,12748,10.511909308843315,4.601147922221571,399,198.40605,0.0,0.0,0.8
drift-capacity,quora,ARC-exact,200,3,20000,0.02,1.1,6,1,0.63245,0.01067278045695312,12649,9.526863612700254,4.093455907423049,399,198.28655,0.0,0.0,0.8
drift-capacity,quora,ARC,1600,1,20000,0.02,1.1,6,1,0.7779,0.016454557141020697,15558,25.67274410976097,6.034351023845375,2963,1406.4268,332.20984326630446,137.27187833456932,0.8
drift-capacity,quora,ARC,1600,2,20000,0.02,1.1,6,1,0.78225,0.015851709811441354,15645,26.820480410242453,6.943893636344001,2912,1406.52075,356.48250860889664,121.93397531369403,0.8
drift-capacity,quora,ARC,1600,3,20000,0.02,1.1,6,1,0.77915,0.02246037348392479,15583,25.465760502265766,5.821954901330173,2913,1405.9307,315.21230769230766,125.64676323078098,0.8
drift-capacity,quora,ARC,1600,4,20000,0.02,1.1,6,1,0.7804,0.0156970784213224,15608,24.894734285771847,5.980551685206592,2985,1407.3159,276.4423951462525,123.42823683707032,0.8
drift-capacity,quora,LFU,1600,3,20000,0.02,1.1,6,1,0.77805,0.022363601310969733,15561,22.0288960787002,2.31477664783597,0,1405.9307,,,0.8
drift-capacity,quora,LFU,1600,4,20000,0.02,1.1,6,1,0.77945,0.01597280133427417,15589,20.901839417638257,2.0739233994390815,0,1407.3159,,,0.8
drift-capacity,quora,ARC-exact,50,0,20000,0.02,1.1,6,1,0.51765,0.00251134936733314,10353,8.767471060855314,4.763390956213698,100,49.92585,0.0,0.0,0.8
drift-capacity,quora,ARC-exact,50,1,20000,0.02,1.1,6,1,0.5124,0.004586260733801717,10248,9.053604217479005,4.98878542566672,100,49.92525,0.0,0.0,0.8
drift-capacity,quora,ARC-exact,200,4,20000,0.02,1.1,6,1,0.63425,0.0037051635790303506,12685,8.867962029762566,3.7046539888251573,400,198.38595,0.0,0.0,0.8
drift-capacity,quora,ARC-exact,400,0,20000,0.02,1.1,6,1,0.68855,0.025343112337520877,13771,11.808616615599021,3.898390335962176,783,392.27005,0.0,0.0,0.8
drift-capacity,quora,ARC-exact,400,1,20000,0.02,1.1,6,1,0.6839,0.010381634741921334,13678,11.448123352602124,3.9839028788264845,773,391.9209,0.0,0.0,0.8
drift-capacity,quora,ARC-exact,400,2,20000,0.02,1.1,6,1,0.69335,0.008509410831470398,13867,11.196247715270147,3.966135805239901,776,392.394,0.0,0.0,0.8
drift-capacity,quora,LRU,50,0,20000,0.05,1.1,6,1,0.40205,0.004974505658500186,8041,6.889662670437247,2.6915488997474313,0,49.92565,,,0.8
drift-capacity,quora,LRU,50,1,20000,0.05,1.1,6,1,0.39395,0.003680670135804036,7879,6.106981757329777,2.331812755437568,0,49.92685,,,0.8
drift-capacity,quora,LRU,50,2,20000,0.05,1.1,6,1,0.3974,0.0027679919476597888,7948,6.382946687517688,2.5008535478264093,0,49.9214,,,0.8
drift-capacity,quora,LRU,50,3,20000,0.05,1.1,6,1,0.4012,0.00423728813559322,8024,6.676702760159969,2.56953788921237,0,49.90915,,,0.8
drift-capacity,quora,LFU,800,4,20000,0.02,1.1,6,1,0.72405,0.012706304813203508,14481,15.234133042395115,2.383457770338282,0,761.3812,,,0.8
drift-capacity,quora,LFU,1600,0,20000,0.02,1.1,6,1,0.78105,0.02874335829972473,15621,20.311978843528777,1.8821318226400763,0,1410.5918,,,0.8
drift-capacity,quora,LFU,1600,1,20000,0.02,1.1,6,1,0.77705,0.016665594234605237,15541,20.643097668653354,2.3045209236443043,0,1406.4268,,,0.8
drift-capacity,quora,LFU,1600,2,20000,0.02,1.1,6,1,0.7817,0.01605475246258155,15634,20.348025229759514,2.038207044824958,0,1406.52075,,,0.8
drift-capacity,quora,ARC-exact,400,3,20000,0.02,1.1,6,1,0.6897,0.012469189502682325,13794,11.116483074147254,3.5798364493530244,775,392.0541,0.0,0.0,0.8
drift-capacity,quora,ARC-exact,400,4,20000,0.02,1.1,6,1,0.6909,0.008684324793747287,13818,12.332573381718248,4.343824106035754,777,392.12375,0.0,0.0,0.8
drift-capacity,quora,ARC-exact,800,0,20000,0.02,1.1,6,1,0.7385,0.027555856465809072,14770,14.724677748745307,3.6433571891393512,1476,761.2463,0.0,0.0,0.8
drift-capacity,quora,ARC-exact,800,1,20000,0.02,1.1,6,1,0.736,0.013858695652173913,14720,15.139312349492684,3.4737068170215935,1461,760.94795,0.0,0.0,0.8
drift-capacity,quora,LRU,50,4,20000,0.05,1.1,6,1,0.4142,0.0021728633510381457,8284,5.451821011956781,2.064143883762881,0,49.92875,,,0.8
drift-capacity,quora,LRU,100,0,20000,0.05,1.1,6,1,0.49215,0.0072132479934979175,9843,6.844962324248627,2.328590682009235,0,99.69125,,,0.8
drift-capacity,quora,LRU,100,1,20000,0.05,1.1,6,1,0.49115,0.005293698462791408,9823,6.553428340703249,2.1940145757980645,0,99.66895,,,0.8
drift-capacity,quora,LRU,100,2,20000,0.05,1.1,6,1,0.4789,0.003027771977448319,9578,5.846490239491686,1.913689787033945,0,99.64905,,,0.8
drift-capacity,quora,LRU,100,3,20000,0.05,1.1,6,1,0.4901,0.006121199755152009,9802,6.486713752383366,2.198439626954496,0,99.61855,,,0.8
drift-capacity,quora,LRU,100,4,20000,0.05,1.1,6,1,0.48845,0.003173303306377316,9769,6.729397608432919,2.2668588091619313,0,99.6628,,,0.8
drift-capacity,quora,LRU,200,0,20000,0.05,1.1,6,1,0.57115,0.019609559660334414,11423,6.817106815287843,1.7526337411254644,0,198.4791,,,0.8
drift-capacity,quora,LRU,200,1,20000,0.05,1.1,6,1,0.57295,0.00785408848939698,11459,6.642337335506454,1.7394185182638466,0,198.28715,,,0.8
drift-capacity,quora,LRU,200,2,20000,0.05,1.1,6,1,0.5631,0.005594033031433138,11262,7.535822369391099,2.1534149593207985,0,198.40705,,,0.8
drift-capacity,quora,LRU,200,3,20000,0.05,1.1,6,1,0.5726,0.007858889276982186,11452,7.314094889443368,1.9049211230594665,0,198.27745,,,0.8
drift-capacity,quora,LRU,200,4,20000,0.05,1.1,6,1,0.5672,0.005994358251057828,11344,6.870239274576306,1.8115758430212736,0,198.3825,,,0.8
drift-capacity,quora,LRU,400,0,20000,0.05,1.1,6,1,0.6427,0.03493076085265287,12854,9.173832857050002,1.8111465964466333,0,392.38405,,,0.8
drift-capacity,quora,ARC-exact,800,2,20000,0.02,1.1,6,1,0.74305,0.012583271650629163,14861,16.1877571081277,3.804803395178169,1466,762.00945,0.0,0.0,0.8
drift-capacity,quora,ARC-exact,800,3,20000,0.02,1.1,6,1,0.73645,0.015411772693326092,14729,15.037883556215093,3.6812566919252276,1457,761.5394,0.0,0.0,0.8
drift-capacity,quora,ARC-exact,800,4,20000,0.02,1.1,6,1,0.7365,0.010930074677528852,14730,15.320336003787816,3.6858832754660398,1458,761.3812,0.0,0.0,0.8
drift-capacity,quora,ARC-exact,1600,0,20000,0.02,1.1,6,1,0.7814,0.029946250319938573,15628,23.97405300871469,3.4067321161273867,2678,1410.5918,0.0,0.0,0.8
drift-capacity,quora,LRU,400,1,20000,0.05,1.1,6,1,0.64695,0.011592858798979828,12939,9.41735472297296,1.93129675462842,0,391.80755,,,0.8
drift-capacity,quora,LRU,400,2,20000,0.05,1.1,6,1,0.64465,0.00845419995346312,12893,8.684599539265037,1.6520850884262472,0,392.49795,,,0.8
drift-capacity,quora,LRU,400,3,20000,0.05,1.1,6,1,0.6485,0.01071703932151118,12970,9.741994692012668,1.9137043796945363,0,392.0435,,,0.8
drift-capacity,quora,LRU,400,4,20000,0.05,1.1,6,1,0.6463,0.0071174377224199285,12926,9.6702981274575,1.8349145946558565,0,392.0415,,,0.8
drift-capacity,quora,ARC,50,2,20000,0.05,1.1,6,1,0.5057,0.0018785841407949378,10114,10.88844095938839,7.219312485540286,100,49.9214,3.0,2.4333600524475685,0.8
drift-capacity,quora,ARC,50,3,20000,0.05,1.1,6,1,0.5149,0.005535055350553505,10298,11.0428465239238,7.29205027455464,100,49.90915,1.0,2.345620752164509,0.8
drift-capacity,quora,ARC,50,4,20000,0.05,1.1,6,1,0.50845,0.002950142590225194,10169,10.995998815633357,7.290830399142578,100,49.92875,3.0,2.23748836580088,0.8
drift-capacity,quora,ARC,100,0,20000,0.05,1.1,6,1,0.57945,0.035378376046250756,11589,13.117285334737971,7.986544870072976,200,99.69125,1.0,4.832871668039792,0.8
drift-capacity,quora,LRU,800,0,20000,0.05,1.1,6,1,0.71035,0.03737594143731963,14207,13.83033205056563,1.7533167556393892,0,761.75645,,,0.8
drift-capacity,quora,LRU,800,1,20000,0.05,1.1,6,1,0.71435,0.015258626723594876,14287,12.617323047015816,1.6658729873597622,0,760.7375,,,0.8
drift-capacity,quora,LRU,800,2,20000,0.05,1.1,6,1,0.71665,0.012558431591432358,14333,13.22826195973903,1.742309471592307,0,762.47935,,,0.8
drift-capacity,quora,LRU,800,3,20000,0.05,1.1,6,1,0.71405,0.015195014354737062,14281,14.868863503215834,2.4181780114304274,0,761.5157,,,0.8
drift-capacity,quora,ARC-exact,1600,1,20000,0.02,1.1,6,1,0.777,0.016666666666666666,15540,22.17150711803697,3.720449545653537,2648,1406.4268,0.0,0.0,0.8
drift-capacity,quora,ARC-exact,1600,2,20000,0.02,1.1,6,1,0.7818,0.015988743924277307,15636,21.798856952227652,3.314183681504801,2650,1406.52075,0.0,0.0,0.8
drift-capacity,quora,ARC-exact,1600,3,20000,0.02,1.1,6,1,0.7784,0.022353545734840698,15568,23.325985204428434,3.306702134432271,2637,1405.9307,0.0,0.0,0.8
drift-capacity,quora,ARC-exact,1600,4,20000,0.02,1.1,6,1,0.77965,0.015840441223625986,15593,22.80618817312643,3.899057360831648,2648,1407.3159,0.0,0.0,0.8
drift-capacity,quora,ARC,100,1,20000,0.05,1.1,6,1,0.58475,0.00572894399315947,11695,10.892475652508438,6.616969965398312,200,99.66895,9.0,3.8227421264846067,0.8
drift-capacity,quora,ARC,100,2,20000,0.05,1.1,6,1,0.5748,0.0033924843423799585,11496,11.306829762179404,6.98405466391705,200,99.64905,4.0,4.617972464822812,0.8
drift-capacity,quora,ARC,100,3,20000,0.05,1.1,6,1,0.58205,0.006442745468602354,11641,10.85800944129005,6.635539338458329,200,99.61855,2.0,4.304649338602554,0.8
drift-capacity,quora,ARC,100,4,20000,0.05,1.1,6,1,0.57925,0.0020716443677168753,11585,12.082802096847445,7.428525557043031,200,99.6628,11.0,4.693990598290718,0.8
drift-capacity,quora,ARC,200,0,20000,0.05,1.1,6,1,0.64145,0.039519837867331827,12829,11.729232966899872,6.325166410533711,400,198.4791,0.0,9.5340584447072,0.8
drift-capacity,quora,ARC,200,1,20000,0.05,1.1,6,1,0.64335,0.011735447268205487,12867,11.988548806402832,6.400398589903489,400,198.28715,9.0,10.563788319059332,0.8
drift-capacity,quora,ARC,200,2,20000,0.05,1.1,6,1,0.6389,0.00657379871654406,12778,13.608715252485126,7.143861195072532,400,198.40705,1.0,10.422706234807535,0.8
drift-capacity,quora,ARC,200,3,20000,0.05,1.1,6,1,0.6424,0.009184308841843089,12848,10.723271366441622,5.844443268142641,400,198.27745,3.0,11.639092168253228,0.8
drift-capacity,quora,LRU,1600,3,20000,0.05,1.1,6,1,0.76875,0.019252032520325202,15375,20.36920923856087,1.5259399369824678,0,1406.45285,,,0.8
drift-capacity,quora,LRU,1600,4,20000,0.05,1.1,6,1,0.7663,0.022184523032754797,15326,20.746600959682837,1.6307285870425403,0,1406.79985,,,0.8
drift-capacity,quora,ARC,50,0,20000,0.05,1.1,6,1,0.512,0.02255859375,10240,12.597443658160046,8.788328984519467,100,49.92565,0.0,2.5775340634365786,0.8
drift-capacity,quora,ARC,50,1,20000,0.05,1.1,6,1,0.51085,0.00753645884310463,10217,10.682607343187556,7.114949991228059,100,49.92685,0.0,2.592719119769135,0.8
drift-capacity,quora,LFU,50,0,20000,0.05,1.1,6,1,0.40795,0.026473832577521755,8159,5.888193397549912,2.251318492926657,0,49.92565,,,0.8
drift-capacity,quora,LFU,50,1,20000,0.05,1.1,6,1,0.49565,0.007666700292545143,9913,7.782652688911185,2.853877900633961,0,49.92685,,,0.8
drift-capacity,quora,LFU,50,2,20000,0.05,1.1,6,1,0.4757,0.001997056968677738,9514,5.397394270403311,1.981686451472342,0,49.9214,,,0.8
drift-capacity,quora,LFU,50,3,20000,0.05,1.1,6,1,0.4844,0.004541701073492981,9688,5.477808462455869,1.9976339302957058,0,49.90915,,,0.8
drift-capacity,quora,ARC,200,4,20000,0.05,1.1,6,1,0.6439,0.006600403789408293,12878,11.486347223399207,6.20721000013873,400,198.3825,3.0,9.317912940901593,0.8
drift-capacity,quora,ARC,400,0,20000,0.05,1.1,6,1,0.6924,0.035600808781051416,13848,13.936662423657253,6.332922546425834,800,392.38405,9.0,20.673314811424262,0.8
drift-capacity,quora,ARC,400,1,20000,0.05,1.1,6,1,0.6962,0.015081873024992818,13924,15.437433955958113,6.8764241703320295,800,391.80755,7.0,28.924742603220214,0.8
drift-capacity,quora,ARC,400,2,20000,0.05,1.1,6,1,0.6955,0.011214953271028037,13910,13.478242320707068,6.217916321475059,800,392.49795,14.0,22.514729264389704,0.8
drift-capacity,quora,LRU,800,4,20000,0.05,1.1,6,1,0.7112,0.01033464566929134,14224,13.582066557137296,1.698927051620558,0,761.1403,,,0.8
drift-capacity,quora,LRU,1600,0,20000,0.05,1.1,6,1,0.7704,0.03997923156801662,15408,20.160846470389515,1.591532095335424,0,1412.57115,,,0.8
drift-capacity,quora,LRU,1600,1,20000,0.05,1.1,6,1,0.76945,0.017869907076483203,15389,21.80073766503483,1.7610485956538469,0,1408.3337,,,0.8
drift-capacity,quora,LRU,1600,2,20000,0.05,1.1,6,1,0.7709,0.015695939810610973,15418,17.988724156748503,1.5675391012337059,0,1406.9234,,,0.8
drift-capacity,quora,LFU,50,4,20000,0.05,1.1,6,1,0.4254,0.0014104372355430183,8508,5.881987727480009,2.2166034672409296,0,49.92875,,,0.8
drift-capacity,quora,LFU,100,0,20000,0.05,1.1,6,1,0.5452,0.021918561995597947,10904,5.826107476605102,1.8844040168914944,0,99.69125,,,0.8
drift-capacity,quora,LFU,100,1,20000,0.05,1.1,6,1,0.54915,0.008922880815806247,10983,6.56667297007516,2.0346809818875045,0,99.66895,,,0.8
drift-capacity,quora,LFU,100,2,20000,0.05,1.1,6,1,0.54395,0.00367680853019579,10879,6.347279570763931,2.0355411688797176,0,99.64905,,,0.8
drift-capacity,quora,LFU,100,3,20000,0.05,1.1,6,1,0.5498,0.005092761004001455,10996,5.751783965388313,1.8887298298068345,0,99.61855,,,0.8
drift-capacity,quora,LFU,100,4,20000,0.05,1.1,6,1,0.5332,0.0023443360840210052,10664,5.816826777299866,1.8559589341748506,0,99.6628,,,0.8
drift-capacity,quora,LFU,200,0,20000,0.05,1.1,6,1,0.61455,0.027743877634041167,12291,7.485221000388265,1.9632180337794123,0,198.4791,,,0.8
drift-capacity,quora,LFU,200,1,20000,0.05,1.1,6,1,0.62375,0.009779559118236473,12475,6.836465804371983,1.73756162985228,0,198.28715,,,0.8
drift-capacity,quora,ARC,400,3,20000,0.05,1.1,6,1,0.6961,0.00948139635109898,13922,14.037066861055791,6.316275807330385,800,392.0435,9.0,26.187737631625634,0.8
drift-capacity,quora,ARC,400,4,20000,0.05,1.1,6,1,0.698,0.006303724928366762,13960,13.652060233289376,6.142857583472505,800,392.0415,14.0,18.873303836040744,0.8
drift-capacity,quora,ARC,800,0,20000,0.05,1.1,6,1,0.73965,0.03792334212127357,14793,17.03708117129281,5.87613369571045,1600,761.75645,7.0,48.11018614137586,0.8
drift-capacity,quora,ARC,800,1,20000,0.05,1.1,6,1,0.73665,0.015611212923369307,14733,18.031603179406375,6.270756357116625,1600,760.7375,4.0,97.58417640233539,0.8
drift-capacity,quora,LFU,200,2,20000,0.05,1.1,6,1,0.6167,0.006405059185989947,12334,6.748331495327875,1.770276774186641,0,198.40705,,,0.8
drift-capacity,quora,LFU,200,3,20000,0.05,1.1,6,1,0.60705,0.009554402438019933,12141,7.377345720306039,1.9126884348224849,0,198.27745,,,0.8
drift-capacity,quora,LFU,200,4,20000,0.05,1.1,6,1,0.6092,0.0041037426132632965,12184,6.6709394683130085,1.7119613010436296,0,198.3825,,,0.8
drift-capacity,quora,LFU,400,0,20000,0.05,1.1,6,1,0.66855,0.03013985490987959,13371,9.309746918734163,1.8240119563415647,0,392.38405,,,0.8
drift-capacity,quora,LFU,400,1,20000,0.05,1.1,6,1,0.6767,0.010713757942958474,13534,8.754379115998745,1.7872456228360534,0,391.80755,,,0.8
drift-capacity,quora,LFU,400,2,20000,0.05,1.1,6,1,0.67305,0.018423594086620608,13461,9.051160234957933,1.8189614871516824,0,392.49795,,,0.8
drift-capacity,quora,LFU,400,3,20000,0.05,1.1,6,1,0.66765,0.00943608177937542,13353,8.673362631816417,1.7209657758940011,0,392.0435,,,0.8
drift-capacity,quora,LFU,400,4,20000,0.05,1.1,6,1,0.6728,0.00758026159334126,13456,10.070580680621788,2.1162615215871483,0,392.0415,,,0.8
drift-capacity,quora,ARC,800,2,20000,0.05,1.1,6,1,0.74325,0.013252606794483687,14865,18.054152053082362,6.223516119644046,1600,762.47935,1.0,49.851728124437415,0.8
drift-capacity,quora,ARC,800,3,20000,0.05,1.1,6,1,0.73955,0.01568521398147522,14791,18.160376214655116,6.5874224179424345,1600,761.5157,5.0,63.052560722014434,0.8
drift-capacity,quora,ARC,800,4,20000,0.05,1.1,6,1,0.7382,0.011446762395014902,14764,17.930746730417013,6.509661383461207,1600,761.1403,6.0,77.61522178815659,0.8
drift-capacity,quora,ARC,1600,0,20000,0.05,1.1,6,1,0.77925,0.04145011228745589,15585,26.32184441317804,6.239283416653052,2957,1412.57115,368.9357488155723,136.99896977712592,0.8
drift-capacity,quora,ARC-exact,50,2,20000,0.05,1.1,6,1,0.49845,0.0020062192797672784,9969,8.333709352882579,4.723547445610166,100,49.9214,0.0,0.0,0.8
drift-capacity,quora,ARC-exact,50,3,20000,0.05,1.1,6,1,0.50075,0.0037943085371942085,10015,8.082658937200904,4.5143738214392215,100,49.90915,0.0,0.0,0.8
drift-capacity,quora,ARC-exact,50,4,20000,0.05,1.1,6,1,0.50485,0.0013865504605328316,10097,8.810813492164016,4.972422972787172,100,49.92875,0.0,0.0,0.8
drift-capacity,quora,ARC-exact,100,0,20000,0.05,1.1,6,1,0.5605,0.02167707404103479,11210,9.233806631527841,4.689891607267782,200,99.69125,0.0,0.0,0.8
drift-capacity,quora,ARC-exact,100,1,20000,0.05,1.1,6,1,0.571,0.005166374781085815,11420,8.217141375644132,4.081586882239208,200,99.66895,0.0,0.0,0.8
drift-capacity,quora,ARC-exact,100,2,20000,0.05,1.1,6,1,0.5589,0.00322061191626409,11178,8.268241712357849,4.134224192239344,200,99.64905,0.0,0.0,0.8
drift-capacity,quora,ARC-exact,100,3,20000,0.05,1.1,6,1,0.5516,0.0051667875271936186,11032,9.970073285512626,5.111987196141854,200,99.61855,0.0,0.0,0.8
drift-capacity,quora,ARC-exact,100,4,20000,0.05,1.1,6,1,0.55595,0.0016188506160625955,11119,10.040188312996179,5.205958185251802,200,99.6628,0.0,0.0,0.8
drift-capacity,quora,LFU,800,0,20000,0.05,1.1,6,1,0.73155,0.03847993985373522,14631,13.685340993106365,2.025237155612558,0,761.75645,,,0.8
drift-capacity,quora,LFU,800,1,20000,0.05,1.1,6,1,0.71875,0.014469565217391305,14375,12.506501958705485,1.7164373479317874,0,760.7375,,,0.8
drift-capacity,quora,LFU,800,2,20000,0.05,1.1,6,1,0.7244,0.021189950303699613,14488,14.68240492977202,2.318592119263485,0,762.47935,,,0.8
drift-capacity,quora,LFU,800,3,20000,0.05,1.1,6,1,0.71865,0.014402003757044458,14373,14.017088955733925,2.1995948685798794,0,761.5157,,,0.8
drift-capacity,quora,ARC-exact,200,0,20000,0.05,1.1,6,1,0.62725,0.02702271821442806,12545,9.197875496465713,3.8547135831322517,400,198.4791,0.0,0.0,0.8
drift-capacity,quora,ARC-exact,200,1,20000,0.05,1.1,6,1,0.62955,0.008895242633627194,12591,10.518117825267836,4.597114730859175,398,198.28715,0.0,0.0,0.8
drift-capacity,quora,ARC-exact,200,2,20000,0.05,1.1,6,1,0.63005,0.004523450519800016,12601,10.600686486577615,4.782753542531282,400,198.40705,0.0,0.0,0.8
drift-capacity,quora,ARC-exact,200,3,20000,0.05,1.1,6,1,0.6241,0.007931421246595098,12482,8.893127460032701,3.8333311153110117,400,198.27745,0.0,0.0,0.8
drift-capacity,quora,LFU,1600,3,20000,0.05,1.1,6,1,0.77635,0.02054485734526953,15527,19.7753774584271,1.8924836127553135,0,1406.45285,,,0.8
drift-capacity,quora,LFU,1600,4,20000,0.05,1.1,6,1,0.77355,0.022622972012151767,15471,23.58638066216372,2.5149431137833744,0,1406.79985,,,0.8
drift-capacity,quora,ARC-exact,50,0,20000,0.05,1.1,6,1,0.51325,0.022795908426692647,10265,8.969171071657911,4.943874559830874,100,49.92565,0.0,0.0,0.8
drift-capacity,quora,ARC-exact,50,1,20000,0.05,1.1,6,1,0.51465,0.0052462838822500725,10293,7.927937514614314,4.363605671096593,100,49.92685,0.0,0.0,0.8
drift-capacity,quora,ARC,1600,1,20000,0.05,1.1,6,1,0.77655,0.01777090979331659,15531,25.42927414760925,6.665745470672846,2939,1408.3337,282.7156725097372,128.34350580568403,0.8
drift-capacity,quora,ARC,1600,2,20000,0.05,1.1,6,1,0.7786,0.024659645517595686,15572,23.885078582679853,5.7204007636755705,2938,1406.9234,344.6967981130411,120.4383580285043,0.8
drift-capacity,quora,ARC,1600,3,20000,0.05,1.1,6,1,0.77755,0.020641759372387627,15551,27.157083293423057,6.583215709542856,2933,1406.45285,356.8347173634608,119.31276696163582,0.8
drift-capacity,quora,ARC,1600,4,20000,0.05,1.1,6,1,0.7748,0.023038203407330923,15496,24.34887794079259,5.750233371509239,2970,1406.79985,201.42598162071846,122.20800968253775,0.8
drift-capacity,quora,ARC-exact,200,4,20000,0.05,1.1,6,1,0.631,0.003961965134706815,12620,9.607290686108172,4.059572238475084,400,198.3825,0.0,0.0,0.8
drift-capacity,quora,ARC-exact,400,0,20000,0.05,1.1,6,1,0.68145,0.036539731454985694,13629,12.744590680813417,4.506198450690135,785,392.38405,0.0,0.0,0.8
drift-capacity,quora,ARC-exact,400,1,20000,0.05,1.1,6,1,0.6836,0.010020479812755998,13672,11.491655930876732,4.023590631550178,775,391.80755,0.0,0.0,0.8
drift-capacity,quora,ARC-exact,400,2,20000,0.05,1.1,6,1,0.6839,0.016084222839596433,13678,10.287724260706455,3.5198667261283845,786,392.49795,0.0,0.0,0.8
drift-capacity,quora,LRU,50,0,20000,0.1,1.1,6,1,0.3995,0.001501877346683354,7990,6.4915822993498296,2.529802481876686,0,49.9264,,,0.8
drift-capacity,quora,LRU,50,1,20000,0.1,1.1,6,1,0.41275,0.0036341611144760752,8255,5.926178873050958,2.2586419130675495,0,49.9231,,,0.8
drift-capacity,quora,LRU,50,2,20000,0.1,1.1,6,1,0.3949,0.0024056723221068626,7898,5.685752793215215,2.1785784047096968,0,49.92135,,,0.8
drift-capacity,quora,LRU,50,3,20000,0.1,1.1,6,1,0.4018,0.004604280736684918,8036,6.236463756067678,2.405584807274863,0,49.90965,,,0.8
drift-capacity,quora,LRU,50,4,20000,0.1,1.1,6,1,0.40745,0.002208859982819978,8149,6.582645449088886,2.56101906998083,0,49.92905,,,0.8
drift-capacity,quora,LRU,100,0,20000,0.1,1.1,6,1,0.4901,0.0023464599061416035,9802,6.601968366885558,2.1885763213504106,0,99.6949,,,0.8
drift-capacity,quora,LRU,100,1,20000,0.1,1.1,6,1,0.4961,0.004535375932271719,9922,5.919920152518898,1.931933267042041,0,99.6612,,,0.8
drift-capacity,quora,LRU,100,2,20000,0.1,1.1,6,1,0.48,0.0026041666666666665,9600,7.274256803793833,2.537447860231623,0,99.64855,,,0.8
drift-capacity,quora,ARC-exact,400,3,20000,0.05,1.1,6,1,0.68605,0.009838933022374463,13721,11.549304815707728,3.950889740372076,780,392.0435,0.0,0.0,0.8
drift-capacity,quora,ARC-exact,400,4,20000,0.05,1.1,6,1,0.68635,0.00859619727544256,13727,12.602309882640839,4.489794158143923,778,392.0415,0.0,0.0,0.8
drift-capacity,quora,ARC-exact,800,0,20000,0.05,1.1,6,1,0.7346,0.0383882384971413,14692,14.758031960809603,3.6045066197402775,1479,761.75645,0.0,0.0,0.8
drift-capacity,quora,ARC-exact,800,1,20000,0.05,1.1,6,1,0.73125,0.014564102564102564,14625,16.979422647273168,4.183727188501507,1468,760.7375,0.0,0.0,0.8
drift-capacity,quora,LFU,800,4,20000,0.05,1.1,6,1,0.72115,0.011301393607432573,14423,13.792630314128473,1.9493438012432307,0,761.1403,,,0.8
drift-capacity,quora,LFU,1600,0,20000,0.05,1.1,6,1,0.7779,0.04139349530788019,15558,22.211688052630052,2.201492025051266,0,1412.57115,,,0.8
drift-capacity,quora,LFU,1600,1,20000,0.05,1.1,6,1,0.77475,0.01794127137786383,15495,21.76092451554723,2.3421648831572384,0,1408.3337,,,0.8
drift-capacity,quora,LFU,1600,2,20000,0.05,1.1,6,1,0.7781,0.024868268860043695,15562,21.433083357987925,2.1259901113808155,0,1406.9234,,,0.8
drift-capacity,quora,LRU,100,3,20000,0.1,1.1,6,1,0.48635,0.008841369384188343,9727,6.638451921753585,2.189975103829056,0,99.626,,,0.8
drift-capacity,quora,LRU,100,4,20000,0.1,1.1,6,1,0.48475,0.002784940691077875,9695,6.181017769267783,2.029652416240424,0,99.6664,,,0.8
drift-capacity,quora,LRU,200,0,20000,0.1,1.1,6,1,0.5667,0.005999647079583554,11334,8.125460002338514,2.1779922652058303,0,198.4724,,,0.8
drift-capacity,quora,LRU,200,1,20000,0.1,1.1,6,1,0.57355,0.007322814052828873,11471,7.86536336527206,2.1914473734796047,0,198.2749,,,0.8
drift-capacity,quora,LRU,200,2,20000,0.1,1.1,6,1,0.55635,0.004583445672688056,11127,7.127589953597635,1.9418243784457447,0,198.40625,,,0.8
drift-capacity,quora,LRU,200,3,20000,0.1,1.1,6,1,0.56955,0.011675884470195769,11391,7.870534138055518,2.1415349445305765,0,198.27405,,,0.8
drift-capacity,quora,LRU,200,4,20000,0.1,1.1,6,1,0.5615,0.007123775601068566,11230,8.14556919503957,2.240949618862942,0,198.4043,,,0.8
drift-capacity,quora,LRU,400,0,20000,0.1,1.1,6,1,0.6392,0.011029411764705883,12784,9.088192309718579,1.751238206634298,0,392.2702,,,0.8
drift-capacity,quora,ARC-exact,800,2,20000,0.05,1.1,6,1,0.7392,0.022118506493506492,14784,16.890218300977722,4.3429801997262985,1486,762.47935,0.0,0.0,0.8
drift-capacity,quora,ARC-exact,800,3,20000,0.05,1.1,6,1,0.7328,0.01535207423580786,14656,15.378431434510276,3.7508302833884954,1471,761.5157,0.0,0.0,0.8
drift-capacity,quora,ARC-exact,800,4,20000,0.05,1.1,6,1,0.7343,0.010894729674519951,14686,16.654031060170382,4.16296799085103,1469,761.1403,0.0,0.0,0.8
drift-capacity,quora,ARC-exact,1600,0,20000,0.05,1.1,6,1,0.77825,0.04131063283006746,15565,24.248769466066733,4.079860058845952,2684,1412.57115,0.0,0.0,0.8
drift-capacity,quora,LRU,400,1,20000,0.1,1.1,6,1,0.64565,0.01246805544799814,12913,9.817126888083294,2.034019574057311,0,391.80265,,,0.8
drift-capacity,quora,LRU,400,2,20000,0.1,1.1,6,1,0.63235,0.007037242033683878,12647,11.085880594328046,2.938566287048161,0,392.43615,,,0.8
drift-capacity,quora,LRU,400,3,20000,0.1,1.1,6,1,0.6441,0.01327433628318584,12882,8.69784934911877,1.7107274266891181,0,392.00325,,,0.8
drift-capacity,quora,LRU,400,4,20000,0.1,1.1,6,1,0.6382,0.006816045126919461,12764,9.487572405487299,1.959351671393961,0,392.18005,,,0.8
drift-capacity,quora,ARC,50,2,20000,0.1,1.1,6,1,0.49665,0.0028188865398167725,9933,13.266485009808093,8.904810680542141,100,49.92135,4.0,2.2915438455988575,0.8
drift-capacity,quora,ARC,50,3,20000,0.1,1.1,6,1,0.51325,0.005163175840233804,10265,10.844470566371456,7.167841773480177,100,49.90965,0.0,2.9565360392385327,0.8
drift-capacity,quora,ARC,50,4,20000,0.1,1.1,6,1,0.505,0.0014851485148514852,10100,11.998961435165256,8.103872527135536,100,49.92905,4.0,2.560578674103661,0.8
drift-capacity,quora,ARC,100,0,20000,0.1,1.1,6,1,0.5765,0.007198612315698179,11530,13.025405356893316,8.134223986417055,200,99.6949,0.0,4.473364110725971,0.8
drift-capacity,quora,LRU,800,0,20000,0.1,1.1,6,1,0.70515,0.016804935120187194,14103,14.83069765381515,2.1907610818743706,0,761.47525,,,0.8
drift-capacity,quora,LRU,800,1,20000,0.1,1.1,6,1,0.71135,0.013565755254094328,14227,13.871008274145424,1.9063336949329823,0,760.70665,,,0.8
drift-capacity,quora,LRU,800,2,20000,0.1,1.1,6,1,0.70485,0.01291054834361921,14097,15.275804768316448,2.2588745574466884,0,762.1975,,,0.8
drift-capacity,quora,LRU,800,3,20000,0.1,1.1,6,1,0.7089,0.015305402736634222,14178,14.967454405268654,2.2898927330970764,0,761.52305,,,0.8
drift-capacity,quora,ARC,100,1,20000,0.1,1.1,6,1,0.5852,0.002819548872180451,11704,13.292001461377367,8.344087249133736,200,99.6612,1.6044891640866865,4.744244923944212,0.8
drift-capacity,quora,ARC,100,2,20000,0.1,1.1,6,1,0.5673,0.0028203772254539045,11346,11.292378167854622,7.056947838282213,200,99.64855,0.0,4.204068583916095,0.8
drift-capacity,quora,ARC,100,3,20000,0.1,1.1,6,1,0.57835,0.011584680556756289,11567,13.03038167534396,8.301572658820078,200,99.626,11.0,4.590714083751195,0.8
drift-capacity,quora,ARC,100,4,20000,0.1,1.1,6,1,0.57105,0.002539182208212941,11421,12.371468567289412,7.803084148326888,200,99.6664,8.0,4.500112123293487,0.8
drift-capacity,quora,ARC-exact,1600,1,20000,0.05,1.1,6,1,0.77495,0.017807600490354215,15499,23.695114580914378,4.069098923355341,2659,1408.3337,0.0,0.0,0.8
drift-capacity,quora,ARC-exact,1600,2,20000,0.05,1.1,6,1,0.77805,0.024805603752972173,15561,23.05933470488526,3.8101998099591583,2655,1406.9234,0.0,0.0,0.8
drift-capacity,quora,ARC-exact,1600,3,20000,0.05,1.1,6,1,0.7767,0.020599974250032186,15534,23.675779800396413,3.6161083437036723,2666,1406.45285,0.0,0.0,0.8
drift-capacity,quora,ARC-exact,1600,4,20000,0.05,1.1,6,1,0.77445,0.022725805410291174,15489,24.57856929395348,4.171999491518363,2659,1406.79985,0.0,0.0,0.8
drift-capacity,quora,ARC,200,0,20000,0.1,1.1,6,1,0.633,0.01627172195892575,12660,12.6258222036995,6.971892103319988,400,198.4724,9.0,11.732365170392514,0.8
drift-capacity,quora,ARC,200,1,20000,0.1,1.1,6,1,0.63795,0.00532957128301591,12759,12.34079758869484,6.773587450152263,400,198.2749,3.0,14.191214360204016,0.8
drift-capacity,quora,ARC,200,2,20000,0.1,1.1,6,1,0.6309,0.00451735615786971,12618,13.490767031908035,7.639341911999509,400,198.40625,3.0,8.873645427293251,0.8
drift-capacity,quora,ARC,200,3,20000,0.1,1.1,6,1,0.6342,0.009303058971933145,12684,11.516729410504922,6.352750421501696,400,198.27405,8.0,12.912861782978538,0.8
drift-capacity,quora,LFU,50,0,20000,0.1,1.1,6,1,0.4684,0.008112724167378309,9368,6.647623394383118,2.5209692015778273,0,49.9264,,,0.8
drift-capacity,quora,LFU,50,1,20000,0.1,1.1,6,1,0.44945,0.002447435754811436,8989,7.142512348946184,2.7657466067466885,0,49.9231,,,0.8
drift-capacity,quora,LFU,50,2,20000,0.1,1.1,6,1,0.46485,0.0018285468430676562,9297,5.692330916645005,2.12066134554334,0,49.92135,,,0.8
drift-capacity,quora,LFU,50,3,20000,0.1,1.1,6,1,0.47445,0.005058488776478028,9489,5.593321146443486,2.0848120388109237,0,49.90965,,,0.8
drift-capacity,quora,LRU,1600,3,20000,0.1,1.1,6,1,0.7618,0.01982147545287477,15236,22.33331230818294,2.0150975498836488,0,1408.4117,,,0.8
drift-capacity,quora,LRU,1600,4,20000,0.1,1.1,6,1,0.76245,0.015673158895665288,15249,22.662193136056885,2.088581962743774,0,1407.94345,,,0.8
drift-capacity,quora,ARC,50,0,20000,0.1,1.1,6,1,0.50815,0.009052445144150349,10163,12.653897266136482,8.523731399327517,100,49.9264,2.0,2.4236155122655334,0.8
drift-capacity,quora,ARC,50,1,20000,0.1,1.1,6,1,0.51765,0.0028011204481792717,10353,10.455558024113998,6.909891887335107,100,49.9231,0.0,2.432267994505475,0.8
drift-capacity,quora,ARC,200,4,20000,0.1,1.1,6,1,0.63175,0.006015037593984963,12635,12.560590798966587,6.79787935805507,400,198.4043,5.0,11.201547682639882,0.8
drift-capacity,quora,ARC,400,0,20000,0.1,1.1,6,1,0.68635,0.015516864573468347,13727,15.684266178868711,7.301986304810271,800,392.2702,5.0,20.14577690386951,0.8
drift-capacity,quora,ARC,400,1,20000,0.1,1.1,6,1,0.69035,0.01035706525675382,13807,15.69081805064343,7.431855809409171,800,391.80265,14.0,28.9581237050819,0.8
drift-capacity,quora,ARC,400,2,20000,0.1,1.1,6,1,0.68425,0.010084033613445379,13685,13.207111693918705,6.073266110615805,800,392.43615,9.333333333333334,28.61637826855001,0.8
drift-capacity,quora,LRU,800,4,20000,0.1,1.1,6,1,0.7085,0.010232886379675371,14170,14.455311727942899,2.0707348303403705,0,761.4922,,,0.8
drift-capacity,quora,LRU,1600,0,20000,0.1,1.1,6,1,0.7639,0.022319675350176725,15278,21.599086635978892,1.6676890081726015,0,1413.9854,,,0.8
drift-capacity,quora,LRU,1600,1,20000,0.1,1.1,6,1,0.7669,0.01662537488590429,15338,23.017368064029142,2.07102905260399,0,1404.848,,,0.8
drift-capacity,quora,LRU,1600,2,20000,0.1,1.1,6,1,0.7595,0.01652402896642528,15190,19.64685051352717,1.5638954646419734,0,1410.94315,,,0.8
drift-capacity,quora,ARC,400,3,20000,0.1,1.1,6,1,0.6856,0.013491831971995332,13712,14.750585943693295,6.5448601671960205,800,392.00325,19.0,36.76679464881544,0.8
drift-capacity,quora,ARC,400,4,20000,0.1,1.1,6,1,0.68755,0.00865391607883063,13751,15.86904174182564,7.537419971777126,800,392.18005,1.0,26.362571279834373,0.8
drift-capacity,quora,ARC,800,0,20000,0.1,1.1,6,1,0.72905,0.018311501268774434,14581,18.135200918186456,6.63476501358673,1600,761.47525,19.119022529890987,113.9625472594856,0.8
drift-capacity,quora,ARC,800,1,20000,0.1,1.1,6,1,0.73255,0.014947785134120537,14651,18.41812938801013,6.526979967020452,1600,760.70665,40.0,88.78359173952929,0.8
drift-capacity,quora,LFU,50,4,20000,0.1,1.1,6,1,0.45765,0.0016388069485414618,9153,5.804631527280435,2.1763253142125905,0,49.92905,,,0.8
drift-capacity,quora,LFU,100,0,20000,0.1,1.1,6,1,0.5396,0.008617494440326168,10792,6.053360167425126,1.9576644524931905,0,99.6949,,,0.8
drift-capacity,quora,LFU,100,1,20000,0.1,1.1,6,1,0.5382,0.0024154589371980675,10764,6.2536914891097695,1.9363700645044446,0,99.6612,,,0.8
drift-capacity,quora,LFU,100,2,20000,0.1,1.1,6,1,0.5252,0.0024752475247524753,10504,6.74077914445661,2.288946131011471,0,99.64855,,,0.8
drift-capacity,quora,LFU,100,3,20000,0.1,1.1,6,1,0.5356,0.009055265123226288,10712,6.319013983011246,2.061198523733765,0,99.626,,,0.8
drift-capacity,quora,LFU,100,4,20000,0.1,1.1,6,1,0.5242,0.0019076688286913392,10484,6.363809970207512,2.0624292781576514,0,99.6664,,,0.8
drift-capacity,quora,LFU,200,0,20000,0.1,1.1,6,1,0.59475,0.017234131988230348,11895,7.087379042059183,1.7620798957068473,0,198.4724,,,0.8
drift-capacity,quora,LFU,200,1,20000,0.1,1.1,6,1,0.5954,0.0053745381256298285,11908,7.682295347331092,2.134260081220418,0,198.2749,,,0.8
drift-capacity,quora,LFU,200,2,20000,0.1,1.1,6,1,0.58755,0.005191047570419539,11751,6.683247344335541,1.7811014142353088,0,198.40625,,,0.8
drift-capacity,quora,LFU,200,3,20000,0.1,1.1,6,1,0.6018,0.007560651379195746,12036,7.275844761170447,1.7990363819990307,0,198.27405,,,0.8
drift-capacity,quora,LFU,200,4,20000,0.1,1.1,6,1,0.5854,0.0058079945336522035,11708,7.780899392673746,2.2267914202529937,0,198.4043,,,0.8
drift-capacity,quora,LFU,400,0,20000,0.1,1.1,6,1,0.65355,0.014306479993879581,13071,10.341910819988698,2.287082315888256,0,392.2702,,,0.8
drift-capacity,quora,LFU,400,1,20000,0.1,1.1,6,1,0.65135,0.010056037460658631,13027,8.90945025603287,1.831932575441897,0,391.80265,,,0.8
drift-capacity,quora,LFU,400,2,20000,0.1,1.1,6,1,0.6425,0.007626459143968872,12850,9.464503725757822,1.9221928028855475,0,392.43615,,,0.8
drift-capacity,quora,LFU,400,3,20000,0.1,1.1,6,1,0.6452,0.009919404835709857,12904,9.63328589568846,2.1096787648275495,0,392.00325,,,0.8
drift-capacity,quora,LFU,400,4,20000,0.1,1.1,6,1,0.6473,0.009423760234821566,12946,9.92138414294459,2.054560021497309,0,392.18005,,,0.8
drift-capacity,quora,ARC,800,2,20000,0.1,1.1,6,1,0.72845,0.0133159448143318,14569,20.221356872934848,7.786086259875446,1600,762.1975,8.0,102.37279315359243,0.8
drift-capacity,quora,ARC,800,3,20000,0.1,1.1,6,1,0.7292,0.016044980800877674,14584,18.633668718393892,6.936278287321329,1600,761.52305,56.25470925799557,99.15392234641659,0.8
drift-capacity,quora,ARC,800,4,20000,0.1,1.1,6,1,0.73035,0.012254398576025194,14607,18.880548060406,6.721836788346991,1600,761.4922,48.337273195247946,90.77409971798097,0.8
drift-capacity,quora,ARC,1600,0,20000,0.1,1.1,6,1,0.7702,0.02304596208776941,15404,25.774468848248944,6.190596520900726,3023,1413.9854,319.5879114402708,125.02526943492111,0.8
drift-capacity,quora,ARC-exact,50,2,20000,0.1,1.1,6,1,0.4899,0.0021432945499081446,9798,8.414703147718683,4.653208010131493,100,49.92135,0.0,0.0,0.8
drift-capacity,quora,ARC-exact,50,3,20000,0.1,1.1,6,1,0.5046,0.004855330955212049,10092,9.165160992415622,5.12306391610764,100,49.90965,0.0,0.0,0.8
drift-capacity,quora,ARC-exact,50,4,20000,0.1,1.1,6,1,0.48575,0.0033968090581574886,9715,8.844745223177597,4.933737945975736,100,49.92905,0.0,0.0,0.8
drift-capacity,quora,ARC-exact,100,0,20000,0.1,1.1,6,1,0.55235,0.0077849189825291935,11047,8.18376840907149,4.106047016102821,200,99.6949,0.0,0.0,0.8
drift-capacity,quora,ARC-exact,100,1,20000,0.1,1.1,6,1,0.55855,0.006176707546325306,11171,9.340553783113137,4.809567955089733,200,99.6612,0.0,0.0,0.8
drift-capacity,quora,ARC-exact,100,2,20000,0.1,1.1,6,1,0.54365,0.002667157178331647,10873,9.30196195258759,4.7301897197030485,200,99.64855,0.0,0.0,0.8
drift-capacity,quora,ARC-exact,100,3,20000,0.1,1.1,6,1,0.5498,0.011367770098217534,10996,7.927876099711284,3.9652717940043654,200,99.626,0.0,0.0,0.8
drift-capacity,quora,ARC-exact,100,4,20000,0.1,1.1,6,1,0.54475,0.0035796236805874255,10895,8.250025002053007,4.156995232915506,200,99.6664,0.0,0.0,0.8
drift-capacity,quora,LFU,800,0,20000,0.1,1.1,6,1,0.7176,0.017488851727982164,14352,13.910304754972458,1.945200259797275,0,761.47525,,,0.8
drift-capacity,quora,LFU,800,1,20000,0.1,1.1,6,1,0.7215,0.015453915453915454,14430,13.70399920269847,2.2118887689430267,0,760.70665,,,0.8
drift-capacity,quora,LFU,800,2,20000,0.1,1.1,6,1,0.7002,0.012996286775207084,14004,13.686407409841195,1.9467601203359661,0,762.1975,,,0.8
drift-capacity,quora,LFU,800,3,20000,0.1,1.1,6,1,0.6986,0.015244775264815345,13972,12.240144651150331,1.6872808802872896,0,761.52305,,,0.8
drift-capacity,quora,ARC-exact,200,0,20000,0.1,1.1,6,1,0.60965,0.01681292544902813,12193,10.234140168176964,4.440048214746639,399,198.4724,0.0,0.0,0.8
drift-capacity,quora,ARC-exact,200,1,20000,0.1,1.1,6,1,0.6102,0.009750901343821698,12204,9.622952522477135,4.107422061497346,400,198.2749,0.0,0.0,0.8
drift-capacity,quora,ARC-exact,200,2,20000,0.1,1.1,6,1,0.6052,0.004213483146067416,12104,9.187393973115832,3.982282336801291,400,198.40625,0.0,0.0,0.8
drift-capacity,quora,ARC-exact,200,3,20000,0.1,1.1,6,1,0.60855,0.0077232766411962864,12171,9.038554766448215,3.8987903797533363,400,198.27405,0.0,0.0,0.8
drift-capacity,quora,LFU,1600,3,20000,0.1,1.1,6,1,0.76615,0.02147099132023755,15323,21.502620034152642,2.2789159324020147,0,1408.4117,,,0.8
drift-capacity,quora,LFU,1600,4,20000,0.1,1.1,6,1,0.7665,0.016829745596868884,15330,22.614523698575795,2.0282151002902538,0,1407.94345,,,0.8
drift-capacity,quora,ARC-exact,50,0,20000,0.1,1.1,6,1,0.5057,0.008503065058334982,10114,8.21711210301146,4.505515581695363,100,49.9264,0.0,0.0,0.8
drift-capacity,quora,ARC-exact,50,1,20000,0.1,1.1,6,1,0.50235,0.0020901761719916393,10047,7.979080319637433,4.407939536031336,100,49.9231,0.0,0.0,0.8
drift-capacity,quora,ARC-exact,200,4,20000,0.1,1.1,6,1,0.6059,0.0059415745172470705,12118,10.244330688146874,4.520365520147607,400,198.4043,0.0,0.0,0.8
drift-capacity,quora,ARC-exact,400,0,20000,0.1,1.1,6,1,0.66955,0.015159435441714584,13391,11.570704681798816,3.8864427362568676,791,392.2702,0.0,0.0,0.8
drift-capacity,quora,ARC-exact,400,1,20000,0.1,1.1,6,1,0.67165,0.013697610362540013,13433,10.134125489275903,3.4415949136018753,789,391.80265,0.0,0.0,0.8
drift-capacity,quora,ARC-exact,400,2,20000,0.1,1.1,6,1,0.6697,0.007018067791548455,13394,10.86811242857948,3.6581819993443787,793,392.43615,0.0,0.0,0.8
drift-capacity,quora,ARC,1600,1,20000,0.1,1.1,6,1,0.77215,0.01787217509551253,15443,26.78559308988042,6.870393146527931,3023,1404.848,406.1966632965575,130.17932912791042,0.8
drift-capacity,quora,ARC,1600,2,20000,0.1,1.1,6,1,0.7667,0.017347071866440588,15334,24.376452900469303,5.99738746532239,3024,1410.94315,326.42788502465754,124.08571267486052,0.8
drift-capacity,quora,ARC,1600,3,20000,0.1,1.1,6,1,0.76875,0.021463414634146343,15375,27.15557374758646,6.327184941619635,3000,1408.4117,280.8874931843145,119.24032927890784,0.8
drift-capacity,quora,ARC,1600,4,20000,0.1,1.1,6,1,0.76905,0.01631883492620766,15381,22.599292953964323,5.3635550604667515,2992,1407.94345,338.3962767519367,118.1531784895359,0.8
drift-capacity,quora,LRU,50,0,20000,0.2,1.1,6,1,0.39825,0.003138731952291274,7965,5.53676193812862,2.113734313752502,0,49.92405,,,0.8
drift-capacity,quora,LRU,50,1,20000,0.2,1.1,6,1,0.4068,0.0018436578171091445,8136,5.618194694397971,2.1449532941915095,0,49.92525,,,0.8
drift-capacity,quora,LRU,50,2,20000,0.2,1.1,6,1,0.3997,0.002251688766574931,7994,5.1402467710431665,1.9722705532331022,0,49.9214,,,0.8
drift-capacity,quora,LRU,50,3,20000,0.2,1.1,6,1,0.40035,0.003996503059822655,8007,5.97130783717148,2.2609339677728713,0,49.90705,,,0.8
drift-capacity,quora,LRU,50,4,20000,0.2,1.1,6,1,0.3957,0.0025271670457417236,7914,5.61809710925445,2.144874952500686,0,49.92875,,,0.8
drift-capacity,quora,LRU,100,0,20000,0.2,1.1,6,1,0.48525,0.006594538897475528,9705,5.975531152216718,1.9963027909398081,0,99.69655,,,0.8
drift-capacity,quora,LRU,100,1,20000,0.2,1.1,6,1,0.4877,0.0026655730982161163,9754,5.6611473322845995,1.8870409578084946,0,99.6671,,,0.8
drift-capacity,quora,LRU,100,2,20000,0.2,1.1,6,1,0.4773,0.013932537188351142,9546,6.562227685935795,2.222533250460401,0,99.6527,,,0.8
drift-capacity,quora,LFU,800,4,20000,0.1,1.1,6,1,0.691,0.012879884225759768,13820,13.864505611127242,1.9712311797775326,0,761.4922,,,0.8
drift-capacity,quora,LFU,1600,0,20000,0.1,1.1,6,1,0.7687,0.02341615714843242,15374,22.42125624907203,2.3273968719877303,0,1413.9854,,,0.8
drift-capacity,quora,LFU,1600,1,20000,0.1,1.1,6,1,0.77025,0.017851346965271016,15405,19.034711160929874,1.694521849276498,0,1404.848,,,0.8
drift-capacity,quora,LFU,1600,2,20000,0.1,1.1,6,1,0.76485,0.017323658233640585,15297,19.16583937127143,1.8430426251143217,0,1410.94315,,,0.8
drift-capacity,quora,ARC-exact,400,3,20000,0.1,1.1,6,1,0.6659,0.011262952395254542,13318,12.367680855095387,4.311340901767835,793,392.00325,0.0,0.0,0.8
drift-capacity,quora,ARC-exact,400,4,20000,0.1,1.1,6,1,0.67195,0.009078056403006176,13439,11.168972961604595,3.6191830469761044,791,392.18005,0.0,0.0,0.8
drift-capacity,quora,ARC-exact,800,0,20000,0.1,1.1,6,1,0.7248,0.018349889624724062,14496,14.008489600382745,3.2749407459050417,1492,761.47525,0.0,0.0,0.8
drift-capacity,quora,ARC-exact,800,1,20000,0.1,1.1,6,1,0.7261,0.015149428453381077,14522,15.556991018820554,3.6300868436228484,1498,760.70665,0.0,0.0,0.8
drift-capacity,quora,LRU,100,3,20000,0.2,1.1,6,1,0.4877,0.006458888661062128,9754,6.101690320065245,1.9853079458698633,0,99.6093,,,0.8
drift-capacity,quora,LRU,100,4,20000,0.2,1.1,6,1,0.47275,0.003595980962453728,9455,6.241150887217373,2.064372965833172,0,99.6628,,,0.8
drift-capacity,quora,LRU,200,0,20000,0.2,1.1,6,1,0.565,0.010619469026548672,11300,7.200867193751037,1.8865621648728848,0,198.5172,,,0.8
drift-capacity,quora,LRU,200,1,20000,0.2,1.1,6,1,0.5644,0.00956768249468462,11288,6.898336386075243,1.8513180024456233,0,198.31925,,,0.8
drift-capacity,quora,LRU,200,2,20000,0.2,1.1,6,1,0.55705,0.014899919217305449,11141,6.949586432892829,1.8751307623460889,0,198.4196,,,0.8
drift-capacity,quora,LRU,200,3,20000,0.2,1.1,6,1,0.57135,0.008663691257547913,11427,7.02121410286054,1.8859563861042261,0,198.22855,,,0.8
drift-capacity,quora,LRU,200,4,20000,0.2,1.1,6,1,0.5519,0.007338285921362566,11038,7.6121031132061034,1.9715735281351954,0,198.37,,,0.8
drift-capacity,quora,LRU,400,0,20000,0.2,1.1,6,1,0.63425,0.017264485612928655,12685,8.817260107025504,1.6683104098774493,0,392.4025,,,0.8
drift-capacity,quora,ARC-exact,800,2,20000,0.1,1.1,6,1,0.72325,0.012996889042516419,14465,15.28837998630479,3.4665160812437534,1494,762.1975,0.0,0.0,0.8
drift-capacity,quora,ARC-exact,800,3,20000,0.1,1.1,6,1,0.7232,0.015348451327433628,14464,14.248817611951381,3.3510773500893265,1511,761.52305,0.0,0.0,0.8
drift-capacity,quora,ARC-exact,800,4,20000,0.1,1.1,6,1,0.726,0.012603305785123966,14520,15.579201583750546,3.7149161275010556,1504,761.4922,0.0,0.0,0.8
drift-capacity,quora,ARC-exact,1600,0,20000,0.1,1.1,6,1,0.7696,0.02351871101871102,15392,21.364979346981272,3.1597294262610376,2710,1413.9854,0.0,0.0,0.8
drift-capacity,quora,LRU,400,1,20000,0.2,1.1,6,1,0.6382,0.013867126292698213,12764,9.178618702571839,1.8369252677075565,0,391.91305,,,0.8
drift-capacity,quora,LRU,400,2,20000,0.2,1.1,6,1,0.63445,0.02340609977145559,12689,8.570560032967478,1.6858431976288557,0,392.3894,,,0.8
drift-capacity,quora,LRU,400,3,20000,0.2,1.1,6,1,0.644,0.016770186335403725,12880,8.92224347917363,1.701158075593412,0,391.95285,,,0.8
drift-capacity,quora,LRU,400,4,20000,0.2,1.1,6,1,0.62875,0.00779324055666004,12575,9.380719595355913,1.8379810906480998,0,391.992,,,0.8
drift-capacity,quora,ARC,50,2,20000,0.2,1.1,6,1,0.4981,0.003011443485243927,9962,10.866992332739756,7.2698222124017775,100,49.9214,0.0,2.5144199025974094,0.8
drift-capacity,quora,ARC,50,3,20000,0.2,1.1,6,1,0.507,0.004339250493096647,10140,10.544921277323738,6.996333721326664,100,49.90705,3.0,2.6620411471861694,0.8
drift-capacity,quora,ARC,50,4,20000,0.2,1.1,6,1,0.49415,0.005362744106040676,9883,10.195357498014346,6.832611950812861,100,49.92875,0.75,3.1358329422782787,0.8
drift-capacity,quora,ARC,100,0,20000,0.2,1.1,6,1,0.57115,0.010942834631883043,11423,11.972995800897479,7.570815755752847,200,99.69655,1.0,5.1983168456381135,0.8
drift-capacity,quora,ARC,100,1,20000,0.2,1.1,6,1,0.57525,0.002781399391568883,11505,10.373236209852621,6.384639756288379,200,99.6671,2.0,5.077264115051754,0.8
drift-capacity,quora,ARC,100,2,20000,0.2,1.1,6,1,0.5635,0.011446317657497781,11270,10.5679280415643,6.524268095381558,200,99.6527,0.0,4.334077697302561,0.8
drift-capacity,quora,ARC,100,3,20000,0.2,1.1,6,1,0.57705,0.009877826878086821,11541,10.058747266884893,6.1447342042811215,200,99.6093,2.0,5.631533480815709,0.8
drift-capacity,quora,ARC,100,4,20000,0.2,1.1,6,1,0.56135,0.002939342656096909,11227,13.031525554833934,8.234487229492515,200,99.6628,0.0,5.687240878716132,0.8
drift-capacity,quora,LRU,800,0,20000,0.2,1.1,6,1,0.6998,0.022077736496141753,13996,13.391507812775671,1.72959451447241,0,761.76525,,,0.8
drift-capacity,quora,LRU,800,1,20000,0.2,1.1,6,1,0.7018,0.018025078369905956,14036,12.77189115062356,1.565104682231322,0,761.09675,,,0.8
drift-capacity,quora,LRU,800,2,20000,0.2,1.1,6,1,0.7012,0.026240730176839703,14024,13.585933134891093,1.7237181833479553,0,762.3797,,,0.8
drift-capacity,quora,LRU,800,3,20000,0.2,1.1,6,1,0.70745,0.02042547176478903,14149,14.488627680111676,2.3154219263233244,0,761.3381,,,0.8
drift-capacity,quora,ARC-exact,1600,1,20000,0.1,1.1,6,1,0.77085,0.01803204255043134,15417,21.130446926690638,3.0092931003309786,2716,1404.848,0.0,0.0,0.8
drift-capacity,quora,ARC-exact,1600,2,20000,0.1,1.1,6,1,0.76605,0.017296521114809737,15321,22.162344201933593,3.335382102522999,2715,1410.94315,0.0,0.0,0.8
drift-capacity,quora,ARC-exact,1600,3,20000,0.1,1.1,6,1,0.76775,0.021426245522631063,15355,21.701468440005556,3.064475947758183,2720,1408.4117,0.0,0.0,0.8
drift-capacity,quora,ARC-exact,1600,4,20000,0.1,1.1,6,1,0.7678,0.0164756446991404,15356,22.08622427424416,3.7185025052167475,2698,1407.94345,0.0,0.0,0.8
drift-capacity,quora,ARC,200,0,20000,0.2,1.1,6,1,0.62795,0.014730472171351223,12559,11.055790312821046,5.961629026569426,400,198.5172,0.0,13.440719718722706,0.8
drift-capacity,quora,ARC,200,1,20000,0.2,1.1,6,1,0.6273,0.006695361071257772,12546,11.75885166740045,6.378793437033892,400,198.31925,2.0,14.011615280960774,0.8
drift-capacity,quora,ARC,200,2,20000,0.2,1.1,6,1,0.6235,0.011868484362469928,12470,12.270857393741608,6.846304674400017,400,198.4196,3.0,13.122246453578997,0.8
drift-capacity,quora,ARC,200,3,20000,0.2,1.1,6,1,0.6332,0.012318382817435249,12664,13.037497189361602,7.41123182233423,400,198.22855,0.0,13.669421055794128,0.8
drift-capacity,quora,LFU,50,0,20000,0.2,1.1,6,1,0.3843,0.010798855061150144,7686,5.613424273906276,2.1905352536123246,0,49.92405,,,0.8
drift-capacity,quora,LFU,50,1,20000,0.2,1.1,6,1,0.3756,0.0011980830670926517,7512,7.177153031807393,2.8478432970587164,0,49.92525,,,0.8
drift-capacity,quora,LFU,50,2,20000,0.2,1.1,6,1,0.3739,0.002941963091735758,7478,6.943836307618767,2.742201811634004,0,49.9214,,,0.8
drift-capacity,quora,LFU,50,3,20000,0.2,1.1,6,1,0.43655,0.00629939296758676,8731,6.075378891546279,2.2793018142692745,0,49.90705,,,0.8
drift-capacity,quora,LRU,1600,3,20000,0.2,1.1,6,1,0.75505,0.03469968876233362,15101,19.72550814389251,1.4765897823963314,0,1407.02075,,,0.8
drift-capacity,quora,LRU,1600,4,20000,0.2,1.1,6,1,0.74895,0.017157353628413113,14979,19.66790181468241,1.567476656055078,0,1412.6652,,,0.8
drift-capacity,quora,ARC,50,0,20000,0.2,1.1,6,1,0.5049,0.008219449395919984,10098,13.214915542630479,8.93634794629179,100,49.92405,4.0,2.7444631396381363,0.8
drift-capacity,quora,ARC,50,1,20000,0.2,1.1,6,1,0.50935,0.001276136252085992,10187,11.088944983202964,7.398021500557661,100,49.92525,2.0,2.577131114718646,0.8
drift-capacity,quora,ARC,200,4,20000,0.2,1.1,6,1,0.61785,0.005260176418224488,12357,11.73912423546426,6.39405072433874,400,198.37,4.0,12.229950001819308,0.8
drift-capacity,quora,ARC,400,0,20000,0.2,1.1,6,1,0.67255,0.01888335439744257,13451,14.145571080734953,6.418271869188175,800,392.4025,0.0,32.69075237576518,0.8
drift-capacity,quora,ARC,400,1,20000,0.2,1.1,6,1,0.67485,0.01533674149811069,13497,16.15241447580047,8.046307048061863,800,391.91305,1.0,39.24624955156522,0.8
drift-capacity,quora,ARC,400,2,20000,0.2,1.1,6,1,0.67535,0.0174724217072629,13507,13.201721699442714,6.130274076713249,800,392.3894,15.0,32.17804521552323,0.8
drift-capacity,quora,LRU,800,4,20000,0.2,1.1,6,1,0.69995,0.011715122508750625,13999,13.378040015231818,1.721896743401885,0,761.1106,,,0.8
drift-capacity,quora,LRU,1600,0,20000,0.2,1.1,6,1,0.7531,0.02788474306201036,15062,21.552687045186758,1.6359064786229283,0,1415.2192,,,0.8
drift-capacity,quora,LRU,1600,1,20000,0.2,1.1,6,1,0.75155,0.021089747854434168,15031,20.670122280716896,1.9827298063319174,0,1409.78325,,,0.8
drift-capacity,quora,LRU,1600,2,20000,0.2,1.1,6,1,0.7545,0.029489728296885353,15090,19.732849794672802,1.5321677143219858,0,1412.36215,,,0.8
drift-capacity,quora,LFU,50,4,20000,0.2,1.1,6,1,0.31285,0.004954451014863353,6257,7.045072398614138,2.8905275219585747,0,49.92875,,,0.8
drift-capacity,quora,LFU,100,0,20000,0.2,1.1,6,1,0.47255,0.010051846365463971,9451,6.102206889772788,2.1142126293852925,0,99.69655,,,0.8
drift-capacity,quora,LFU,100,1,20000,0.2,1.1,6,1,0.4585,0.0017448200654307524,9170,5.988360376795754,1.9828218733891845,0,99.6671,,,0.8
drift-capacity,quora,LFU,100,2,20000,0.2,1.1,6,1,0.46525,0.0031166039763567974,9305,6.375627894885838,2.2457444691099226,0,99.6527,,,0.8
drift-capacity,quora,ARC,400,3,20000,0.2,1.1,6,1,0.68085,0.015568774326209884,13617,13.173917116364464,5.990296276286244,800,391.95285,31.49843477103161,31.01637379524422,0.8
drift-capacity,quora,ARC,400,4,20000,0.2,1.1,6,1,0.6694,0.008888556916641768,13388,13.803470658604056,6.4014877891168,800,391.992,4.0,35.237974246559965,0.8
drift-capacity,quora,ARC,800,0,20000,0.2,1.1,6,1,0.7158,0.021933500977926797,14316,19.046377862105146,7.442732813069597,1600,761.76525,128.38783177554834,112.59712135035153,0.8
drift-capacity,quora,ARC,800,1,20000,0.2,1.1,6,1,0.7166,0.017862126709461346,14332,18.21288368664682,6.6841849649790674,1600,761.09675,157.93242852618806,135.20664561243396,0.8
drift-capacity,quora,LFU,100,3,20000,0.2,1.1,6,1,0.47735,0.01162668901225516,9547,6.511663598939776,2.2630854742601514,0,99.6093,,,0.8
drift-capacity,quora,LFU,100,4,20000,0.2,1.1,6,1,0.4594,0.004680017414018285,9188,6.022761919302866,2.0360116148367524,0,99.6628,,,0.8
drift-capacity,quora,LFU,200,0,20000,0.2,1.1,6,1,0.5446,0.014414248990084465,10892,6.925497099291533,1.8187260604463518,0,198.5172,,,0.8
drift-capacity,quora,LFU,200,1,20000,0.2,1.1,6,1,0.53085,0.007158330978619195,10617,7.210216770181432,2.002430334687233,0,198.31925,,,0.8
drift-capacity,quora,LFU,200,2,20000,0.2,1.1,6,1,0.53815,0.00882653535259686,10763,6.972896197112277,2.0451493677683175,0,198.4196,,,0.8
drift-capacity,quora,LFU,200,3,20000,0.2,1.1,6,1,0.55625,0.012943820224719101,11125,6.991298543289304,1.8021343857981265,0,198.22855,,,0.8
drift-capacity,quora,LFU,200,4,20000,0.2,1.1,6,1,0.5473,0.006486387721542116,10946,7.100502715911716,1.8991388089489192,0,198.37,,,0.8
drift-capacity,quora,LFU,400,0,20000,0.2,1.1,6,1,0.60525,0.015035109458901281,12105,9.180270344950259,1.8993236240930855,0,392.4025,,,0.8
drift-capacity,quora,LFU,400,1,20000,0.2,1.1,6,1,0.6073,0.012514408035567266,12146,8.896858495427296,1.92089281626977,0,391.91305,,,0.8
drift-capacity,quora,LFU,400,2,20000,0.2,1.1,6,1,0.61155,0.008666503147739351,12231,9.53107126406394,1.8624677031766623,0,392.3894,,,0.8
drift-capacity,quora,LFU,400,3,20000,0.2,1.1,6,1,0.6196,0.015493867010974823,12392,9.184652991825715,1.9198546127881855,0,391.95285,,,0.8
drift-capacity,quora,LFU,400,4,20000,0.2,1.1,6,1,0.60105,0.011646285666749854,12021,10.146408312721178,2.158879960188642,0,391.992,,,0.8
drift-capacity,quora,ARC,800,2,20000,0.2,1.1,6,1,0.72125,0.02682842287694974,14425,18.410818016855046,6.56502750935033,1600,762.3797,79.98751593065131,98.15886721489959,0.8
drift-capacity,quora,ARC,800,3,20000,0.2,1.1,6,1,0.7218,0.020642837351066777,14436,20.076151163084432,7.894741347990929,1600,761.3381,142.74198549276872,123.0786339230137,0.8
drift-capacity,quora,ARC,800,4,20000,0.2,1.1,6,1,0.7131,0.01430374421539756,14262,17.496345995459706,6.218971824273467,1600,761.1106,69.66965084969264,73.69600099803111,0.8
drift-capacity,quora,ARC,1600,0,20000,0.2,1.1,6,1,0.7567,0.02861107440200872,15134,27.217966673197225,6.895386299584061,3142,1415.2192,347.6390142670972,125.77296271831584,0.8
drift-capacity,quora,ARC-exact,50,2,20000,0.2,1.1,6,1,0.4456,0.002805206463195691,8912,8.689413586398587,4.97780927689746,100,49.9214,0.0,0.0,0.8
drift-capacity,quora,ARC-exact,50,3,20000,0.2,1.1,6,1,0.46675,0.0058918050348152114,9335,8.20349749410525,4.610935726668686,100,49.90705,0.0,0.0,0.8
drift-capacity,quora,ARC-exact,50,4,20000,0.2,1.1,6,1,0.4617,0.002599090318388564,9234,9.747766680084169,5.551409907639027,100,49.92875,0.0,0.0,0.8
drift-capacity,quora,ARC-exact,100,0,20000,0.2,1.1,6,1,0.51185,0.009280062518315913,10237,10.693532263394445,5.680506181670353,200,99.69655,0.0,0.0,0.8
drift-capacity,quora,ARC-exact,100,1,20000,0.2,1.1,6,1,0.5026,0.0022881018702745723,10052,9.138094040099531,4.815038404194638,200,99.6671,0.0,0.0,0.8
drift-capacity,quora,ARC-exact,100,2,20000,0.2,1.1,6,1,0.4964,0.0036261079774375505,9928,8.64561497583054,4.482868168270215,200,99.6527,0.0,0.0,0.8
drift-capacity,quora,ARC-exact,100,3,20000,0.2,1.1,6,1,0.50275,0.01093983092988563,10055,10.690763423917815,5.7556742103770375,200,99.6093,0.0,0.0,0.8
drift-capacity,quora,ARC-exact,100,4,20000,0.2,1.1,6,1,0.5043,0.003866745984533016,10086,10.342258785385638,5.5259572342038155,200,99.6628,0.0,0.0,0.8
drift-capacity,quora,LFU,800,0,20000,0.2,1.1,6,1,0.70115,0.02046637666690437,14023,13.153518171748146,1.7641260346863419,0,761.76525,,,0.8
drift-capacity,quora,LFU,800,1,20000,0.2,1.1,6,1,0.6966,0.014211886304909561,13932,12.835892551811412,1.9300301617477087,0,761.09675,,,0.8
drift-capacity,quora,LFU,800,2,20000,0.2,1.1,6,1,0.66105,0.029801074048861658,13221,15.158967504976317,2.421718608820811,0,762.3797,,,0.8
drift-capacity,quora,LFU,800,3,20000,0.2,1.1,6,1,0.66805,0.021405583414415088,13361,13.826364604756236,2.3221676819957793,0,761.3381,,,0.8
drift-capacity,quora,ARC-exact,200,0,20000,0.2,1.1,6,1,0.57285,0.011346774897442612,11457,9.325337095651776,4.07812362536788,400,198.5172,0.0,0.0,0.8
drift-capacity,quora,ARC-exact,200,1,20000,0.2,1.1,6,1,0.55485,0.006758583400919167,11097,11.2830480793491,5.24224080145359,400,198.31925,0.0,0.0,0.8
drift-capacity,quora,ARC-exact,200,2,20000,0.2,1.1,6,1,0.55875,0.004742729306487696,11175,11.112440278520808,5.2886044373735785,400,198.4196,0.0,0.0,0.8
drift-capacity,quora,ARC-exact,200,3,20000,0.2,1.1,6,1,0.57635,0.013359937537954367,11527,8.934325986774638,4.03743430506438,400,198.22855,0.0,0.0,0.8
drift-capacity,quora,LFU,1600,3,20000,0.2,1.1,6,1,0.74625,0.035510887772194306,14925,20.51812154822983,1.9190358580090108,0,1407.02075,,,0.8
drift-capacity,quora,LFU,1600,4,20000,0.2,1.1,6,1,0.7424,0.01912715517241379,14848,22.404077282408252,2.4997037486173213,0,1412.6652,,,0.8
drift-capacity,quora,ARC-exact,50,0,20000,0.2,1.1,6,1,0.46615,0.008902713718760056,9323,9.509173722472042,5.461563961580396,100,49.92405,0.0,0.0,0.8
drift-capacity,quora,ARC-exact,50,1,20000,0.2,1.1,6,1,0.4522,0.0009951348960636887,9044,8.72312257415615,4.980066389543936,100,49.92525,0.0,0.0,0.8
drift-capacity,quora,ARC-exact,200,4,20000,0.2,1.1,6,1,0.5611,0.0058813045802887185,11222,9.430549363605678,4.123006510781124,400,198.37,0.0,0.0,0.8
drift-capacity,quora,ARC-exact,400,0,20000,0.2,1.1,6,1,0.64695,0.01947600278228611,12939,13.918124960036948,5.152632878161967,796,392.4025,0.0,0.0,0.8
drift-capacity,quora,ARC-exact,400,1,20000,0.2,1.1,6,1,0.6363,0.009272355807009273,12726,11.965793505078182,4.45267868344672,800,391.91305,0.0,0.0,0.8
drift-capacity,quora,ARC-exact,400,2,20000,0.2,1.1,6,1,0.6407,0.016388325269236774,12814,10.718491021543741,3.8340467493981123,799,392.3894,0.0,0.0,0.8
drift-capacity,quora,ARC,1600,1,20000,0.2,1.1,6,1,0.75515,0.021916175594252796,15103,26.829202700173482,7.567604159703478,3132,1409.78325,315.2474889383953,118.59951506156838,0.8
drift-capacity,quora,ARC,1600,2,20000,0.2,1.1,6,1,0.75865,0.030976075924339288,15173,24.967901245690882,6.180444575147703,3111,1412.36215,395.6361725960002,124.42538727258253,0.8
drift-capacity,quora,ARC,1600,3,20000,0.2,1.1,6,1,0.75785,0.03490136570561457,15157,27.456544723827392,7.409746519988403,3040,1407.02075,370.0896949608165,120.49205344736038,0.8
drift-capacity,quora,ARC,1600,4,20000,0.2,1.1,6,1,0.75255,0.018802737359643877,15051,24.150337028549984,6.3898574793711305,3152,1412.6652,336.26859705639555,129.35399443736162,0.8
drift-capacity,quora,LRU,50,0,20000,0.35,1.1,6,1,0.39195,0.002806480418420717,7839,6.963035016087815,2.688347065122798,0,49.92405,,,0.8
drift-capacity,quora,LRU,50,1,20000,0.35,1.1,6,1,0.39165,0.002425635133409932,7833,5.945036181947216,2.2538922901730984,0,49.9245,,,0.8
drift-capacity,quora,LRU,50,2,20000,0.35,1.1,6,1,0.4001,0.0026243439140214947,8002,5.785788560751826,2.201253193197772,0,49.9211,,,0.8
drift-capacity,quora,LRU,50,3,20000,0.35,1.1,6,1,0.38965,0.0033363274733735405,7793,6.669211859116331,2.596747555071488,0,49.90915,,,0.8
drift-capacity,quora,LFU,800,4,20000,0.2,1.1,6,1,0.6528,0.01524203431372549,13056,13.699845323571935,1.9342782034073027,0,761.1106,,,0.8
drift-capacity,quora,LFU,1600,0,20000,0.2,1.1,6,1,0.7489,0.029643477099746296,14978,22.03735090442933,2.1181985328439623,0,1415.2192,,,0.8
drift-capacity,quora,LFU,1600,1,20000,0.2,1.1,6,1,0.7381,0.023709524454680938,14762,21.372342680115253,2.4258550780359656,0,1409.78325,,,0.8
drift-capacity,quora,LFU,1600,2,20000,0.2,1.1,6,1,0.75045,0.030714904390698915,15009,21.546146471519023,2.5594789651222527,0,1412.36215,,,0.8
drift-capacity,quora,LRU,50,4,20000,0.35,1.1,6,1,0.40155,0.002863902378284149,8031,6.038815161446109,2.33786313328892,0,49.92875,,,0.8
drift-capacity,quora,LRU,100,0,20000,0.35,1.1,6,1,0.48085,0.002911510866174483,9617,5.696809501387179,1.911375595955178,0,99.6904,,,0.8
drift-capacity,quora,LRU,100,1,20000,0.35,1.1,6,1,0.4769,0.003145313482910463,9538,7.079023256665096,2.60998968151398,0,99.66285,,,0.8
drift-capacity,quora,LRU,100,2,20000,0.35,1.1,6,1,0.4873,0.0031807921198440388,9746,7.270729000447318,2.478946390328929,0,99.65055,,,0.8
drift-capacity,quora,ARC-exact,400,3,20000,0.2,1.1,6,1,0.6521,0.013341512038030977,13042,11.569497676100582,3.987894061719999,800,391.95285,0.0,0.0,0.8
drift-capacity,quora,ARC-exact,400,4,20000,0.2,1.1,6,1,0.63235,0.009804696766031469,12647,13.750140747288242,5.300332145998254,799,391.992,0.0,0.0,0.8
drift-capacity,quora,ARC-exact,800,0,20000,0.2,1.1,6,1,0.70795,0.0228829719612967,14159,14.539262827020139,3.6388811480719596,1529,761.76525,0.0,0.0,0.8
drift-capacity,quora,ARC-exact,800,1,20000,0.2,1.1,6,1,0.7058,0.018135449135732503,14116,18.614190921653062,5.336094961967319,1548,761.09675,0.0,0.0,0.8
drift-capacity,quora,LRU,100,3,20000,0.35,1.1,6,1,0.47945,0.0039628741266033995,9589,5.883255344815552,1.968995644710958,0,99.62195,,,0.8
drift-capacity,quora,LRU,100,4,20000,0.35,1.1,6,1,0.48145,0.004154117769238758,9629,5.985731811961159,2.0203613210469484,0,99.66215,,,0.8
drift-capacity,quora,LRU,200,0,20000,0.35,1.1,6,1,0.56285,0.003553344585591188,11257,9.469586989143863,2.5396924116648734,0,198.51535,,,0.8
drift-capacity,quora,LRU,200,1,20000,0.35,1.1,6,1,0.55595,0.004946487993524598,11119,7.2605428111273795,2.010602119844407,0,198.29915,,,0.8
drift-capacity,quora,LRU,200,2,20000,0.35,1.1,6,1,0.5643,0.005670742512847776,11286,6.56591861625202,1.8155741156078875,0,198.39705,,,0.8
drift-capacity,quora,LRU,200,3,20000,0.35,1.1,6,1,0.5617,0.005875022253872174,11234,7.681733154458925,2.03731800429523,0,198.2572,,,0.8
drift-capacity,quora,LRU,200,4,20000,0.35,1.1,6,1,0.55815,0.008958165367732689,11163,8.190268813632429,2.311969781294465,0,198.4046,,,0.8
drift-capacity,quora,LRU,400,0,20000,0.35,1.1,6,1,0.6368,0.006359924623115578,12736,9.439301170641556,1.9031788280699402,0,392.44775,,,0.8
drift-capacity,quora,ARC-exact,800,2,20000,0.2,1.1,6,1,0.71115,0.026787597553258807,14223,18.17586317192763,4.861826170235872,1547,762.3797,0.0,0.0,0.8
drift-capacity,quora,ARC-exact,800,3,20000,0.2,1.1,6,1,0.7135,0.020882971268395233,14270,14.818126597674564,3.902681864565238,1532,761.3381,0.0,0.0,0.8
drift-capacity,quora,ARC-exact,800,4,20000,0.2,1.1,6,1,0.70215,0.014811649932350637,14043,17.31408098130487,4.9006168090272695,1550,761.1106,0.0,0.0,0.8
drift-capacity,quora,ARC-exact,1600,0,20000,0.2,1.1,6,1,0.7559,0.02897208625479561,15118,22.79574381536804,3.73021827545017,2795,1415.2192,0.0,0.0,0.8
drift-capacity,quora,LRU,400,1,20000,0.35,1.1,6,1,0.62805,0.0077223151023007724,12561,10.740692575927824,2.5826600613072515,0,391.86245,,,0.8
drift-capacity,quora,LRU,400,2,20000,0.35,1.1,6,1,0.6365,0.008955223880597015,12730,9.615913964807987,1.9761287956498563,0,392.3783,,,0.8
drift-capacity,quora,LRU,400,3,20000,0.35,1.1,6,1,0.6381,0.008540981037454945,12762,9.235725697362795,1.830644888104871,0,391.88065,,,0.8
drift-capacity,quora,LRU,400,4,20000,0.35,1.1,6,1,0.63345,0.0107348646301997,12669,9.402353764744475,1.8899355782195926,0,392.13225,,,0.8
drift-capacity,quora,ARC,50,2,20000,0.35,1.1,6,1,0.49665,0.002516862981979261,9933,12.111779890256003,8.128003892488778,100,49.9211,5.0,4.161258771724094,0.8
drift-capacity,quora,ARC,50,3,20000,0.35,1.1,6,1,0.4969,0.002414972831555645,9938,11.185716732870787,7.495470042340457,100,49.90915,1.0,2.6787321352258857,0.8
drift-capacity,quora,ARC,50,4,20000,0.35,1.1,6,1,0.4979,0.0028118096003213497,9958,11.879075964679942,7.951745489845052,100,49.92875,0.0,4.175957985618165,0.8
drift-capacity,quora,ARC,100,0,20000,0.35,1.1,6,1,0.56215,0.0026683269589967092,11243,12.782637448981404,8.111576753435656,200,99.6904,4.0,6.609240201853457,0.8
drift-capacity,quora,LRU,800,0,20000,0.35,1.1,6,1,0.70035,0.01285071749839366,14007,15.668083692435175,2.1814297535456717,0,761.95485,,,0.8
drift-capacity,quora,LRU,800,1,20000,0.35,1.1,6,1,0.69315,0.015941715357426244,13863,13.097950333030894,1.7775387910660356,0,760.80175,,,0.8
drift-capacity,quora,LRU,800,2,20000,0.35,1.1,6,1,0.6998,0.013289511288939697,13996,13.989541021874174,1.9743425189517438,0,762.7381,,,0.8
drift-capacity,quora,LRU,800,3,20000,0.35,1.1,6,1,0.696,0.011278735632183907,13920,14.36423480627127,2.2204670938663185,0,760.8288,,,0.8
drift-capacity,quora,ARC-exact,1600,1,20000,0.2,1.1,6,1,0.75395,0.022680549108031037,15079,23.562797787599266,4.162532795453444,2814,1409.78325,0.0,0.0,0.8
drift-capacity,quora,ARC-exact,1600,2,20000,0.2,1.1,6,1,0.75715,0.030641220365845604,15143,25.13530080905184,4.543938190909103,2783,1412.36215,0.0,0.0,0.8
drift-capacity,quora,ARC-exact,1600,3,20000,0.2,1.1,6,1,0.75715,0.03473552136300601,15143,23.811922559980303,3.8455625239294022,2762,1407.02075,0.0,0.0,0.8
drift-capacity,quora,ARC-exact,1600,4,20000,0.2,1.1,6,1,0.752,0.018683510638297873,15040,24.173191870795563,4.565556230954826,2802,1412.6652,0.0,0.0,0.8
drift-capacity,quora,ARC,100,1,20000,0.35,1.1,6,1,0.555,0.002612612612612613,11100,11.614779534284025,7.273766538128257,200,99.66285,5.3076923076923075,6.875694501198886,0.8
drift-capacity,quora,ARC,100,2,20000,0.35,1.1,6,1,0.56365,0.0037257163133150003,11273,11.691056477138773,7.251578418072313,200,99.65055,3.0,6.173834631488776,0.8
drift-capacity,quora,ARC,100,3,20000,0.35,1.1,6,1,0.5641,0.003900017727353306,11282,12.527156324358657,7.91708700126037,200,99.62195,6.857142857142857,6.692599256084724,0.8
drift-capacity,quora,ARC,100,4,20000,0.35,1.1,6,1,0.5611,0.0040099803956513995,11222,12.711180606856942,8.091231464641169,200,99.66215,9.0,5.7022403916817845,0.8
drift-capacity,quora,ARC,200,0,20000,0.35,1.1,6,1,0.61945,0.007183792073613689,12389,12.197528965771198,6.749496428528801,400,198.51535,0.0,15.732646919041523,0.8
drift-capacity,quora,ARC,200,1,20000,0.35,1.1,6,1,0.6089,0.0058301855805550995,12178,12.9544151306618,7.260243291966617,400,198.29915,9.5,15.729802176013036,0.8
drift-capacity,quora,ARC,200,2,20000,0.35,1.1,6,1,0.61755,0.004129220306048093,12351,13.681375118903816,7.7921509742736825,400,198.39705,4.0,13.863092118969973,0.8
drift-capacity,quora,ARC,200,3,20000,0.35,1.1,6,1,0.6164,0.005191434133679429,12328,13.244055531686172,7.628406729782,400,198.2572,8.0,15.513171352279914,0.8
drift-capacity,quora,LFU,50,0,20000,0.35,1.1,6,1,0.3422,0.008036236119228522,6844,6.83695447514765,2.797688642749563,0,49.92405,,,0.8
drift-capacity,quora,LFU,50,1,20000,0.35,1.1,6,1,0.2506,0.004788507581803671,5012,7.410639926092699,3.1116938684135675,0,49.9245,,,0.8
drift-capacity,quora,LFU,50,2,20000,0.35,1.1,6,1,0.35785,0.0022355735643426015,7157,7.0504658739082515,2.8182555339299142,0,49.9211,,,0.8
drift-capacity,quora,LFU,50,3,20000,0.35,1.1,6,1,0.36575,0.0032809295967190706,7315,6.8297539837658405,2.7279345493298024,0,49.90915,,,0.8
drift-capacity,quora,LRU,1600,3,20000,0.35,1.1,6,1,0.7415,0.02562373567093729,14830,21.423517825314775,1.9528052071109416,0,1409.1786,,,0.8
drift-capacity,quora,LRU,1600,4,20000,0.35,1.1,6,1,0.74095,0.025440313111545987,14819,20.924100402044132,1.9804934388957915,0,1413.43555,,,0.8
drift-capacity,quora,ARC,50,0,20000,0.35,1.1,6,1,0.49575,0.0037317196167423097,9915,12.514844490215182,8.561758027644828,100,49.92405,6.0,2.781913369963388,0.8
drift-capacity,quora,ARC,50,1,20000,0.35,1.1,6,1,0.4956,0.0018159806295399517,9912,13.015871774405241,8.830258419038728,100,49.9245,8.0,2.7608503246753533,0.8
drift-capacity,quora,ARC,200,4,20000,0.35,1.1,6,1,0.61885,0.006463601842126525,12377,12.068345135776326,6.6609804693143815,400,198.4046,11.77233877233877,15.175005646563763,0.8
drift-capacity,quora,ARC,400,0,20000,0.35,1.1,6,1,0.6625,0.0067169811320754716,13250,15.792732062982395,7.709489919943735,800,392.44775,77.93934616742247,46.653844927838136,0.8
drift-capacity,quora,ARC,400,1,20000,0.35,1.1,6,1,0.65755,0.010949737662535168,13151,16.511520836502314,8.25861725024879,800,391.86245,58.81773064467703,65.10749625735141,0.8
drift-capacity,quora,ARC,400,2,20000,0.35,1.1,6,1,0.665,0.009323308270676692,13300,14.828967762878165,7.194902253104374,800,392.3783,54.657106986362656,65.8526914052066,0.8
drift-capacity,quora,LRU,800,4,20000,0.35,1.1,6,1,0.6957,0.01976426620669829,13914,16.487147490261123,2.1331151481717825,0,761.34355,,,0.8
drift-capacity,quora,LRU,1600,0,20000,0.35,1.1,6,1,0.7445,0.029482874412357286,14890,21.96322886738926,1.8369437311775982,0,1416.75505,,,0.8
drift-capacity,quora,LRU,1600,1,20000,0.35,1.1,6,1,0.7361,0.02818910474120364,14722,21.70511272852309,2.247622254071757,0,1412.23805,,,0.8
drift-capacity,quora,LRU,1600,2,20000,0.35,1.1,6,1,0.74315,0.018906008208302495,14863,21.18419143371284,1.8022870179265738,0,1414.42185,,,0.8
drift-capacity,quora,LFU,50,4,20000,0.35,1.1,6,1,0.33345,0.00299895036737142,6669,7.046132517280057,2.869589382316917,0,49.92875,,,0.8
drift-capacity,quora,LFU,100,0,20000,0.35,1.1,6,1,0.4198,0.002262982372558361,8396,7.456564682070166,2.5915344653185457,0,99.6904,,,0.8
drift-capacity,quora,LFU,100,1,20000,0.35,1.1,6,1,0.3477,0.007477710670117918,6954,6.577294372254983,2.3400911246426404,0,99.66285,,,0.8
drift-capacity,quora,LFU,100,2,20000,0.35,1.1,6,1,0.4593,0.005116481602438493,9186,6.242191599449143,2.212797844549641,0,99.65055,,,0.8
drift-capacity,quora,ARC,400,3,20000,0.35,1.1,6,1,0.6604,0.00946396123561478,13208,15.010543202515692,7.078049407573417,800,391.88065,51.07456408753148,46.807436231183516,0.8
drift-capacity,quora,ARC,400,4,20000,0.35,1.1,6,1,0.664,0.011671686746987951,13280,15.859465469839051,7.8361864609178165,800,392.13225,69.80674112399191,66.74248048180367,0.8
drift-capacity,quora,ARC,800,0,20000,0.35,1.1,6,1,0.70845,0.015032818124073682,14169,19.658848451217636,7.9508825787343085,1600,761.95485,244.2071476751224,159.21330814305043,0.8
drift-capacity,quora,ARC,800,1,20000,0.35,1.1,6,1,0.7025,0.017580071174377224,14050,19.071974570397288,7.131794217275456,1600,760.80175,209.9071544096176,122.0370133243566,0.8
drift-capacity,quora,LFU,100,3,20000,0.35,1.1,6,1,0.44455,0.004498931503767855,8891,7.200579036725685,2.6140258298255503,0,99.62195,,,0.8
drift-capacity,quora,LFU,100,4,20000,0.35,1.1,6,1,0.45475,0.0043980208905992305,9095,6.685870327055454,2.4072822998277843,0,99.66215,,,0.8
drift-capacity,quora,LFU,200,0,20000,0.35,1.1,6,1,0.50395,0.01021926778450243,10079,7.481266191462055,1.9977825344540179,0,198.51535,,,0.8
drift-capacity,quora,LFU,200,1,20000,0.35,1.1,6,1,0.46835,0.007793316963809117,9367,7.259398343740031,2.1814630134031177,0,198.29915,,,0.8
drift-capacity,quora,LFU,200,2,20000,0.35,1.1,6,1,0.52015,0.008555224454484284,10403,8.397765835979953,2.4671153514645994,0,198.39705,,,0.8
drift-capacity,quora,LFU,200,3,20000,0.35,1.1,6,1,0.50185,0.005778619109295606,10037,7.457346533192322,2.0366219570860267,0,198.2572,,,0.8
drift-capacity,quora,LFU,200,4,20000,0.35,1.1,6,1,0.51955,0.006929073236454624,10391,7.131296175066382,2.0148545620031655,0,198.4046,,,0.8
drift-capacity,quora,LFU,400,0,20000,0.35,1.1,6,1,0.5715,0.008223972003499563,11430,9.860361728351563,2.157231402816251,0,392.44775,,,0.8
drift-capacity,quora,LFU,400,1,20000,0.35,1.1,6,1,0.54305,0.013902955528956817,10861,9.625188098289073,2.2568719054106623,0,391.86245,,,0.8
drift-capacity,quora,LFU,400,2,20000,0.35,1.1,6,1,0.5792,0.010272790055248619,11584,9.876314317807555,2.0007484825327992,0,392.3783,,,0.8
drift-capacity,quora,LFU,400,3,20000,0.35,1.1,6,1,0.5578,0.010487629974901398,11156,9.541234734933823,2.052477380493656,0,391.88065,,,0.8
drift-capacity,quora,LFU,400,4,20000,0.35,1.1,6,1,0.5774,0.010651195012123311,11548,9.010929916985333,1.8928520905319601,0,392.13225,,,0.8
drift-capacity,quora,ARC,800,2,20000,0.35,1.1,6,1,0.7093,0.015014803327224024,14186,19.999758002813905,7.855037634726614,1600,762.7381,255.88896535516247,137.64699872817613,0.8
drift-capacity,quora,ARC,800,3,20000,0.35,1.1,6,1,0.7044,0.015616127200454287,14088,20.980115135898814,8.534468745347112,1600,760.8288,196.688220117768,131.23887756973951,0.8
drift-capacity,quora,ARC,800,4,20000,0.35,1.1,6,1,0.7054,0.018925432378792174,14108,18.956670170882717,7.088546612067148,1600,761.34355,231.92603650503085,150.54911748946319,0.8
drift-capacity,quora,ARC,1600,0,20000,0.35,1.1,6,1,0.74395,0.030580012097587202,14879,27.648360130842775,6.947205029428005,3195,1416.75505,294.830180664569,116.70955146732402,0.8
drift-capacity,quora,ARC-exact,50,2,20000,0.35,1.1,6,1,0.4366,0.002061383417315621,8732,8.71572604519315,4.987834655912593,100,49.9211,0.0,0.0,0.8
drift-capacity,quora,ARC-exact,50,3,20000,0.35,1.1,6,1,0.43585,0.002294367328209246,8717,8.880295016570017,5.082112638046965,100,49.90915,0.0,0.0,0.8
drift-capacity,quora,ARC-exact,50,4,20000,0.35,1.1,6,1,0.43985,0.0017051267477549165,8797,8.488277555443347,4.873338312609121,100,49.92875,0.0,0.0,0.8
drift-capacity,quora,ARC-exact,100,0,20000,0.35,1.1,6,1,0.46525,0.004728640515851693,9305,8.952826960012317,4.771066369721666,200,99.6904,0.0,0.0,0.8
drift-capacity,quora,ARC-exact,100,1,20000,0.35,1.1,6,1,0.44035,0.006812762575224254,8807,9.134249953785911,4.920976242283359,200,99.66285,0.0,0.0,0.8
drift-capacity,quora,ARC-exact,100,2,20000,0.35,1.1,6,1,0.4771,0.006497589603856634,9542,8.84751709527336,4.647899453993887,200,99.65055,0.0,0.0,0.8
drift-capacity,quora,ARC-exact,100,3,20000,0.35,1.1,6,1,0.4683,0.0045910740978005555,9366,9.12346210097894,4.817345412448049,200,99.62195,0.0,0.0,0.8
drift-capacity,quora,ARC-exact,100,4,20000,0.35,1.1,6,1,0.47825,0.0032409827496079455,9565,8.78183621680364,4.647949134232476,200,99.66215,0.0,0.0,0.8
drift-capacity,quora,LFU,800,0,20000,0.35,1.1,6,1,0.67385,0.01639830822883431,13477,14.539456815691665,2.037694165483117,0,761.95485,,,0.8
drift-capacity,quora,LFU,800,1,20000,0.35,1.1,6,1,0.61725,0.026407452409882542,12345,13.408760109450668,2.1074511168990284,0,760.80175,,,0.8
drift-capacity,quora,LFU,800,2,20000,0.35,1.1,6,1,0.63255,0.018575606671409374,12651,14.192159764934331,2.067798178177327,0,762.7381,,,0.8
drift-capacity,quora,LFU,800,3,20000,0.35,1.1,6,1,0.6138,0.01751384815900945,12276,13.298367138486356,1.991518912836909,0,760.8288,,,0.8
drift-capacity,quora,ARC-exact,200,0,20000,0.35,1.1,6,1,0.5336,0.008152173913043478,10672,9.95364187983796,4.590310016646981,400,198.51535,0.0,0.0,0.8
drift-capacity,quora,ARC-exact,200,1,20000,0.35,1.1,6,1,0.4945,0.00788675429726997,9890,10.289821960031986,4.7476407256908715,400,198.29915,0.0,0.0,0.8
drift-capacity,quora,ARC-exact,200,2,20000,0.35,1.1,6,1,0.5367,0.007639277063536426,10734,9.360245824791491,4.343173821689561,400,198.39705,0.0,0.0,0.8
drift-capacity,quora,ARC-exact,200,3,20000,0.35,1.1,6,1,0.5135,0.006718597857838364,10270,9.705194074194878,4.603740869788453,400,198.2572,0.0,0.0,0.8
drift-capacity,quora,LFU,1600,3,20000,0.35,1.1,6,1,0.7264,0.02822136563876652,14528,20.497295149834827,1.9509467936586589,0,1409.1786,,,0.8
drift-capacity,quora,LFU,1600,4,20000,0.35,1.1,6,1,0.7285,0.030130404941660947,14570,21.35909619391896,1.985455898102373,0,1413.43555,,,0.8
drift-capacity,quora,ARC-exact,50,0,20000,0.35,1.1,6,1,0.4277,0.009352349777881692,8554,8.864476846065372,5.142001080093905,100,49.92405,0.0,0.0,0.8
drift-capacity,quora,ARC-exact,50,1,20000,0.35,1.1,6,1,0.4056,0.0028353057199211047,8112,9.0628340782132,5.3341363032814115,100,49.9245,0.0,0.0,0.8
drift-capacity,quora,ARC,1600,1,20000,0.35,1.1,6,1,0.7382,0.030073150907613113,14764,29.07553938566707,8.700046042213216,3193,1412.23805,358.3072388183065,134.06054234863163,0.8
drift-capacity,quora,ARC,1600,2,20000,0.35,1.1,6,1,0.74235,0.021081700006735368,14847,26.378536131232977,7.068864128086716,3200,1414.42185,409.56263868302426,136.79744936484295,0.8
drift-capacity,quora,ARC,1600,3,20000,0.35,1.1,6,1,0.74145,0.02778339739699238,14829,26.260508433915675,6.822041718987748,3200,1409.1786,357.7329349639065,135.48957162843905,0.8
drift-capacity,quora,ARC,1600,4,20000,0.35,1.1,6,1,0.73985,0.026762181523281747,14797,23.393241822486743,6.473935226676986,3200,1413.43555,346.0497016587203,128.12174216285354,0.8
drift-capacity,quora,ARC-exact,200,4,20000,0.35,1.1,6,1,0.53845,0.006500139288699043,10769,9.88009559805505,4.5050874701701105,400,198.4046,0.0,0.0,0.8
drift-capacity,quora,ARC-exact,400,0,20000,0.35,1.1,6,1,0.6082,0.007070042749095692,12164,11.530072783352807,3.9983063703402872,800,392.44775,0.0,0.0,0.8
drift-capacity,quora,ARC-exact,400,1,20000,0.35,1.1,6,1,0.59635,0.0114865431374193,11927,11.432384134968743,4.232965828850865,800,391.86245,0.0,0.0,0.8
drift-capacity,quora,ARC-exact,400,2,20000,0.35,1.1,6,1,0.60425,0.01075713694662805,12085,11.629108333727345,4.442141193430871,800,392.3783,0.0,0.0,0.8
drift-capacity,quora,LRU,50,0,20000,0.5,1.1,6,1,0.4073,0.003437269825681316,8146,5.550092371413484,2.120438130805269,0,49.9249,,,0.8
drift-capacity,quora,LRU,50,1,20000,0.5,1.1,6,1,0.40385,0.002104741859601337,8077,5.90195675031282,2.253947051940486,0,49.92535,,,0.8
drift-capacity,quora,LRU,50,2,20000,0.5,1.1,6,1,0.40365,0.0018580453363062058,8073,5.793092388194054,2.2305028280243278,0,49.92135,,,0.8
drift-capacity,quora,LRU,50,3,20000,0.5,1.1,6,1,0.39925,0.0033813400125234814,7985,6.795192084973678,2.6043694058898836,0,49.90965,,,0.8
drift-capacity,quora,ARC-exact,400,3,20000,0.35,1.1,6,1,0.588,0.009863945578231292,11760,11.705896892817691,4.321645194431767,800,391.88065,0.0,0.0,0.8
drift-capacity,quora,ARC-exact,400,4,20000,0.35,1.1,6,1,0.6101,0.014178003605966235,12202,10.931825364241377,3.890375408809632,800,392.13225,0.0,0.0,0.8
drift-capacity,quora,ARC-exact,800,0,20000,0.35,1.1,6,1,0.6888,0.01633275261324042,13776,14.294466306455433,3.7434261350426823,1579,761.95485,0.0,0.0,0.8
drift-capacity,quora,ARC-exact,800,1,20000,0.35,1.1,6,1,0.6826,0.018678581892762964,13652,16.94741659448482,4.676868475507945,1579,760.80175,0.0,0.0,0.8
drift-capacity,quora,LRU,50,4,20000,0.5,1.1,6,1,0.401,0.0022443890274314216,8020,5.839530291268602,2.2514917189255357,0,49.92875,,,0.8
drift-capacity,quora,LRU,100,0,20000,0.5,1.1,6,1,0.49155,0.005085952598921778,9831,6.35023441282101,2.1061177423689514,0,99.6925,,,0.8
drift-capacity,quora,LRU,100,1,20000,0.5,1.1,6,1,0.48855,0.002660935421144202,9771,6.791733065620065,2.3076009878423065,0,99.66385,,,0.8
drift-capacity,quora,LRU,100,2,20000,0.5,1.1,6,1,0.4798,0.0032305127136306793,9596,6.961292750202119,2.2669296944513917,0,99.64885,,,0.8
drift-capacity,quora,LFU,800,4,20000,0.35,1.1,6,1,0.6668,0.020395920815836834,13336,13.748712575761601,1.8930605496279895,0,761.34355,,,0.8
drift-capacity,quora,LFU,1600,0,20000,0.35,1.1,6,1,0.7284,0.030752333882482153,14568,21.099216514267027,2.0558368880301714,0,1416.75505,,,0.8
drift-capacity,quora,LFU,1600,1,20000,0.35,1.1,6,1,0.72415,0.02927570254781468,14483,20.312210224801674,1.9694326096214352,0,1412.23805,,,0.8
drift-capacity,quora,LFU,1600,2,20000,0.35,1.1,6,1,0.7225,0.0213840830449827,14450,21.617073292145506,2.489981276448816,0,1414.42185,,,0.8
drift-capacity,quora,LRU,100,3,20000,0.5,1.1,6,1,0.4805,0.005931321540062435,9610,6.272012717090547,2.0730891497805715,0,99.6268,,,0.8
drift-capacity,quora,LRU,100,4,20000,0.5,1.1,6,1,0.4784,0.0031354515050167225,9568,6.405080988770351,2.176499256165698,0,99.6628,,,0.8
drift-capacity,quora,LRU,200,0,20000,0.5,1.1,6,1,0.56685,0.006527299991179325,11337,8.386603102553636,2.3507643141783774,0,198.5029,,,0.8
drift-capacity,quora,LRU,200,1,20000,0.5,1.1,6,1,0.5666,0.005118249205788916,11332,6.9384422327857465,1.8911237712018192,0,198.30525,,,0.8
drift-capacity,quora,LRU,200,2,20000,0.5,1.1,6,1,0.55535,0.004861798865580265,11107,7.033736229641363,1.8918185960501432,0,198.3974,,,0.8
drift-capacity,quora,LRU,200,3,20000,0.5,1.1,6,1,0.5533,0.008494487619736129,11066,8.417392283445224,2.4225782370194793,0,198.2764,,,0.8
drift-capacity,quora,LRU,200,4,20000,0.5,1.1,6,1,0.55505,0.004053688856859743,11101,7.3743243992794305,2.0432162622455508,0,198.3929,,,0.8
drift-capacity,quora,LRU,400,0,20000,0.5,1.1,6,1,0.64,0.00921875,12800,9.884841431630775,2.061750809662044,0,392.40215,,,0.8
drift-capacity,quora,ARC-exact,800,2,20000,0.35,1.1,6,1,0.687,0.015502183406113538,13740,15.610213245963678,3.7593910237774253,1583,762.7381,0.0,0.0,0.8
drift-capacity,quora,ARC-exact,800,3,20000,0.35,1.1,6,1,0.683,0.014421669106881406,13660,15.0407784152776,3.9302613469772036,1582,760.8288,0.0,0.0,0.8
drift-capacity,quora,ARC-exact,800,4,20000,0.35,1.1,6,1,0.68525,0.01889821233126596,13705,17.23993389750831,4.675326746655628,1569,761.34355,0.0,0.0,0.8
drift-capacity,quora,ARC-exact,1600,0,20000,0.35,1.1,6,1,0.7434,0.029930051116491795,14868,25.422458769753575,4.507627367274836,2888,1416.75505,0.0,0.0,0.8
drift-capacity,quora,LRU,400,1,20000,0.5,1.1,6,1,0.6336,0.007575757575757576,12672,10.189548879861832,2.3021819768473506,0,391.8723,,,0.8
drift-capacity,quora,LRU,400,2,20000,0.5,1.1,6,1,0.62765,0.008364534374253167,12553,9.200225915992633,1.938978908583522,0,392.2747,,,0.8
drift-capacity,quora,LRU,400,3,20000,0.5,1.1,6,1,0.62775,0.01210673038630028,12555,10.064516734564677,2.129300235537812,0,392.02875,,,0.8
drift-capacity,quora,LRU,400,4,20000,0.5,1.1,6,1,0.62755,0.005975619472551988,12551,10.326774622080848,2.26349665899761,0,392.13935,,,0.8
drift-capacity,quora,LRU,800,0,20000,0.5,1.1,6,1,0.6981,0.01461108723678556,13962,14.792467787628993,2.219975891057402,0,761.96925,,,0.8
drift-capacity,quora,LRU,800,1,20000,0.5,1.1,6,1,0.69075,0.011509229098805645,13815,13.59012879547663,2.0457329985219985,0,760.7692,,,0.8
drift-capacity,quora,LRU,800,2,20000,0.5,1.1,6,1,0.6919,0.013874837404249168,13838,14.808674348751083,2.318539598491043,0,761.5371,,,0.8
drift-capacity,quora,LRU,800,3,20000,0.5,1.1,6,1,0.6856,0.02114935822637106,13712,14.467897324357182,2.25280630402267,0,761.4782,,,0.8
drift-capacity,quora,ARC,50,2,20000,0.5,1.1,6,1,0.49815,0.0022081702298504466,9963,11.526894866256043,7.735839270753787,100,49.92135,2.0,3.4507336421259955,0.8
drift-capacity,quora,ARC,50,3,20000,0.5,1.1,6,1,0.49575,0.004437720625315179,9915,12.541484110988677,8.454709430225194,100,49.90965,2.0,3.8214601335435354,0.8
drift-capacity,quora,ARC,50,4,20000,0.5,1.1,6,1,0.4962,0.002317613865376864,9924,13.071563944686204,8.834773796843365,100,49.92875,0.0,3.527856267098937,0.8
drift-capacity,quora,ARC,100,0,20000,0.5,1.1,6,1,0.56345,0.0031058656491259207,11269,13.223010505316779,8.340777357807383,200,99.6925,5.0,8.118011902427567,0.8
drift-capacity,quora,ARC-exact,1600,1,20000,0.35,1.1,6,1,0.7365,0.029531568228105907,14730,21.378737007034943,3.548165748361498,2870,1412.23805,0.0,0.0,0.8
drift-capacity,quora,ARC-exact,1600,2,20000,0.35,1.1,6,1,0.7401,0.020875557357113904,14802,23.096261895261705,4.146550124278292,2884,1414.42185,0.0,0.0,0.8
drift-capacity,quora,ARC-exact,1600,3,20000,0.35,1.1,6,1,0.74075,0.027809652379345257,14815,25.089094758732244,4.5797482947818935,2907,1409.1786,0.0,0.0,0.8
drift-capacity,quora,ARC-exact,1600,4,20000,0.35,1.1,6,1,0.73875,0.028426395939086295,14775,24.00266226613894,4.546016396488994,2845,1413.43555,0.0,0.0,0.8
drift-capacity,quora,ARC,100,1,20000,0.5,1.1,6,1,0.56085,0.003922617455647677,11217,11.702216003322974,7.2906165034510195,200,99.66385,0.0,9.510212711179497,0.8
drift-capacity,quora,ARC,100,2,20000,0.5,1.1,6,1,0.5553,0.002971366828741221,11106,13.649198046186939,8.73106963117607,200,99.64885,0.0,9.701537023042059,0.8
drift-capacity,quora,ARC,100,3,20000,0.5,1.1,6,1,0.55425,0.008028867839422643,11085,12.093979748897254,7.60898040025495,200,99.6268,0.0,9.27996930933172,0.8
drift-capacity,quora,ARC,100,4,20000,0.5,1.1,6,1,0.5604,0.0022305496074232693,11208,12.33407897525467,7.867831777548418,200,99.6628,4.666666666666667,8.640261507008866,0.8
drift-capacity,quora,ARC,200,0,20000,0.5,1.1,6,1,0.6148,0.008214053350683148,12296,12.221360020339489,6.857398938154802,400,198.5029,36.23410566274954,27.04128197987433,0.8
drift-capacity,quora,ARC,200,1,20000,0.5,1.1,6,1,0.60805,0.006167255982238303,12161,13.812713942024857,7.886220008367673,400,198.30525,2.0,34.88002755075219,0.8
drift-capacity,quora,ARC,200,2,20000,0.5,1.1,6,1,0.60715,0.006258749897060035,12143,12.976409593829885,7.421892677666619,400,198.3974,0.0,23.263606782820695,0.8
drift-capacity,quora,ARC,200,3,20000,0.5,1.1,6,1,0.6031,0.0082904990880451,12062,13.301791186677292,7.697739801369607,400,198.2764,18.175670984675182,32.750719007054684,0.8
drift-capacity,quora,LRU,1600,3,20000,0.5,1.1,6,1,0.72865,0.039662389350168116,14573,20.793923182645813,1.8880042887758464,0,1414.9286,,,0.8
drift-capacity,quora,LRU,1600,4,20000,0.5,1.1,6,1,0.72945,0.05744053739118514,14589,22.513071820139885,2.339152473723516,0,1416.7622,,,0.8
drift-capacity,quora,ARC,50,0,20000,0.5,1.1,6,1,0.501,0.0018962075848303393,10020,12.94219017145224,8.765489759389311,100,49.9249,1.0,3.8507967767118076,0.8
drift-capacity,quora,ARC,50,1,20000,0.5,1.1,6,1,0.50285,0.0015909316893705876,10057,12.744685338111594,8.672277012374252,100,49.92535,0.0,3.9611806547617925,0.8
drift-capacity,quora,LFU,50,0,20000,0.5,1.1,6,1,0.2727,0.0011001100110011,5454,6.552619772264734,2.7059879852458835,0,49.9249,,,0.8
drift-capacity,quora,LFU,50,1,20000,0.5,1.1,6,1,0.2664,0.00243993993993994,5328,7.745324569987133,3.137108701048419,0,49.92535,,,0.8
drift-capacity,quora,LFU,50,2,20000,0.5,1.1,6,1,0.30155,0.00165809981760902,6031,6.728389399359003,2.7424704923760146,0,49.92135,,,0.8
drift-capacity,quora,LFU,50,3,20000,0.5,1.1,6,1,0.3041,0.003123972377507399,6082,7.313033932587132,2.9785902705043554,0,49.90965,,,0.8
drift-capacity,quora,ARC,200,4,20000,0.5,1.1,6,1,0.60605,0.0043725765200891015,12121,12.257563375169411,6.857078929897398,400,198.3929,17.070807694812963,22.509620944274108,0.8
drift-capacity,quora,ARC,400,0,20000,0.5,1.1,6,1,0.6605,0.010370931112793339,13210,16.367947537219152,8.171813108492643,800,392.40215,135.50115420561866,104.33430826052198,0.8
drift-capacity,quora,ARC,400,1,20000,0.5,1.1,6,1,0.654,0.008333333333333333,13080,16.40507219126448,8.326739352196455,800,391.8723,157.11814549707384,108.2309487828445,0.8
drift-capacity,quora,ARC,400,2,20000,0.5,1.1,6,1,0.6516,0.009821976672805401,13032,15.496101166354492,7.926583458902315,800,392.2747,125.17531092849634,88.65165493049003,0.8
drift-capacity,quora,LRU,800,4,20000,0.5,1.1,6,1,0.688,0.012427325581395348,13760,14.037939038826153,2.1075548022054136,0,761.81525,,,0.8
drift-capacity,quora,LRU,1600,0,20000,0.5,1.1,6,1,0.73685,0.02680328425052589,14737,22.119439695961773,2.2352135507389903,0,1419.4466,,,0.8
drift-capacity,quora,LRU,1600,1,20000,0.5,1.1,6,1,0.7287,0.09057225195553725,14574,21.147050749277696,2.1101071150042117,0,1413.13925,,,0.8
drift-capacity,quora,LRU,1600,2,20000,0.5,1.1,6,1,0.73135,0.023518151363916044,14627,19.968164298916236,2.1424757258500904,0,1413.40875,,,0.8
drift-capacity,quora,LFU,50,4,20000,0.5,1.1,6,1,0.28285,0.003181898532791232,5657,6.732787803048268,2.7822759991977364,0,49.92875,,,0.8
drift-capacity,quora,LFU,100,0,20000,0.5,1.1,6,1,0.36865,0.0031194900311949003,7373,7.7067773847375065,2.9134269570931792,0,99.6925,,,0.8
drift-capacity,quora,LFU,100,1,20000,0.5,1.1,6,1,0.36955,0.0032471925314571776,7391,7.4900198669638485,2.7966864756308496,0,99.66385,,,0.8
drift-capacity,quora,LFU,100,2,20000,0.5,1.1,6,1,0.39175,0.0028079132099553287,7835,7.224648998817429,2.685913792811334,0,99.64885,,,0.8
drift-capacity,quora,ARC,400,3,20000,0.5,1.1,6,1,0.6475,0.010501930501930502,12950,17.13158671045676,8.644737646682188,800,392.02875,130.79311036146643,100.12481843095723,0.8
drift-capacity,quora,ARC,400,4,20000,0.5,1.1,6,1,0.6504,0.008763837638376383,13008,15.483658708399162,7.752015662845223,800,392.13935,120.37129543133095,109.78672302716396,0.8
drift-capacity,quora,ARC,800,0,20000,0.5,1.1,6,1,0.70185,0.014746740756571917,14037,20.15270372503437,8.302916446700692,1600,761.96925,284.3125933358492,180.0088825986404,0.8
drift-capacity,quora,ARC,800,1,20000,0.5,1.1,6,1,0.69225,0.015312387143373058,13845,20.100631448440254,8.270611596526578,1600,760.7692,296.17177906954544,150.32159808323718,0.8
drift-capacity,quora,LFU,100,3,20000,0.5,1.1,6,1,0.3817,0.008514540214828399,7634,7.508784584933892,2.7615300205070525,0,99.6268,,,0.8
drift-capacity,quora,LFU,100,4,20000,0.5,1.1,6,1,0.39945,0.004130679684566279,7989,7.3490748181939125,2.680475451052189,0,99.6628,,,0.8
drift-capacity,quora,LFU,200,0,20000,0.5,1.1,6,1,0.4681,0.005767998290963469,9362,8.082146960077807,2.4242286279331893,0,198.5029,,,0.8
drift-capacity,quora,LFU,200,1,20000,0.5,1.1,6,1,0.4578,0.0049148099606815205,9156,7.826302602188662,2.336231339722872,0,198.30525,,,0.8
drift-capacity,quora,LFU,200,2,20000,0.5,1.1,6,1,0.4738,0.004537779653862389,9476,7.778801157837734,2.3850755766034126,0,198.3974,,,0.8
drift-capacity,quora,LFU,200,3,20000,0.5,1.1,6,1,0.46405,0.012714147182415689,9281,8.40024150093086,2.5444138911552727,0,198.2764,,,0.8
drift-capacity,quora,LFU,200,4,20000,0.5,1.1,6,1,0.46475,0.006670252824098978,9295,8.320600533625111,2.5286337942816317,0,198.3929,,,0.8
drift-capacity,quora,LFU,400,0,20000,0.5,1.1,6,1,0.5433,0.008466777102889747,10866,8.98730558110401,1.9682477286551148,0,392.40215,,,0.8
drift-capacity,quora,LFU,400,1,20000,0.5,1.1,6,1,0.53915,0.01159232124640638,10783,10.352463769959286,2.6362506032455713,0,391.8723,,,0.8
drift-capacity,quora,LFU,400,2,20000,0.5,1.1,6,1,0.5154,0.010089251067132324,10308,10.249952896265313,2.493442303966731,0,392.2747,,,0.8
drift-capacity,quora,LFU,400,3,20000,0.5,1.1,6,1,0.5326,0.014926774314682688,10652,9.622573154047132,2.144333365140483,0,392.02875,,,0.8
drift-capacity,quora,LFU,400,4,20000,0.5,1.1,6,1,0.5309,0.009512149180636654,10618,10.46026042313315,2.3401381622534245,0,392.13935,,,0.8
drift-capacity,quora,ARC,800,2,20000,0.5,1.1,6,1,0.69615,0.014939309056956116,13923,21.094896277645603,8.474545856006444,1600,761.5371,324.51976145319446,167.17002116330724,0.8
drift-capacity,quora,ARC,800,3,20000,0.5,1.1,6,1,0.6915,0.02190889370932755,13830,19.908420112915337,8.540410443674773,1600,761.4782,270.5670016426853,161.87304268332306,0.8
drift-capacity,quora,ARC,800,4,20000,0.5,1.1,6,1,0.6903,0.05171664493698392,13806,20.723690587328747,8.589148172177374,1600,761.81525,276.481655366679,159.6256154095892,0.8
drift-capacity,quora,ARC,1600,0,20000,0.5,1.1,6,1,0.73415,0.031124429612477016,14683,29.631556750973687,8.819734863936901,3200,1419.4466,359.6393043645866,128.91866401858243,0.8
drift-capacity,quora,ARC-exact,50,2,20000,0.5,1.1,6,1,0.4083,0.0015919666911584618,8166,10.074178199283779,5.915447120787576,100,49.92135,0.0,0.0,0.8
drift-capacity,quora,ARC-exact,50,3,20000,0.5,1.1,6,1,0.4182,0.003706360593017695,8364,9.193016029894352,5.389916442800313,100,49.90965,0.0,0.0,0.8
drift-capacity,quora,ARC-exact,50,4,20000,0.5,1.1,6,1,0.397,0.0025188916876574307,7940,9.77142930496484,5.685374425956979,100,49.92875,0.0,0.0,0.8
drift-capacity,quora,ARC-exact,100,0,20000,0.5,1.1,6,1,0.44165,0.0037359900373599006,8833,11.374620016431436,6.2514956400264055,200,99.6925,0.0,0.0,0.8
drift-capacity,quora,ARC-exact,100,1,20000,0.5,1.1,6,1,0.4511,0.002438483706495234,9022,10.738314437912777,5.849245120771229,200,99.66385,0.0,0.0,0.8
drift-capacity,quora,ARC-exact,100,2,20000,0.5,1.1,6,1,0.4406,0.002837040399455288,8812,8.886927721323445,4.812864126870409,200,99.64885,0.0,0.0,0.8
drift-capacity,quora,ARC-exact,100,3,20000,0.5,1.1,6,1,0.44705,0.007829101890168885,8941,10.80531554762274,5.906739266356453,200,99.6268,0.0,0.0,0.8
drift-capacity,quora,ARC-exact,100,4,20000,0.5,1.1,6,1,0.4376,0.0038848263254113347,8752,10.693197580985725,5.883612338220701,200,99.6628,0.0,0.0,0.8
drift-capacity,quora,LFU,800,0,20000,0.5,1.1,6,1,0.61495,0.018375477681112286,12299,14.984282647492364,2.68085008719936,0,761.96925,,,0.8
drift-capacity,quora,LFU,800,1,20000,0.5,1.1,6,1,0.5858,0.0197166268350973,11716,13.492629356915131,2.2691844147630036,0,760.7692,,,0.8
drift-capacity,quora,LFU,800,2,20000,0.5,1.1,6,1,0.59385,0.014818556874631642,11877,15.214320237282664,2.659831987693906,0,761.5371,,,0.8
drift-capacity,quora,LFU,800,3,20000,0.5,1.1,6,1,0.59165,0.021296374545761852,11833,14.21268456033431,2.4691014434210956,0,761.4782,,,0.8
drift-capacity,quora,ARC-exact,200,0,20000,0.5,1.1,6,1,0.4912,0.005496742671009772,9824,10.014291718835011,4.799457214539871,400,198.5029,0.0,0.0,0.8
drift-capacity,quora,ARC-exact,200,1,20000,0.5,1.1,6,1,0.48785,0.005636978579481398,9757,13.017665554070845,6.4608226413838565,400,198.30525,0.0,0.0,0.8
drift-capacity,quora,ARC-exact,200,2,20000,0.5,1.1,6,1,0.49485,0.0038395473375770436,9897,10.220386774744838,5.0208386965096,400,198.3974,0.0,0.0,0.8
drift-capacity,quora,ARC-exact,200,3,20000,0.5,1.1,6,1,0.4905,0.010091743119266056,9810,10.764836869202554,5.315023043658584,400,198.2764,0.0,0.0,0.8
drift-capacity,quora,LFU,1600,3,20000,0.5,1.1,6,1,0.7051,0.04538363352715927,14102,22.027690638788044,2.4363598960917443,0,1414.9286,,,0.8
drift-capacity,quora,LFU,1600,4,20000,0.5,1.1,6,1,0.7101,0.06104773975496409,14202,25.075970852049068,2.828073193086311,0,1416.7622,,,0.8
drift-capacity,quora,ARC-exact,50,0,20000,0.5,1.1,6,1,0.40725,0.0015960712093308778,8145,9.265595430042595,5.421007645782083,100,49.9249,0.0,0.0,0.8
drift-capacity,quora,ARC-exact,50,1,20000,0.5,1.1,6,1,0.4176,0.0016762452107279694,8352,9.350487013580278,5.472040671156719,100,49.92535,0.0,0.0,0.8
drift-capacity,quora,ARC-exact,200,4,20000,0.5,1.1,6,1,0.49405,0.0075903248659042605,9881,10.15882461797446,4.800880030961707,400,198.3929,0.0,0.0,0.8
drift-capacity,quora,ARC-exact,400,0,20000,0.5,1.1,6,1,0.56435,0.008593957650394259,11287,15.312687284313142,6.196584593271837,800,392.40215,0.0,0.0,0.8
drift-capacity,quora,ARC-exact,400,1,20000,0.5,1.1,6,1,0.5604,0.008476088508208423,11208,12.310827890178189,4.753362864721566,800,391.8723,0.0,0.0,0.8
drift-capacity,quora,ARC-exact,400,2,20000,0.5,1.1,6,1,0.56585,0.008747901387293453,11317,13.14067673520185,5.298502556979656,800,392.2747,0.0,0.0,0.8
drift-capacity,quora,ARC,1600,1,20000,0.5,1.1,6,1,0.7262,0.09164142109611677,14524,29.172131622908637,8.86897238669917,3200,1413.13925,305.9499496225622,121.98533171924676,0.8
drift-capacity,quora,ARC,1600,2,20000,0.5,1.1,6,1,0.72845,0.02457272290479786,14569,28.30713501898572,8.622475602896884,3200,1413.40875,341.23720632862006,122.77625311352597,0.8
drift-capacity,quora,ARC,1600,3,20000,0.5,1.1,6,1,0.7268,0.03900660429279031,14536,29.62612616829574,8.980523137142882,3200,1414.9286,330.93911026463934,127.71779764639156,0.8
drift-capacity,quora,ARC,1600,4,20000,0.5,1.1,6,1,0.72695,0.059839053580026134,14539,26.035764790140092,7.708015484968199,3200,1416.7622,325.9825159525903,122.55953692922438,0.8
drift-capacity,quora,LRU,50,0,20000,0.75,1.1,6,1,0.3921,0.00306044376434583,7842,5.53640237194486,2.138323656981811,0,49.9273,,,0.8
drift-capacity,quora,LRU,50,1,20000,0.75,1.1,6,1,0.40205,0.0019898022634000745,8041,5.991738836746663,2.288935222895816,0,49.9227,,,0.8
drift-capacity,quora,LRU,50,2,20000,0.75,1.1,6,1,0.40055,0.0026213955810760205,8011,6.337768118828535,2.469132689293474,0,49.92135,,,0.8
drift-capacity,quora,LRU,50,3,20000,0.75,1.1,6,1,0.39515,0.005061369100341643,7903,6.524263432947919,2.5170016509946436,0,49.90785,,,0.8
drift-capacity,quora,LFU,800,4,20000,0.5,1.1,6,1,0.5893,0.05811980315628712,11786,14.662817207863554,2.558362571289763,0,761.81525,,,0.8
drift-capacity,quora,LFU,1600,0,20000,0.5,1.1,6,1,0.7086,0.029635901778154106,14172,20.885347825242206,2.263740065973252,0,1419.4466,,,0.8
drift-capacity,quora,LFU,1600,1,20000,0.5,1.1,6,1,0.70545,0.0950457155007442,14109,21.40461642993614,2.463797724340111,0,1413.13925,,,0.8
drift-capacity,quora,LFU,1600,2,20000,0.5,1.1,6,1,0.70565,0.024658116630057392,14113,19.992031168658286,2.374620467890054,0,1413.40875,,,0.8
drift-capacity,quora,LRU,50,4,20000,0.75,1.1,6,1,0.37585,0.0022615405081814555,7517,5.7697832060512155,2.2434727230574936,0,49.92875,,,0.8
drift-capacity,quora,LRU,100,0,20000,0.75,1.1,6,1,0.48015,0.0043736332396126214,9603,5.926484160590917,1.9837191735859963,0,99.6986,,,0.8
drift-capacity,quora,LRU,100,1,20000,0.75,1.1,6,1,0.4866,0.0027743526510480886,9732,6.731118314201012,2.307762758573517,0,99.65845,,,0.8
drift-capacity,quora,LRU,100,2,20000,0.75,1.1,6,1,0.4832,0.004035596026490066,9664,6.829859782010317,2.3445959202945232,0,99.64725,,,0.8
drift-capacity,quora,LRU,100,3,20000,0.75,1.1,6,1,0.47865,0.004909641700616317,9573,6.376377446576953,2.19824819942005,0,99.62155,,,0.8
drift-capacity,quora,LRU,100,4,20000,0.75,1.1,6,1,0.4661,0.003110920403346921,9322,6.147604959551245,2.103666967013851,0,99.6628,,,0.8
drift-capacity,quora,LRU,200,0,20000,0.75,1.1,6,1,0.55315,0.00985266202657507,11063,7.779815560206771,2.219311590306461,0,198.5119,,,0.8
drift-capacity,quora,LRU,200,1,20000,0.75,1.1,6,1,0.56425,0.005671245015507311,11285,7.527176773874089,2.1455350855831057,0,198.29755,,,0.8
drift-capacity,quora,ARC-exact,400,3,20000,0.5,1.1,6,1,0.561,0.0142602495543672,11220,12.622055364772677,4.796946689020842,800,392.02875,0.0,0.0,0.8
drift-capacity,quora,ARC-exact,400,4,20000,0.5,1.1,6,1,0.5646,0.008678710591569253,11292,14.096612500725314,5.535345373209566,800,392.13935,0.0,0.0,0.8
drift-capacity,quora,ARC-exact,800,0,20000,0.5,1.1,6,1,0.6701,0.015743918818086854,13402,15.025717118987814,4.156573646469042,1598,761.96925,0.0,0.0,0.8
drift-capacity,quora,ARC-exact,800,1,20000,0.5,1.1,6,1,0.661,0.01497730711043873,13220,17.16552135767415,4.925949813332409,1596,760.7692,0.0,0.0,0.8
drift-capacity,quora,LRU,200,2,20000,0.75,1.1,6,1,0.56085,0.005259873406436659,11217,7.000092783709988,1.920448336750269,0,198.3793,,,0.8
drift-capacity,quora,LRU,200,3,20000,0.75,1.1,6,1,0.5595,0.007059874888293119,11190,8.102159632835537,2.272162470035255,0,198.2539,,,0.8
drift-capacity,quora,LRU,200,4,20000,0.75,1.1,6,1,0.5536,0.010115606936416185,11072,7.68210917012766,2.166212588781491,0,198.398,,,0.8
drift-capacity,quora,LRU,400,0,20000,0.75,1.1,6,1,0.6239,0.019474274723513384,12478,9.324054169701412,1.9693570327945051,0,392.40075,,,0.8
drift-capacity,quora,ARC-exact,800,2,20000,0.5,1.1,6,1,0.65745,0.013765305346414175,13149,18.377460131887347,5.456575594143942,1596,761.5371,0.0,0.0,0.8
drift-capacity,quora,ARC-exact,800,3,20000,0.5,1.1,6,1,0.65565,0.022039197742698087,13113,14.81203832081519,4.1183739609550685,1595,761.4782,0.0,0.0,0.8
drift-capacity,quora,ARC-exact,800,4,20000,0.5,1.1,6,1,0.6641,0.05413341364252371,13282,17.92468722560443,5.272747209528461,1589,761.81525,0.0,0.0,0.8
drift-capacity,quora,ARC-exact,1600,0,20000,0.5,1.1,6,1,0.73255,0.0285987304620845,14651,23.79046877613291,4.137575830100104,2944,1419.4466,0.0,0.0,0.8
drift-capacity,quora,LRU,400,1,20000,0.75,1.1,6,1,0.62835,0.014402800986711229,12567,9.96789934579283,2.223444718401879,0,391.81705,,,0.8
drift-capacity,quora,LRU,400,2,20000,0.75,1.1,6,1,0.6294,0.014061010486177312,12588,9.608788590412587,2.0684289163909853,0,392.24995,,,0.8
drift-capacity,quora,LRU,400,3,20000,0.75,1.1,6,1,0.62815,0.015123776168112711,12563,9.815734613221139,2.177771960850805,0,391.96805,,,0.8
drift-capacity,quora,LRU,400,4,20000,0.75,1.1,6,1,0.6234,0.013314084055181264,12468,10.524590854765847,2.414774597855285,0,392.13995,,,0.8
drift-capacity,quora,LRU,800,0,20000,0.75,1.1,6,1,0.67785,0.03090654274544516,13557,14.3084378214553,2.2359408845659345,0,761.50905,,,0.8
drift-capacity,quora,LRU,800,1,20000,0.75,1.1,6,1,0.6819,0.020750843232145474,13638,13.91588730039075,1.9668862980324775,0,761.00415,,,0.8
drift-capacity,quora,LRU,800,2,20000,0.75,1.1,6,1,0.6822,0.030709469363822926,13644,14.331691904226318,2.1766051184386015,0,761.82265,,,0.8
drift-capacity,quora,LRU,800,3,20000,0.75,1.1,6,1,0.67955,0.024207195938488704,13591,14.309639518614858,2.214215212734416,0,761.20735,,,0.8
drift-capacity,quora,ARC,100,1,20000,0.75,1.1,6,1,0.55325,0.002169001355625847,11065,12.148381298175082,7.7100074908230445,200,99.65845,0.0,13.113992016502069,0.8
drift-capacity,quora,ARC,100,2,20000,0.75,1.1,6,1,0.55195,0.007699972823625329,11039,11.236921412637457,7.046739844372496,200,99.64725,2.0,14.213327697567506,0.8
drift-capacity,quora,ARC,100,3,20000,0.75,1.1,6,1,0.54905,0.005919315180766779,10981,12.643045198637992,8.088325842982158,200,99.62155,4.0,14.427388497060683,0.8
drift-capacity,quora,ARC,100,4,20000,0.75,1.1,6,1,0.5433,0.003405116878336094,10866,12.434668419882655,7.934813306201249,200,99.6628,0.0,11.306806287962543,0.8
drift-capacity,quora,ARC,50,2,20000,0.75,1.1,6,1,0.4927,0.0028414856910899127,9854,12.381924077635631,8.354802476242185,100,49.92135,7.0,5.493538048814746,0.8
drift-capacity,quora,ARC,50,3,20000,0.75,1.1,6,1,0.4923,0.004671947999187487,9846,10.969211597694084,7.377334148623049,100,49.90785,4.0,5.369801559450673,0.8
drift-capacity,quora,ARC,50,4,20000,0.75,1.1,6,1,0.4749,0.00136870920193725,9498,13.210103352321312,9.020580881042406,100,49.92875,1.0,4.324946332384963,0.8
drift-capacity,quora,ARC,100,0,20000,0.75,1.1,6,1,0.54725,0.015714938328003653,10945,12.28696124162525,7.779620523797348,200,99.6986,10.831501831501832,13.434088763868742,0.8
drift-capacity,quora,ARC,200,0,20000,0.75,1.1,6,1,0.5924,0.019328156650911546,11848,13.249350903788581,7.571878156159073,400,198.5119,9.009464377031577,54.09563603255172,0.8
drift-capacity,quora,ARC,200,1,20000,0.75,1.1,6,1,0.598,0.010451505016722408,11960,12.582465796731412,7.062385289464146,400,198.29755,39.730696144349295,48.688742784125054,0.8
drift-capacity,quora,ARC,200,2,20000,0.75,1.1,6,1,0.5961,0.009058882737795673,11922,13.369462033733726,7.697461679344997,400,198.3793,40.9465606631619,52.208876600858936,0.8
drift-capacity,quora,ARC,200,3,20000,0.75,1.1,6,1,0.59175,0.008027038445289396,11835,12.454340187832713,7.160769175970927,400,198.2539,39.685679633343035,56.74998487529493,0.8
drift-capacity,quora,ARC-exact,1600,1,20000,0.5,1.1,6,1,0.7242,0.09237779618889809,14484,23.756443348247558,4.450454830657691,2955,1413.13925,0.0,0.0,0.8
drift-capacity,quora,ARC-exact,1600,2,20000,0.5,1.1,6,1,0.7263,0.02395704254440314,14526,23.350984643911943,4.544193303445354,2958,1413.40875,0.0,0.0,0.8
drift-capacity,quora,ARC-exact,1600,3,20000,0.5,1.1,6,1,0.72485,0.044147064909981375,14497,25.78117700177245,4.375562065979466,2956,1414.9286,0.0,0.0,0.8
drift-capacity,quora,ARC-exact,1600,4,20000,0.5,1.1,6,1,0.72645,0.059880239520958084,14529,24.69062590971589,4.59141627070494,2941,1416.7622,0.0,0.0,0.8
drift-capacity,quora,LRU,1600,3,20000,0.75,1.1,6,1,0.71095,0.03298403544553063,14219,20.37041955627501,2.0729716634377837,0,1416.38315,,,0.8
drift-capacity,quora,LRU,1600,4,20000,0.75,1.1,6,1,0.71095,0.04072016316196638,14219,22.875361784826964,2.381920244079083,0,1420.6911,,,0.8
drift-capacity,quora,ARC,50,0,20000,0.75,1.1,6,1,0.4857,0.005558987029030266,9714,11.75805278471671,7.919914682861418,100,49.9273,1.0,5.216336073784152,0.8
drift-capacity,quora,ARC,50,1,20000,0.75,1.1,6,1,0.5001,0.0008998200359928015,10002,11.691941204480827,7.89155563688837,100,49.9227,4.0,4.638361390700325,0.8
drift-capacity,quora,LFU,50,0,20000,0.75,1.1,6,1,0.19475,0.03337612323491656,3895,7.4074984062463045,3.1774740084074438,0,49.9273,,,0.8
drift-capacity,quora,LFU,50,1,20000,0.75,1.1,6,1,0.23305,0.005792748337266681,4661,6.934459984768182,2.9212911904323846,0,49.9227,,,0.8
drift-capacity,quora,LFU,50,2,20000,0.75,1.1,6,1,0.2315,0.0019438444924406047,4630,6.421647180104628,2.705787681043148,0,49.92135,,,0.8
drift-capacity,quora,LFU,50,3,20000,0.75,1.1,6,1,0.2312,0.00865051903114187,4624,7.0577811216935515,3.003574232570827,0,49.90785,,,0.8
drift-capacity,quora,ARC,200,4,20000,0.75,1.1,6,1,0.5909,0.04848536131325097,11818,13.428072282113135,7.705079886363818,400,198.398,29.840680218122444,48.63561001194217,0.8
drift-capacity,quora,ARC,400,0,20000,0.75,1.1,6,1,0.63375,0.02319526627218935,12675,16.29157785209827,8.210202888585627,800,392.40075,204.8161411400823,147.71359877470633,0.8
drift-capacity,quora,ARC,400,1,20000,0.75,1.1,6,1,0.63865,0.015579738510921474,12773,15.934991388348863,8.060294861206785,800,391.81705,216.12294768544618,155.0922618869639,0.8
drift-capacity,quora,ARC,400,2,20000,0.75,1.1,6,1,0.6391,0.022062275074323266,12782,14.9365434772335,7.525421498576179,800,392.24995,203.10685960617556,150.43293505727445,0.8
drift-capacity,quora,LRU,800,4,20000,0.75,1.1,6,1,0.67905,0.03445990722332671,13581,13.768444344168529,2.0410072873346508,0,761.52185,,,0.8
drift-capacity,quora,LRU,1600,0,20000,0.75,1.1,6,1,0.70855,0.06732058429186366,14171,22.163676552008837,2.0898558665066957,0,1420.8058,,,0.8
drift-capacity,quora,LRU,1600,1,20000,0.75,1.1,6,1,0.712,0.04985955056179775,14240,21.370940061751753,2.136792481178418,0,1417.40255,,,0.8
drift-capacity,quora,LRU,1600,2,20000,0.75,1.1,6,1,0.7149,0.05224506924045321,14298,21.42562527442351,2.237019391031936,0,1416.56885,,,0.8
drift-capacity,quora,ARC,400,3,20000,0.75,1.1,6,1,0.63625,0.010451866404715128,12725,15.167143027065322,7.533700054045767,800,391.96805,224.01751270166346,153.72123151917094,0.8
drift-capacity,quora,ARC,400,4,20000,0.75,1.1,6,1,0.6346,0.013394264103372203,12692,16.47128900513053,8.361628622515127,800,392.13995,188.82930653911978,146.0321656291472,0.8
drift-capacity,quora,ARC,800,0,20000,0.75,1.1,6,1,0.67285,0.030467414728394145,13457,19.147563551086932,8.01215196843259,1600,761.50905,371.48786600845244,201.9148485845395,0.8
drift-capacity,quora,ARC,800,1,20000,0.75,1.1,6,1,0.67625,0.031719038817005545,13525,22.203102527419105,9.518406534334645,1600,761.00415,358.7764908126853,187.46745433801436,0.8
drift-capacity,quora,LFU,50,4,20000,0.75,1.1,6,1,0.20115,0.05642555306984837,4023,6.245369138196111,2.6598549040500075,0,49.92875,,,0.8
drift-capacity,quora,LFU,100,0,20000,0.75,1.1,6,1,0.31205,0.025156224963948086,6241,7.219670491758734,2.7122956002131104,0,99.6986,,,0.8
drift-capacity,quora,LFU,100,1,20000,0.75,1.1,6,1,0.33665,0.004901232734293777,6733,7.5044114724732935,2.7919682674109936,0,99.65845,,,0.8
drift-capacity,quora,LFU,100,2,20000,0.75,1.1,6,1,0.33695,0.0031161893456002373,6739,7.094314799178392,2.6971887971740216,0,99.64725,,,0.8
drift-capacity,quora,LFU,100,3,20000,0.75,1.1,6,1,0.3099,0.013714101323007422,6198,6.5890064695850015,2.535901783267036,0,99.62155,,,0.8
drift-capacity,quora,LFU,100,4,20000,0.75,1.1,6,1,0.30895,0.005664346981712251,6179,7.5086476863361895,2.882510278141126,0,99.6628,,,0.8
drift-capacity,quora,LFU,200,0,20000,0.75,1.1,6,1,0.40785,0.025131788647787177,8157,9.08197335083969,2.933726739138365,0,198.5119,,,0.8
drift-capacity,quora,LFU,200,1,20000,0.75,1.1,6,1,0.4096,0.0091552734375,8192,7.486649096244946,2.303192124236375,0,198.29755,,,0.8
drift-capacity,quora,LFU,200,2,20000,0.75,1.1,6,1,0.3927,0.006620830150241915,7854,7.157784787705168,2.3129851557314396,0,198.3793,,,0.8
drift-capacity,quora,LFU,200,3,20000,0.75,1.1,6,1,0.41195,0.014686248331108143,8239,8.394873060751706,2.6757513696793467,0,198.2539,,,0.8
drift-capacity,quora,LFU,200,4,20000,0.75,1.1,6,1,0.39915,0.011900288112238507,7983,8.545641938690096,2.6735979365184903,0,198.398,,,0.8
drift-capacity,quora,LFU,400,0,20000,0.75,1.1,6,1,0.4697,0.028635299127102404,9394,9.365086141042411,2.203149552224204,0,392.40075,,,0.8
drift-capacity,quora,LFU,400,1,20000,0.75,1.1,6,1,0.49205,0.014835890661518138,9841,10.09726332849823,2.5408745685126632,0,391.81705,,,0.8
drift-capacity,quora,LFU,400,2,20000,0.75,1.1,6,1,0.47715,0.01330818400922142,9543,11.414636886911467,2.8888488363008946,0,392.24995,,,0.8
drift-capacity,quora,LFU,400,3,20000,0.75,1.1,6,1,0.49355,0.02907506838212947,9871,9.003064048010856,2.2556503245141357,0,391.96805,,,0.8
drift-capacity,quora,LFU,400,4,20000,0.75,1.1,6,1,0.46435,0.07268224399698503,9287,10.466100031044334,2.5457054434809834,0,392.13995,,,0.8
drift-capacity,quora,ARC,800,2,20000,0.75,1.1,6,1,0.67785,0.02980010326768459,13557,21.186475397553295,8.824346377514303,1600,761.82265,346.7400794277304,178.47717688989172,0.8
drift-capacity,quora,ARC,800,3,20000,0.75,1.1,6,1,0.6757,0.02575107296137339,13514,20.501339196925983,8.59963601687923,1600,761.20735,326.1886989994082,158.05375090497475,0.8
drift-capacity,quora,ARC,800,4,20000,0.75,1.1,6,1,0.67305,0.034395661540747344,13461,21.30680043483153,9.064383711665869,1600,761.52185,372.15450707354563,177.55109756256923,0.8
drift-capacity,quora,ARC,1600,0,20000,0.75,1.1,6,1,0.706,0.06671388101983003,14120,29.909889510599896,9.429091541096568,3200,1420.8058,394.9388077872783,135.90633877551107,0.8
drift-capacity,quora,LFU,800,0,20000,0.75,1.1,6,1,0.57405,0.03588537583834161,11481,13.412261119810864,2.4111750128213316,0,761.50905,,,0.8
drift-capacity,quora,LFU,800,1,20000,0.75,1.1,6,1,0.57355,0.04376253160142969,11471,13.582490012049675,2.3557888285722584,0,761.00415,,,0.8
drift-capacity,quora,LFU,800,2,20000,0.75,1.1,6,1,0.54075,0.03828016643550624,10815,13.826103473547846,2.3635760124307126,0,761.82265,,,0.8
drift-capacity,quora,LFU,800,3,20000,0.75,1.1,6,1,0.5461,0.03964475370811207,10922,15.219025791157037,2.8425465745385736,0,761.20735,,,0.8
drift-capacity,quora,ARC-exact,50,2,20000,0.75,1.1,6,1,0.3726,0.0030864197530864196,7452,10.641436913283542,6.319564126897603,100,49.92135,0.0,0.0,0.8
drift-capacity,quora,ARC-exact,50,3,20000,0.75,1.1,6,1,0.3688,0.004067245119305857,7376,9.297867445275187,5.519999685930088,100,49.90785,0.0,0.0,0.8
drift-capacity,quora,ARC-exact,50,4,20000,0.75,1.1,6,1,0.3555,0.002672292545710267,7110,10.945961420657113,6.617888575419784,100,49.92875,0.0,0.0,0.8
drift-capacity,quora,ARC-exact,100,0,20000,0.75,1.1,6,1,0.39245,0.020257357625175183,7849,11.133694235468283,6.353958853287622,200,99.6986,0.0,0.0,0.8
drift-capacity,quora,ARC-exact,100,1,20000,0.75,1.1,6,1,0.4055,0.003945745992601726,8110,9.78884280193597,5.4871746397111565,200,99.65845,0.0,0.0,0.8
drift-capacity,quora,ARC-exact,100,2,20000,0.75,1.1,6,1,0.4026,0.003974167908594138,8052,9.95509247877635,5.498567514587194,200,99.64725,0.0,0.0,0.8
drift-capacity,quora,ARC-exact,100,3,20000,0.75,1.1,6,1,0.39115,0.009970599514252844,7823,11.371179280104116,6.384786305716261,200,99.62155,0.0,0.0,0.8
drift-capacity,quora,ARC-exact,100,4,20000,0.75,1.1,6,1,0.3828,0.0036572622779519333,7656,10.291715821949765,5.895277421223,200,99.6628,0.0,0.0,0.8
drift-capacity,quora,ARC-exact,200,0,20000,0.75,1.1,6,1,0.4372,0.023215919487648673,8744,10.631854087114334,5.306605988880619,400,198.5119,0.0,0.0,0.8
drift-capacity,quora,ARC-exact,200,1,20000,0.75,1.1,6,1,0.4383,0.008441706593657313,8766,12.318892398616299,6.1065386747941375,400,198.29755,0.0,0.0,0.8
drift-capacity,quora,ARC-exact,200,2,20000,0.75,1.1,6,1,0.4458,0.005383580080753701,8916,12.029402231564745,6.089564791182056,400,198.3793,0.0,0.0,0.8
drift-capacity,quora,ARC-exact,200,3,20000,0.75,1.1,6,1,0.43835,0.015170525835519562,8767,10.642852523596957,5.30340718687512,400,198.2539,0.0,0.0,0.8
drift-capacity,quora,LFU,1600,3,20000,0.75,1.1,6,1,0.67645,0.03969251238081159,13529,20.972606900613755,2.5090359267778695,0,1416.38315,,,0.8
drift-capacity,quora,LFU,1600,4,20000,0.75,1.1,6,1,0.6706,0.04734566060244557,13412,23.20916139287874,2.868699550163001,0,1420.6911,,,0.8
drift-capacity,quora,ARC-exact,50,0,20000,0.75,1.1,6,1,0.3699,0.019870235198702353,7398,10.078105732100084,6.054478313308209,100,49.9273,0.0,0.0,0.8
drift-capacity,quora,ARC-exact,50,1,20000,0.75,1.1,6,1,0.37625,0.0037209302325581397,7525,10.18191497423686,6.373584939865395,100,49.9227,0.0,0.0,0.8
drift-capacity,quora,LRU,50,0,20000,1.0,1.1,6,1,0.39345,0.004574914220358368,7869,6.430390203604475,2.5264592666644603,0,49.9266,,,0.8
drift-capacity,quora,LRU,50,1,20000,1.0,1.1,6,1,0.3876,0.0029669762641898866,7752,5.857090477366,2.266201301245019,0,49.92685,,,0.8
drift-capacity,quora,LRU,50,2,20000,1.0,1.1,6,1,0.39375,0.0027936507936507935,7875,5.477973417146131,2.109019283670932,0,49.92135,,,0.8
drift-capacity,quora,LRU,50,3,20000,1.0,1.1,6,1,0.4003,0.0038720959280539595,8006,8.130674913991243,2.9586652701254934,0,49.91225,,,0.8
drift-capacity,quora,ARC-exact,200,4,20000,0.75,1.1,6,1,0.42465,0.008359825738843753,8493,10.64084114623256,5.240477510960773,400,198.398,0.0,0.0,0.8
drift-capacity,quora,ARC-exact,400,0,20000,0.75,1.1,6,1,0.4981,0.026400321220638425,9962,15.479615121148527,6.563151784939691,800,392.40075,0.0,0.0,0.8
drift-capacity,quora,ARC-exact,400,1,20000,0.75,1.1,6,1,0.5141,0.013226998638397198,10282,12.17073219595477,5.101781227858737,800,391.81705,0.0,0.0,0.8
drift-capacity,quora,ARC-exact,400,2,20000,0.75,1.1,6,1,0.4987,0.01263284539803489,9974,14.89826418692246,6.266985437832773,800,392.24995,0.0,0.0,0.8
drift-capacity,quora,ARC,1600,1,20000,0.75,1.1,6,1,0.7084,0.05103049124788255,14168,29.768946301192045,9.49365291162394,3200,1417.40255,348.5259834665601,131.5801795351927,0.8
drift-capacity,quora,ARC,1600,2,20000,0.75,1.1,6,1,0.71115,0.05540322013639879,14223,28.922869043890387,9.287292684894055,3200,1416.56885,342.58958713336665,134.4112617585697,0.8
drift-capacity,quora,ARC,1600,3,20000,0.75,1.1,6,1,0.70825,0.03826332509707024,14165,30.313465610379353,9.60718760616146,3200,1416.38315,355.9013566022789,137.35345482186227,0.8
drift-capacity,quora,ARC,1600,4,20000,0.75,1.1,6,1,0.70705,0.04596563185064705,14141,28.015227074502036,9.049669170053676,3200,1420.6911,296.98331887106656,118.68216455261107,0.8
drift-capacity,quora,LRU,50,4,20000,1.0,1.1,6,1,0.38775,0.0020631850419084463,7755,5.756151408422738,2.240444312337786,0,49.92875,,,0.8
drift-capacity,quora,LRU,100,0,20000,1.0,1.1,6,1,0.47975,0.006774361646690985,9595,6.247869017533958,2.0870592969004065,0,99.70115,,,0.8
drift-capacity,quora,LRU,100,1,20000,1.0,1.1,6,1,0.4768,0.00388003355704698,9536,9.075845131883398,2.661809406708926,0,99.66915,,,0.8
drift-capacity,quora,LRU,100,2,20000,1.0,1.1,6,1,0.4755,0.003470031545741325,9510,7.649671571562067,2.658036502543837,0,99.64825,,,0.8
drift-capacity,quora,LFU,800,4,20000,0.75,1.1,6,1,0.5585,0.03974932855863921,11170,14.682770689250901,2.6856375916395336,0,761.52185,,,0.8
drift-capacity,quora,LFU,1600,0,20000,0.75,1.1,6,1,0.6673,0.0706578750187322,13346,22.550827806117013,2.6093397638760507,0,1420.8058,,,0.8
drift-capacity,quora,LFU,1600,1,20000,0.75,1.1,6,1,0.6767,0.054824885473621986,13534,20.85263227345422,2.500104281352833,0,1417.40255,,,0.8
drift-capacity,quora,LFU,1600,2,20000,0.75,1.1,6,1,0.6753,0.05634532800236932,13506,25.015780748799443,3.340779565041885,0,1416.56885,,,0.8
drift-capacity,quora,LRU,100,3,20000,1.0,1.1,6,1,0.48265,0.005076142131979695,9653,6.125828408403322,2.0999244356062263,0,99.62925,,,0.8
drift-capacity,quora,LRU,100,4,20000,1.0,1.1,6,1,0.47185,0.0044505669174525805,9437,6.330601568333805,2.1616503363475204,0,99.66215,,,0.8
drift-capacity,quora,LRU,200,0,20000,1.0,1.1,6,1,0.55845,0.005551078879040201,11169,9.30498011293821,3.0305008694995195,0,198.52225,,,0.8
drift-capacity,quora,LRU,200,1,20000,1.0,1.1,6,1,0.55355,0.007858368711046879,11071,8.566651382716373,2.46106656268239,0,198.32735,,,0.8
drift-capacity,quora,ARC-exact,400,3,20000,0.75,1.1,6,1,0.49525,0.02635032811711257,9905,14.1468997055199,5.881440406665206,800,391.96805,0.0,0.0,0.8
drift-capacity,quora,ARC-exact,400,4,20000,0.75,1.1,6,1,0.49235,0.015334619681121153,9847,14.015342411585152,6.060514692217112,800,392.13995,0.0,0.0,0.8
drift-capacity,quora,ARC-exact,800,0,20000,0.75,1.1,6,1,0.59965,0.03585424831151505,11993,15.652084944304079,4.627256892854348,1600,761.50905,0.0,0.0,0.8
drift-capacity,quora,ARC-exact,800,1,20000,0.75,1.1,6,1,0.61685,0.035665072545999835,12337,19.232815952273086,5.942740244790912,1600,761.00415,0.0,0.0,0.8
drift-capacity,quora,LRU,200,2,20000,1.0,1.1,6,1,0.55135,0.005622562800399021,11027,6.774080899776891,1.8572787870652974,0,198.39275,,,0.8
drift-capacity,quora,LRU,200,3,20000,1.0,1.1,6,1,0.56435,0.007176397625586958,11287,9.857823536731303,2.690352703211829,0,198.2686,,,0.8
drift-capacity,quora,LRU,200,4,20000,1.0,1.1,6,1,0.5527,0.004432784512393703,11054,8.32218216964975,2.318850136362016,0,198.3763,,,0.8
drift-capacity,quora,LRU,400,0,20000,1.0,1.1,6,1,0.6251,0.009598464245720684,12502,9.407997934613377,1.8224189756438136,0,392.38375,,,0.8
drift-capacity,quora,ARC-exact,800,2,20000,0.75,1.1,6,1,0.6077,0.032252756294224125,12154,19.163917959667742,5.8072266867384315,1600,761.82265,0.0,0.0,0.8
drift-capacity,quora,ARC-exact,800,3,20000,0.75,1.1,6,1,0.62335,0.030320044918585063,12467,15.315887745236978,4.588996944949031,1600,761.20735,0.0,0.0,0.8
drift-capacity,quora,ARC-exact,800,4,20000,0.75,1.1,6,1,0.59915,0.03863807060001669,11983,19.73932976834476,6.21575175318867,1600,761.52185,0.0,0.0,0.8
drift-capacity,quora,ARC-exact,1600,0,20000,0.75,1.1,6,1,0.7015,0.06785459729151817,14030,25.709257437847555,4.820957448100671,3052,1420.8058,0.0,0.0,0.8
drift-capacity,quora,LRU,400,1,20000,1.0,1.1,6,1,0.61815,0.011404998786702257,12363,12.533312977757305,2.756710787070915,0,391.88245,,,0.8
drift-capacity,quora,LRU,400,2,20000,1.0,1.1,6,1,0.6194,0.009686793671294802,12388,10.09873675648123,2.182048140093684,0,392.32145,,,0.8
drift-capacity,quora,LRU,400,3,20000,1.0,1.1,6,1,0.6302,0.01023484608060933,12604,10.377903038170189,2.1144575614016503,0,391.947,,,0.8
drift-capacity,quora,LRU,400,4,20000,1.0,1.1,6,1,0.6197,0.010569630466354688,12394,10.003434057580307,2.0287669787649065,0,392.0244,,,0.8
drift-capacity,quora,ARC,50,2,20000,1.0,1.1,6,1,0.4784,0.0019857859531772575,9568,13.347646995680407,9.094286750769243,100,49.92135,2.75,6.44159532327395,0.8
drift-capacity,quora,ARC,50,3,20000,1.0,1.1,6,1,0.48645,0.004316990440949738,9729,12.467729055788368,8.409858460072428,100,49.91225,6.0,5.920530713673385,0.8
drift-capacity,quora,ARC,50,4,20000,1.0,1.1,6,1,0.4801,0.0016663195167673402,9602,11.875326535664499,7.994054857408628,100,49.92875,0.0,5.7356373516261705,0.8
drift-capacity,quora,ARC,100,0,20000,1.0,1.1,6,1,0.54425,0.006338998621956821,10885,12.48686853214167,7.503542746417224,200,99.70115,0.0,18.252536711393407,0.8
drift-capacity,quora,LRU,800,0,20000,1.0,1.1,6,1,0.6711,0.015720458947995827,13422,15.657165821176022,2.637852350017056,0,761.7054,,,0.8
drift-capacity,quora,LRU,800,1,20000,1.0,1.1,6,1,0.66725,0.019782690146122144,13345,14.120096125407144,2.009705745149404,0,760.85585,,,0.8
drift-capacity,quora,LRU,800,2,20000,1.0,1.1,6,1,0.67125,0.01839851024208566,13425,14.542158774565905,2.093855437124148,0,762.0846,,,0.8
drift-capacity,quora,LRU,800,3,20000,1.0,1.1,6,1,0.67595,0.02411420963088986,13519,14.883523836033419,2.087072085123509,0,760.80325,,,0.8
drift-capacity,quora,ARC-exact,1600,1,20000,0.75,1.1,6,1,0.7056,0.05151643990929705,14112,22.79506297199987,4.642085760133341,3030,1417.40255,0.0,0.0,0.8
drift-capacity,quora,ARC-exact,1600,2,20000,0.75,1.1,6,1,0.70695,0.05382275974255605,14139,24.509609170490876,5.11792684555985,3059,1416.56885,0.0,0.0,0.8
drift-capacity,quora,ARC-exact,1600,3,20000,0.75,1.1,6,1,0.70415,0.03813108002556274,14083,26.35574913583696,4.720413370523602,3015,1416.38315,0.0,0.0,0.8
drift-capacity,quora,ARC-exact,1600,4,20000,0.75,1.1,6,1,0.7011,0.04521466267294252,14022,25.35239164135419,4.840499529382214,3057,1420.6911,0.0,0.0,0.8
drift-capacity,quora,ARC,100,1,20000,1.0,1.1,6,1,0.53855,0.0036208337201745428,10771,11.416218528756872,7.248657406307757,200,99.66915,10.0,18.591471439242103,0.8
drift-capacity,quora,ARC,100,2,20000,1.0,1.1,6,1,0.53525,0.006071929005137786,10705,12.248642096528783,7.826493558241054,200,99.64825,6.0,17.043369766859165,0.8
drift-capacity,quora,ARC,100,3,20000,1.0,1.1,6,1,0.5413,0.005357472750785147,10826,11.916633939836174,7.547300221631303,200,99.62925,2.0,18.28469315227294,0.8
drift-capacity,quora,ARC,100,4,20000,1.0,1.1,6,1,0.53755,0.002325365082317924,10751,13.379230565624312,8.294324384769425,200,99.66215,6.3076923076923075,16.999257828852652,0.8
drift-capacity,quora,ARC,200,0,20000,1.0,1.1,6,1,0.58235,0.009530351163389714,11647,12.848168646451086,7.415339851286262,400,198.52225,72.54746174368304,70.8264211484447,0.8
drift-capacity,quora,ARC,200,1,20000,1.0,1.1,6,1,0.5763,0.007461391636300538,11526,14.060594991315156,8.135588769800961,400,198.32735,41.24107099806808,80.80665535696205,0.8
drift-capacity,quora,ARC,200,2,20000,1.0,1.1,6,1,0.578,0.008304498269896194,11560,13.872033153893426,7.738011889159679,400,198.39275,64.16043828065823,70.45641926709277,0.8
drift-capacity,quora,ARC,200,3,20000,1.0,1.1,6,1,0.5881,0.008927053222241115,11762,13.221072283340618,7.6271672965958714,400,198.2686,39.155066223580256,66.8891190175513,0.8
drift-capacity,quora,LFU,50,0,20000,1.0,1.1,6,1,0.1665,0.003303303303303303,3330,6.583736272295937,2.8405076707713306,0,49.9266,,,0.8
drift-capacity,quora,LFU,50,1,20000,1.0,1.1,6,1,0.18365,0.0038115981486523277,3673,8.007320039905608,3.615832782816142,0,49.92685,,,0.8
drift-capacity,quora,LFU,50,2,20000,1.0,1.1,6,1,0.20015,0.0014988758431176618,4003,7.232060132082552,3.1860313552897424,0,49.92135,,,0.8
drift-capacity,quora,LFU,50,3,20000,1.0,1.1,6,1,0.18435,0.013832384052074858,3687,6.6091908782254905,2.8514665318652987,0,49.91225,,,0.8
drift-capacity,quora,LRU,1600,3,20000,1.0,1.1,6,1,0.69935,0.0327446914992493,13987,22.265406040241942,2.10275812423788,0,1415.82725,,,0.8
drift-capacity,quora,LRU,1600,4,20000,1.0,1.1,6,1,0.69095,0.03487951371300384,13819,22.72001527599059,2.130852884147316,0,1421.13235,,,0.8
drift-capacity,quora,ARC,50,0,20000,1.0,1.1,6,1,0.4876,0.002461033634126333,9752,13.664950669044629,8.954883931437507,100,49.9266,1.0,6.07551117590042,0.8
drift-capacity,quora,ARC,50,1,20000,1.0,1.1,6,1,0.48265,0.002279084222521496,9653,11.96879370836541,8.074763679178432,100,49.92685,0.0,6.52257845404027,0.8
drift-capacity,quora,ARC,200,4,20000,1.0,1.1,6,1,0.5802,0.006463288521199586,11604,13.740244606742635,7.925836840877309,400,198.3763,15.463332364690835,70.22524646318672,0.8
drift-capacity,quora,ARC,400,0,20000,1.0,1.1,6,1,0.62555,0.00887219247062585,12511,16.9969116570428,8.671550545841455,800,392.38375,235.8094397896996,173.34510442953686,0.8
drift-capacity,quora,ARC,400,1,20000,1.0,1.1,6,1,0.61745,0.015061948335897643,12349,17.46875486569479,9.344308043364435,800,391.88245,235.2412166104508,189.42561064376218,0.8
drift-capacity,quora,ARC,400,2,20000,1.0,1.1,6,1,0.62085,0.009905774341628412,12417,15.573127358220518,7.973106083227321,800,392.32145,232.74945117419924,182.22600583524496,0.8
drift-capacity,quora,LRU,800,4,20000,1.0,1.1,6,1,0.66675,0.017097862767154106,13335,14.890216424828395,2.429178630700335,0,761.03555,,,0.8
drift-capacity,quora,LRU,1600,0,20000,1.0,1.1,6,1,0.69555,0.02465674645963626,13911,22.57570242509246,2.1534378756769,0,1423.6497,,,0.8
drift-capacity,quora,LRU,1600,1,20000,1.0,1.1,6,1,0.6909,0.03234910985670864,13818,23.13233226304874,2.1601509011816233,0,1420.91475,,,0.8
drift-capacity,quora,LRU,1600,2,20000,1.0,1.1,6,1,0.69575,0.029680201221703197,13915,19.59639771375805,1.7503729090094566,0,1420.15595,,,0.8
drift-capacity,quora,LFU,50,4,20000,1.0,1.1,6,1,0.1851,0.008103727714748784,3702,7.449794188141823,3.1018137757200748,0,49.92875,,,0.8
drift-capacity,quora,LFU,100,0,20000,1.0,1.1,6,1,0.2815,0.00586145648312611,5630,7.425965339643881,2.827359485672787,0,99.70115,,,0.8
drift-capacity,quora,LFU,100,1,20000,1.0,1.1,6,1,0.26685,0.0039347948285553686,5337,7.444806286366656,2.7715907257515937,0,99.66915,,,0.8
drift-capacity,quora,LFU,100,2,20000,1.0,1.1,6,1,0.30505,0.0047533191280118015,6101,6.828483031131327,2.549116063164547,0,99.64825,,,0.8
drift-capacity,quora,ARC,400,3,20000,1.0,1.1,6,1,0.6327,0.014066698277224593,12654,17.131923680426553,8.858004328794777,800,391.947,220.29830541686377,172.85436986206983,0.8
drift-capacity,quora,ARC,400,4,20000,1.0,1.1,6,1,0.62075,0.010954490535642368,12415,15.683608740800992,7.938646734692156,800,392.0244,221.69869899074092,180.0000041041996,0.8
drift-capacity,quora,ARC,800,0,20000,1.0,1.1,6,1,0.66055,0.01582014987510408,13211,21.241891308454797,8.647131855832413,1600,761.7054,359.5454904309973,190.40289572216392,0.8
drift-capacity,quora,ARC,800,1,20000,1.0,1.1,6,1,0.65455,0.02138874035596975,13091,20.036932785296813,8.170292642898858,1600,760.85585,377.6442011630828,184.15915664703888,0.8
drift-capacity,quora,LFU,100,3,20000,1.0,1.1,6,1,0.2754,0.01289034132171387,5508,7.195437786867842,2.8214435500558466,0,99.62925,,,0.8
drift-capacity,quora,LFU,100,4,20000,1.0,1.1,6,1,0.2522,0.009119746233148296,5044,6.971796520520002,2.730411820812151,0,99.66215,,,0.8
drift-capacity,quora,LFU,200,0,20000,1.0,1.1,6,1,0.36295,0.008265601322496211,7259,7.635122229112312,2.2824014304205775,0,198.52225,,,0.8
drift-capacity,quora,LFU,200,1,20000,1.0,1.1,6,1,0.36345,0.008666941807676434,7269,7.811779069015756,2.480243722675368,0,198.32735,,,0.8
drift-capacity,quora,LFU,200,2,20000,1.0,1.1,6,1,0.3533,0.008349844324936314,7066,7.884599769022316,2.6015723182354122,0,198.39275,,,0.8
drift-capacity,quora,LFU,200,3,20000,1.0,1.1,6,1,0.3765,0.018193891102257637,7530,8.519295480800793,2.6500033331103623,0,198.2686,,,0.8
drift-capacity,quora,LFU,200,4,20000,1.0,1.1,6,1,0.36415,0.015790196347658932,7283,7.816021307371557,2.452596806688234,0,198.3763,,,0.8
drift-capacity,quora,LFU,400,0,20000,1.0,1.1,6,1,0.44775,0.016303740926856505,8955,9.941948211053386,2.2912839893251657,0,392.38375,,,0.8
drift-capacity,quora,LFU,400,1,20000,1.0,1.1,6,1,0.43805,0.01826275539321995,8761,9.171895345207304,2.362037153216079,0,391.88245,,,0.8
drift-capacity,quora,LFU,400,2,20000,1.0,1.1,6,1,0.4415,0.015741789354473387,8830,9.803447412559763,2.2410636651329696,0,392.32145,,,0.8
drift-capacity,quora,LFU,400,3,20000,1.0,1.1,6,1,0.44875,0.02350974930362117,8975,9.730296523775905,2.338354429230094,0,391.947,,,0.8
drift-capacity,quora,LFU,400,4,20000,1.0,1.1,6,1,0.44155,0.018457705809081643,8831,9.742601367179304,2.319805236766115,0,392.0244,,,0.8
drift-capacity,quora,ARC,800,2,20000,1.0,1.1,6,1,0.6598,0.018566232191573204,13196,22.196623351192102,9.358877508202568,1600,762.0846,395.40112736517744,201.71749716304066,0.8
drift-capacity,quora,ARC,800,3,20000,1.0,1.1,6,1,0.6651,0.02322958953540821,13302,21.696481911931187,9.278353955596685,1600,760.80325,351.5336824343698,180.8415579391844,0.8
drift-capacity,quora,ARC,800,4,20000,1.0,1.1,6,1,0.65435,0.024222510888668145,13087,20.58579152217135,8.666054054629058,1600,761.03555,367.0792192666951,176.8808407389786,0.8
drift-capacity,quora,ARC,1600,0,20000,1.0,1.1,6,1,0.6915,0.04649313087490962,13830,29.06016263877973,8.915792917832732,3200,1423.6497,249.90079943356423,123.72453183719006,0.8
drift-capacity,quora,ARC-exact,50,2,20000,1.0,1.1,6,1,0.3343,0.0008973975471133712,6686,9.471387130906805,5.728413606993854,100,49.92135,0.0,0.0,0.8
drift-capacity,quora,ARC-exact,50,3,20000,1.0,1.1,6,1,0.3403,0.007052600646488392,6806,9.364100568927824,5.650889675598592,100,49.91225,0.0,0.0,0.8
drift-capacity,quora,ARC-exact,50,4,20000,1.0,1.1,6,1,0.3397,0.002796585222254931,6794,9.646760957548395,5.813281569862738,100,49.92875,0.0,0.0,0.8
drift-capacity,quora,ARC-exact,100,0,20000,1.0,1.1,6,1,0.3655,0.00560875512995896,7310,13.395088072866201,7.768875278998166,200,99.70115,0.0,0.0,0.8
drift-capacity,quora,ARC-exact,100,1,20000,1.0,1.1,6,1,0.3721,0.002553077129803816,7442,9.59806737373583,5.451397266006097,200,99.66915,0.0,0.0,0.8
drift-capacity,quora,ARC-exact,100,2,20000,1.0,1.1,6,1,0.3586,0.007529280535415505,7172,9.897677326807752,5.618645955109969,200,99.64825,0.0,0.0,0.8
drift-capacity,quora,ARC-exact,100,3,20000,1.0,1.1,6,1,0.36975,0.009465855307640297,7395,9.59218816133216,5.353342485614121,200,99.62925,0.0,0.0,0.8
drift-capacity,quora,ARC-exact,100,4,20000,1.0,1.1,6,1,0.3694,0.004060638873849486,7388,13.52576413191855,7.790843094699084,200,99.66215,0.0,0.0,0.8
drift-capacity,quora,LFU,800,0,20000,1.0,1.1,6,1,0.537,0.03519553072625698,10740,14.317844499601051,2.2014342597685754,0,761.7054,,,0.8
drift-capacity,quora,LFU,800,1,20000,1.0,1.1,6,1,0.5301,0.028956800603659686,10602,14.123028377071023,2.2840182413347065,0,760.85585,,,0.8
drift-capacity,quora,LFU,800,2,20000,1.0,1.1,6,1,0.4757,0.028694555392053817,9514,14.263043744722381,2.2719644068274647,0,762.0846,,,0.8
drift-capacity,quora,LFU,800,3,20000,1.0,1.1,6,1,0.53065,0.029680580420239328,10613,17.718869470991194,3.147554653696716,0,760.80325,,,0.8
drift-capacity,quora,ARC-exact,200,0,20000,1.0,1.1,6,1,0.40485,0.009386192416944548,8097,10.999186738627031,5.480417015496641,400,198.52225,0.0,0.0,0.8
drift-capacity,quora,ARC-exact,200,1,20000,1.0,1.1,6,1,0.40315,0.006697259084707925,8063,11.105135758407414,5.545710131991655,400,198.32735,0.0,0.0,0.8
drift-capacity,quora,ARC-exact,200,2,20000,1.0,1.1,6,1,0.3918,0.012761613067891782,7836,16.08915055403486,8.644381811609492,400,198.39275,0.0,0.0,0.8
drift-capacity,quora,ARC-exact,200,3,20000,1.0,1.1,6,1,0.40595,0.014656977460278359,8119,12.072982906829566,6.228696618927643,400,198.2686,0.0,0.0,0.8
drift-capacity,quora,LFU,1600,3,20000,1.0,1.1,6,1,0.6475,0.054285714285714284,12950,21.530009293928742,2.0834812021348625,0,1415.82725,,,0.8
drift-capacity,quora,LFU,1600,4,20000,1.0,1.1,6,1,0.67725,0.03757844222960502,13545,22.7204923867248,2.502159640425816,0,1421.13235,,,0.8
drift-capacity,quora,ARC-exact,50,0,20000,1.0,1.1,6,1,0.3437,0.002909514111143439,6874,13.290893059456721,7.766209461260587,100,49.9266,0.0,0.0,0.8
drift-capacity,quora,ARC-exact,50,1,20000,1.0,1.1,6,1,0.34365,0.0011639749745380474,6873,10.599395469762385,6.355376850115135,100,49.92685,0.0,0.0,0.8
drift-capacity,quora,ARC-exact,200,4,20000,1.0,1.1,6,1,0.39945,0.013393415946927025,7989,10.920223459834233,5.47355879098177,400,198.3763,0.0,0.0,0.8
drift-capacity,quora,ARC-exact,400,0,20000,1.0,1.1,6,1,0.472,0.014830508474576272,9440,13.360853306949139,5.286611808696762,800,392.38375,0.0,0.0,0.8
drift-capacity,quora,ARC-exact,400,1,20000,1.0,1.1,6,1,0.46275,0.017179902755267422,9255,17.550958233186975,7.805636624107137,800,391.88245,0.0,0.0,0.8
drift-capacity,quora,ARC-exact,400,2,20000,1.0,1.1,6,1,0.45645,0.014130791981597108,9129,15.418939816299826,6.836271152133122,800,392.32145,0.0,0.0,0.8
drift-capacity,quora,ARC,1600,1,20000,1.0,1.1,6,1,0.68745,0.0366572114335588,13749,31.470719230128452,10.089230281300843,3200,1420.91475,334.5362248014743,142.81736336696684,0.8
drift-capacity,quora,ARC,1600,2,20000,1.0,1.1,6,1,0.69255,0.03248862897985705,13851,28.01361666060984,8.76491877133958,3200,1420.15595,345.0504621037613,133.71590017598618,0.8
drift-capacity,quora,ARC,1600,3,20000,1.0,1.1,6,1,0.6956,0.050963197239792986,13912,30.49627862055786,9.71894059330225,3200,1415.82725,319.41737375408394,128.6350986363531,0.8
drift-capacity,quora,ARC,1600,4,20000,1.0,1.1,6,1,0.6884,0.03479081929110982,13768,33.089293021475896,12.440299586160108,3200,1421.13235,362.21855641894166,134.88516483570191,0.8
drift-capacity,quora,LFU,800,4,20000,1.0,1.1,6,1,0.4798,0.03647353063776573,9596,13.640207442222163,2.2159782936796546,0,761.03555,,,0.8
drift-capacity,quora,LFU,1600,0,20000,1.0,1.1,6,1,0.61505,0.05162181936427933,12301,21.575164259411395,2.280165406409651,0,1423.6497,,,0.8
drift-capacity,quora,LFU,1600,1,20000,1.0,1.1,6,1,0.6089,0.038840532107078336,12178,25.14168877969496,3.1798197072930634,0,1420.91475,,,0.8
drift-capacity,quora,LFU,1600,2,20000,1.0,1.1,6,1,0.64285,0.03725596951077234,12857,20.024093432584777,2.650231559528038,0,1420.15595,,,0.8
drift-capacity,quora,ARC-exact,400,3,20000,1.0,1.1,6,1,0.46535,0.024390243902439025,9307,12.503072537947446,5.233571800636128,800,391.947,0.0,0.0,0.8
drift-capacity,quora,ARC-exact,400,4,20000,1.0,1.1,6,1,0.45925,0.016875340228633642,9185,14.940454869065434,6.055976578500122,800,392.0244,0.0,0.0,0.8
drift-capacity,quora,ARC-exact,800,0,20000,1.0,1.1,6,1,0.5688,0.03305203938115331,11376,19.491683295927942,6.623432075139135,1600,761.7054,0.0,0.0,0.8
drift-capacity,quora,ARC-exact,800,1,20000,1.0,1.1,6,1,0.55735,0.02628509912981071,11147,26.161526434589177,13.049592828610912,1600,760.85585,0.0,0.0,0.8
drift-capacity,stackexchange,LRU,50,0,20000,0.0,1.1,6,1,0.2734,0.000182882223847842,5468,7.669141900260001,3.183605329832062,0,49.92635,,,0.8
drift-capacity,stackexchange,LRU,50,1,20000,0.0,1.1,6,1,0.2575,0.0001941747572815534,5150,6.518735730787739,2.757754543563351,0,49.9332,,,0.8
drift-capacity,stackexchange,LRU,50,2,20000,0.0,1.1,6,1,0.25905,0.0,5181,7.353273959597573,3.0725055548828095,0,49.93005,,,0.8
drift-capacity,stackexchange,LRU,50,3,20000,0.0,1.1,6,1,0.11475,0.00043572984749455336,2295,9.152380930026993,3.784468397498131,0,49.93535,,,0.8
drift-capacity,stackexchange,LRU,50,4,20000,0.0,1.1,6,1,0.2484,0.00040257648953301127,4968,6.57609217450954,2.7426582062616944,0,49.9312,,,0.8
drift-capacity,stackexchange,LRU,100,0,20000,0.0,1.1,6,1,0.3553,0.00014072614691809738,7106,8.008776762289926,2.9630703444126993,0,99.6942,,,0.8
drift-capacity,stackexchange,LRU,100,1,20000,0.0,1.1,6,1,0.3371,0.0002966478789676654,6742,9.953312709694728,4.140236374223605,0,99.71015,,,0.8
drift-capacity,stackexchange,LRU,100,2,20000,0.0,1.1,6,1,0.3395,0.0,6790,6.8084560334682465,2.5037586281541735,0,99.68015,,,0.8
drift-capacity,stackexchange,LRU,100,3,20000,0.0,1.1,6,1,0.19795,0.0005051780752715333,3959,7.382760470500216,2.9813406814355403,0,99.71535,,,0.8
drift-capacity,stackexchange,LRU,100,4,20000,0.0,1.1,6,1,0.3265,0.0004594180704441041,6530,7.535722834290937,2.872919972287491,0,99.6896,,,0.8
drift-capacity,stackexchange,LRU,200,0,20000,0.0,1.1,6,1,0.4286,0.0002333177788147457,8572,9.623437165282667,3.024377184920013,0,198.62625,,,0.8
drift-capacity,stackexchange,LRU,200,1,20000,0.0,1.1,6,1,0.41765,0.00023943493355680593,8353,7.761999184731394,2.3594545025844127,0,198.6911,,,0.8
drift-capacity,quora,ARC-exact,800,2,20000,1.0,1.1,6,1,0.5562,0.022204243078029484,11124,17.88522254792042,5.052154720760882,1600,762.0846,0.0,0.0,0.8
drift-capacity,quora,ARC-exact,800,3,20000,1.0,1.1,6,1,0.57285,0.027755957056821157,11457,20.148899813648313,7.385325233917683,1600,760.80325,0.0,0.0,0.8
drift-capacity,quora,ARC-exact,800,4,20000,1.0,1.1,6,1,0.5607,0.028892455858747994,11214,27.446142467670143,13.659801182802767,1600,761.03555,0.0,0.0,0.8
drift-capacity,quora,ARC-exact,1600,0,20000,1.0,1.1,6,1,0.68525,0.04531192995257206,13705,27.117625769460574,5.759076762478799,3132,1423.6497,0.0,0.0,0.8
drift-capacity,stackexchange,LRU,200,2,20000,0.0,1.1,6,1,0.41045,0.00012181751735899622,8209,9.890408330829814,3.3621436276007444,0,198.5851,,,0.8
drift-capacity,stackexchange,LRU,200,3,20000,0.0,1.1,6,1,0.30255,0.0008263097008758883,6051,9.692692616954446,3.306392044760287,0,198.78025,,,0.8
drift-capacity,stackexchange,LRU,200,4,20000,0.0,1.1,6,1,0.4064,0.0008612204724409449,8128,8.47380988416262,2.6399664289783686,0,198.6463,,,0.8
drift-capacity,stackexchange,LRU,400,0,20000,0.0,1.1,6,1,0.4994,0.0008009611533840609,9988,11.562037316616625,2.8901790909003466,0,393.7692,,,0.8
drift-capacity,stackexchange,LRU,400,1,20000,0.0,1.1,6,1,0.49285,0.0004058029826519225,9857,11.744360881857574,3.626470878953114,0,393.9605,,,0.8
drift-capacity,stackexchange,LRU,400,2,20000,0.0,1.1,6,1,0.4814,0.000519318653926049,9628,10.496743925614282,2.6071389787830412,0,393.66405,,,0.8
drift-capacity,stackexchange,LRU,400,3,20000,0.0,1.1,6,1,0.4093,0.0007329587099926704,8186,11.378959170542657,3.011482278816402,0,394.76575,,,0.8
drift-capacity,stackexchange,LRU,400,4,20000,0.0,1.1,6,1,0.4862,0.000925545043192102,9724,11.40134038287215,2.820822427747771,0,393.758,,,0.8
drift-capacity,quora,ARC-exact,1600,1,20000,1.0,1.1,6,1,0.68015,0.03771226935234875,13603,28.68211756576784,6.467514275573194,3105,1420.91475,0.0,0.0,0.8
drift-capacity,quora,ARC-exact,1600,2,20000,1.0,1.1,6,1,0.685,0.03386861313868613,13700,32.42953734006733,12.82341928454116,3136,1420.15595,0.0,0.0,0.8
drift-capacity,quora,ARC-exact,1600,3,20000,1.0,1.1,6,1,0.68745,0.048367153974834536,13749,26.3223260815721,5.537701537832618,3099,1415.82725,0.0,0.0,0.8
drift-capacity,quora,ARC-exact,1600,4,20000,1.0,1.1,6,1,0.68265,0.03706145169559804,13653,29.998516163323075,6.862061604624614,3108,1421.13235,0.0,0.0,0.8
drift-capacity,stackexchange,LRU,800,0,20000,0.0,1.1,6,1,0.5631,0.0013319126265316996,11262,14.936393307289109,2.5150756526272744,0,772.2291,,,0.8
drift-capacity,stackexchange,LRU,800,1,20000,0.0,1.1,6,1,0.5609,0.0006239971474416117,11218,16.04951861081645,2.6227404014207423,0,771.82905,,,0.8
drift-capacity,stackexchange,LRU,800,2,20000,0.0,1.1,6,1,0.5496,0.0011826783114992723,10992,19.90889796288684,4.174242308363318,0,772.0591,,,0.8
drift-capacity,stackexchange,LRU,800,3,20000,0.0,1.1,6,1,0.5027,0.0013924806047344342,10054,16.33174909511581,3.2344563340302557,0,776.3297,,,0.8
drift-capacity,stackexchange,ARC,100,1,20000,0.0,1.1,6,1,0.4612,0.0002168256721595837,9224,14.827882166719064,9.823137638159096,200,99.71015,1.0,3.576169738594715,0.8
drift-capacity,stackexchange,ARC,100,2,20000,0.0,1.1,6,1,0.44705,0.00011184431271669836,8941,15.251445455942303,10.197770938975736,200,99.68015,4.0,4.851631886700712,0.8
drift-capacity,stackexchange,ARC,100,3,20000,0.0,1.1,6,1,0.35115,0.0002847785846504343,7023,22.120580333285034,15.505601890617982,200,99.71535,4.0,4.586497803128119,0.8
drift-capacity,stackexchange,ARC,100,4,20000,0.0,1.1,6,1,0.45485,0.00032977904803781465,9097,16.803251369856298,11.287496465956792,200,99.6896,4.0,3.8610133116882963,0.8
drift-capacity,stackexchange,ARC,50,2,20000,0.0,1.1,6,1,0.38025,0.0,7605,14.72647954360582,10.361968405777588,100,49.93005,3.0,2.196687851731606,0.8
drift-capacity,stackexchange,ARC,50,3,20000,0.0,1.1,6,1,0.2662,0.00018782870022539445,5324,16.83177148224786,12.33815376763232,100,49.93535,5.0,2.0175837301587314,0.8
drift-capacity,stackexchange,ARC,50,4,20000,0.0,1.1,6,1,0.37155,0.0,7431,21.32708375575021,15.232781594386324,100,49.9312,3.0,2.2406107267732094,0.8
drift-capacity,stackexchange,ARC,100,0,20000,0.0,1.1,6,1,0.4639,0.0002155636990730761,9278,15.67953351768665,10.382643499178812,200,99.6942,3.0,3.986692031718265,0.8
drift-capacity,stackexchange,ARC,200,0,20000,0.0,1.1,6,1,0.5212,0.000671527244819647,10424,14.43166789249517,8.816702390322462,400,198.62625,5.0,8.428024355005192,0.8
drift-capacity,stackexchange,ARC,200,1,20000,0.0,1.1,6,1,0.52015,0.0002883783523983466,10403,15.30855789897032,9.286993474233896,400,198.6911,0.0,10.520307654242096,0.8
drift-capacity,stackexchange,ARC,200,2,20000,0.0,1.1,6,1,0.5098,0.00029423303256178896,10196,21.256428468041122,13.448582636192441,400,198.5851,0.0,10.628323985156223,0.8
drift-capacity,stackexchange,ARC,200,3,20000,0.0,1.1,6,1,0.42545,0.0017628393465742155,8509,16.933947813231498,10.987383394967765,400,198.78025,1.666666666666666,7.635178945883067,0.8
drift-capacity,stackexchange,LFU,50,0,20000,0.0,1.1,6,1,0.3755,0.0,7510,10.077660210663453,4.067408398259431,0,49.92635,,,0.8
drift-capacity,stackexchange,LFU,50,1,20000,0.0,1.1,6,1,0.3602,0.0,7204,9.146012354176491,3.6000475578475744,0,49.9332,,,0.8
drift-capacity,stackexchange,LFU,50,2,20000,0.0,1.1,6,1,0.36305,0.0,7261,6.943645258434117,2.7422983839642256,0,49.93005,,,0.8
drift-capacity,stackexchange,LFU,50,3,20000,0.0,1.1,6,1,0.2255,0.00022172949002217295,4510,7.750082126585767,3.2623345439787954,0,49.93535,,,0.8
drift-capacity,stackexchange,LRU,800,4,20000,0.0,1.1,6,1,0.5563,0.001258313859428366,11126,13.925798871787265,2.3218075511977077,0,772.1564,,,0.8
drift-capacity,stackexchange,LRU,1600,0,20000,0.0,1.1,6,1,0.6219,0.002733558449911561,12438,24.009941099211574,2.7032778889406472,0,1471.25675,,,0.8
drift-capacity,stackexchange,LRU,1600,1,20000,0.0,1.1,6,1,0.6172,0.001134154244977317,12344,28.11914552585222,3.9050225750543177,0,1471.2854,,,0.8
drift-capacity,stackexchange,LRU,1600,2,20000,0.0,1.1,6,1,0.6126,0.001632386549134835,12252,20.530605921521783,2.6091183128301054,0,1473.38025,,,0.8
drift-capacity,stackexchange,LRU,1600,3,20000,0.0,1.1,6,1,0.5902,0.0014401897661809556,11804,24.984082428272814,2.963460417231545,0,1488.36145,,,0.8
drift-capacity,stackexchange,LRU,1600,4,20000,0.0,1.1,6,1,0.61305,0.0023652230650028547,12261,29.566633905051276,3.83630184805952,0,1473.13595,,,0.8
drift-capacity,stackexchange,ARC,50,0,20000,0.0,1.1,6,1,0.40375,0.0001238390092879257,8075,16.272628406295553,11.492065276252106,100,49.92635,1.0,2.0409939393939394,0.8
drift-capacity,stackexchange,ARC,50,1,20000,0.0,1.1,6,1,0.385,0.00025974025974025974,7700,13.812631246400997,9.792152285808697,100,49.9332,0.0,2.0453603174603274,0.8
drift-capacity,stackexchange,LFU,50,4,20000,0.0,1.1,6,1,0.34615,0.0,6923,8.779984008288011,3.6687715153675526,0,49.9312,,,0.8
drift-capacity,stackexchange,LFU,100,0,20000,0.0,1.1,6,1,0.414,0.00024154589371980676,8280,7.430565857794136,2.5018710177391768,0,99.6942,,,0.8
drift-capacity,stackexchange,LFU,100,1,20000,0.0,1.1,6,1,0.4335,0.0,8670,7.412543921964243,2.4073563399724662,0,99.71015,,,0.8
drift-capacity,stackexchange,LFU,100,2,20000,0.0,1.1,6,1,0.41625,0.0,8325,6.387724803062156,2.205670054536313,0,99.68015,,,0.8
drift-capacity,stackexchange,ARC,200,4,20000,0.0,1.1,6,1,0.51665,0.0004838865769863544,10333,16.472558752866462,9.917225962271914,400,198.6463,0.0,10.835187767255892,0.8
drift-capacity,stackexchange,ARC,400,0,20000,0.0,1.1,6,1,0.5701,0.0006139273811611998,11402,23.946393909864128,13.39624435058795,800,393.7692,9.0,26.053650658040475,0.8
drift-capacity,stackexchange,ARC,400,1,20000,0.0,1.1,6,1,0.5678,0.0008805917576611482,11356,19.751715648453683,10.65366108668968,800,393.9605,0.0,22.832975419584276,0.8
drift-capacity,stackexchange,ARC,400,2,20000,0.0,1.1,6,1,0.5565,0.0004492362982929021,11130,16.842707979958504,8.921727078268304,800,393.66405,1.0,27.71607317508472,0.8
drift-capacity,stackexchange,ARC,400,3,20000,0.0,1.1,6,1,0.5072,0.0005914826498422713,10144,21.395822410704568,11.996188526973128,800,394.76575,3.0,20.1882390081555,0.8
drift-capacity,stackexchange,ARC,400,4,20000,0.0,1.1,6,1,0.56365,0.000798367781424643,11273,24.95319073786959,13.883187249302864,800,393.758,1.0,27.641428947398765,0.8
drift-capacity,stackexchange,ARC,800,0,20000,0.0,1.1,6,1,0.60815,0.0018909808435418893,12163,21.320936462143436,9.602162468945608,1600,772.2291,69.30686534683085,88.92616871039438,0.8
drift-capacity,stackexchange,ARC,800,1,20000,0.0,1.1,6,1,0.60735,0.000658598830987075,12147,22.97484403825365,9.465276938863099,1600,771.82905,0.0,86.94413607789069,0.8
drift-capacity,stackexchange,LFU,100,3,20000,0.0,1.1,6,1,0.31625,0.00015810276679841898,6325,7.588383479742333,2.833094832021743,0,99.71535,,,0.8
drift-capacity,stackexchange,LFU,100,4,20000,0.0,1.1,6,1,0.41425,0.0025347012673506337,8285,6.190713163232431,2.1077424578834325,0,99.6896,,,0.8
drift-capacity,stackexchange,LFU,200,0,20000,0.0,1.1,6,1,0.4781,0.0003137418950010458,9562,10.094069299520925,2.5973934039939195,0,198.62625,,,0.8
drift-capacity,stackexchange,LFU,200,1,20000,0.0,1.1,6,1,0.48655,0.0002055287226389888,9731,8.487386727938429,2.2890878200996667,0,198.6911,,,0.8
drift-capacity,stackexchange,LFU,200,2,20000,0.0,1.1,6,1,0.4739,0.0,9478,8.396645152242854,2.5162593577988446,0,198.5851,,,0.8
drift-capacity,stackexchange,LFU,200,3,20000,0.0,1.1,6,1,0.39435,0.00025358184354000256,7887,7.361958094406873,2.241474756738171,0,198.78025,,,0.8
drift-capacity,stackexchange,LFU,200,4,20000,0.0,1.1,6,1,0.48135,0.00010387451958034694,9627,8.405245206085965,2.5801744195632637,0,198.6463,,,0.8
drift-capacity,stackexchange,LFU,400,0,20000,0.0,1.1,6,1,0.54495,0.0004587576841912102,10899,11.61018731072545,2.7880364621523768,0,393.7692,,,0.8
drift-capacity,stackexchange,LFU,400,1,20000,0.0,1.1,6,1,0.5415,0.0006463527239150508,10830,10.119964339537546,2.3905830865260214,0,393.9605,,,0.8
drift-capacity,stackexchange,LFU,400,2,20000,0.0,1.1,6,1,0.52655,0.00018991548760801443,10531,11.395085335243493,2.8061667981091887,0,393.66405,,,0.8
drift-capacity,stackexchange,LFU,400,3,20000,0.0,1.1,6,1,0.47225,0.000741132874536792,9445,11.178233084501699,2.7694281248841435,0,394.76575,,,0.8
drift-capacity,stackexchange,LFU,400,4,20000,0.0,1.1,6,1,0.53595,0.0007463382778244239,10719,10.323122033150867,2.3808850499335676,0,393.758,,,0.8
drift-capacity,stackexchange,ARC,800,2,20000,0.0,1.1,6,1,0.60035,0.0010827017573082369,12007,29.252979304874316,13.859388825949281,1600,772.0591,14.0,74.36372742683176,0.8
drift-capacity,stackexchange,ARC,800,3,20000,0.0,1.1,6,1,0.5792,0.0008632596685082873,11584,25.035485200351104,11.775095434859395,1600,776.3297,11.0,60.294052779893505,0.8
drift-capacity,stackexchange,ARC,800,4,20000,0.0,1.1,6,1,0.60395,0.0019041311366835003,12079,21.284691552864388,9.203292930033058,1593,772.1564,17.0,72.83898891178896,0.8
drift-capacity,stackexchange,ARC,1600,0,20000,0.0,1.1,6,1,0.64335,0.002642418590191964,12867,36.85528286732733,11.652220686664805,2696,1471.25675,345.0,135.1945,0.8
drift-capacity,stackexchange,ARC-exact,50,2,20000,0.0,1.1,6,1,0.38145,0.0,7629,11.72540241968818,6.7233956477139145,100,49.93005,0.0,0.0,0.8
drift-capacity,stackexchange,ARC-exact,50,3,20000,0.0,1.1,6,1,0.2677,0.0,5354,12.566265888744965,7.899635942885652,100,49.93535,0.0,0.0,0.8
drift-capacity,stackexchange,ARC-exact,50,4,20000,0.0,1.1,6,1,0.37015,0.0,7403,10.265279334271327,5.940423213178292,100,49.9312,0.0,0.0,0.8
drift-capacity,stackexchange,ARC-exact,100,0,20000,0.0,1.1,6,1,0.46275,0.00010804970286331713,9255,11.129104194696993,6.112918863072991,199,99.6942,0.0,0.0,0.8
drift-capacity,stackexchange,ARC-exact,100,1,20000,0.0,1.1,6,1,0.4559,0.00021934634788330776,9118,11.796989344293252,6.187394098378718,200,99.71015,0.0,0.0,0.8
drift-capacity,stackexchange,ARC-exact,100,2,20000,0.0,1.1,6,1,0.44435,0.0,8887,12.020917411427945,6.524974736385047,200,99.68015,0.0,0.0,0.8
drift-capacity,stackexchange,ARC-exact,100,3,20000,0.0,1.1,6,1,0.35065,0.0005703693141308997,7013,12.128715578000993,7.08667574217543,200,99.71535,0.0,0.0,0.8
drift-capacity,stackexchange,ARC-exact,100,4,20000,0.0,1.1,6,1,0.45055,0.00011097547442015315,9011,11.866015614941716,6.599854276282713,200,99.6896,0.0,0.0,0.8
drift-capacity,stackexchange,LFU,800,0,20000,0.0,1.1,6,1,0.59495,0.001596772838053618,11899,15.328017418505624,2.6014473231043667,0,772.2291,,,0.8
drift-capacity,stackexchange,LFU,800,1,20000,0.0,1.1,6,1,0.59615,0.0007548435796359977,11923,15.386813058285043,2.7513426612131298,0,771.82905,,,0.8
drift-capacity,stackexchange,LFU,800,2,20000,0.0,1.1,6,1,0.5854,0.001110351896139392,11708,16.130939283175394,2.9392066702712327,0,772.0591,,,0.8
drift-capacity,stackexchange,LFU,800,3,20000,0.0,1.1,6,1,0.5584,0.0008954154727793697,11168,15.71826288709417,3.11067103757523,0,776.3297,,,0.8
drift-capacity,stackexchange,ARC-exact,200,0,20000,0.0,1.1,6,1,0.5119,0.0002930259816370385,10238,10.79765991307795,5.220025865128264,390,198.62625,0.0,0.0,0.8
drift-capacity,stackexchange,ARC-exact,200,1,20000,0.0,1.1,6,1,0.5114,0.00019554165037152912,10228,12.808032764587551,6.307859142543748,393,198.6911,0.0,0.0,0.8
drift-capacity,stackexchange,ARC-exact,200,2,20000,0.0,1.1,6,1,0.5008,9.984025559105431e-05,10016,12.907593557611108,6.431236449861899,394,198.5851,0.0,0.0,0.8
drift-capacity,stackexchange,ARC-exact,200,3,20000,0.0,1.1,6,1,0.4163,0.00048042277203939464,8326,13.092604756820947,6.860523438081145,399,198.78025,0.0,0.0,0.8
drift-capacity,stackexchange,LFU,1600,3,20000,0.0,1.1,6,1,0.614,0.0011400651465798045,12280,24.61400020401925,3.503088792786002,0,1488.36145,,,0.8
drift-capacity,stackexchange,LFU,1600,4,20000,0.0,1.1,6,1,0.634,0.002917981072555205,12680,24.334658560110256,3.3980431209784,0,1473.13595,,,0.8
drift-capacity,stackexchange,ARC-exact,50,0,20000,0.0,1.1,6,1,0.39835,0.0,7967,11.141600017435849,6.638367619598284,100,49.92635,0.0,0.0,0.8
drift-capacity,stackexchange,ARC-exact,50,1,20000,0.0,1.1,6,1,0.37665,0.00026549847338377806,7533,9.93536413880065,5.969919543713331,100,49.9332,0.0,0.0,0.8
drift-capacity,stackexchange,ARC,1600,1,20000,0.0,1.1,6,1,0.6392,0.0012515644555694619,12784,39.18857465614565,14.461486629443243,2683,1471.2854,309.0,109.66725,0.8
drift-capacity,stackexchange,ARC,1600,2,20000,0.0,1.1,6,1,0.63595,0.0020441858636685273,12719,30.051033076597378,10.006771457847208,2734,1473.38025,346.0,132.93255,0.8
drift-capacity,stackexchange,ARC,1600,3,20000,0.0,1.1,6,1,0.62475,0.0014405762304921968,12495,35.58394243591465,12.420680490322411,2857,1488.36145,307.8811742389263,183.11796033196686,0.8
drift-capacity,stackexchange,ARC,1600,4,20000,0.0,1.1,6,1,0.6365,0.003063629222309505,12730,30.16502516111359,9.734635602217168,2675,1473.13595,320.0,119.9069,0.8
drift-capacity,stackexchange,ARC-exact,200,4,20000,0.0,1.1,6,1,0.50715,0.0002957704821058858,10143,10.572215681895614,5.199927801731974,389,198.6463,0.0,0.0,0.8
drift-capacity,stackexchange,ARC-exact,400,0,20000,0.0,1.1,6,1,0.55985,0.000446548182548897,11197,14.845011255238205,6.019465654389933,752,393.7692,0.0,0.0,0.8
drift-capacity,stackexchange,ARC-exact,400,1,20000,0.0,1.1,6,1,0.55635,0.00035948593511278873,11127,13.69504223112017,5.568957643117756,741,393.9605,0.0,0.0,0.8
drift-capacity,stackexchange,ARC-exact,400,2,20000,0.0,1.1,6,1,0.54525,0.00036680421824850985,10905,15.94237728859298,6.757676636334509,746,393.66405,0.0,0.0,0.8
drift-capacity,stackexchange,LFU,800,4,20000,0.0,1.1,6,1,0.5915,0.0016906170752324597,11830,14.954880205914378,2.6175112754572183,0,772.1564,,,0.8
drift-capacity,stackexchange,LFU,1600,0,20000,0.0,1.1,6,1,0.6414,0.0028843155597131276,12828,24.764157878234982,3.1914270599372685,0,1471.25675,,,0.8
drift-capacity,stackexchange,LFU,1600,1,20000,0.0,1.1,6,1,0.63725,0.0011769321302471558,12745,24.8087243642658,3.4705840749666095,0,1471.2854,,,0.8
drift-capacity,stackexchange,LFU,1600,2,20000,0.0,1.1,6,1,0.6346,0.0019697447210841475,12692,24.694381875451654,3.793781332205981,0,1473.38025,,,0.8
drift-capacity,stackexchange,LRU,50,0,20000,0.02,1.1,6,1,0.2293,0.0004361098996947231,4586,7.610021444270387,3.2153757172636688,0,49.9258,,,0.8
drift-capacity,stackexchange,LRU,50,1,20000,0.02,1.1,6,1,0.25385,0.0,5077,6.184976577060297,2.572089701425284,0,49.93355,,,0.8
drift-capacity,stackexchange,LRU,50,2,20000,0.02,1.1,6,1,0.2618,0.00019098548510313216,5236,8.766305161407217,3.5685138660483062,0,49.92835,,,0.8
drift-capacity,stackexchange,LRU,50,3,20000,0.02,1.1,6,1,0.11955,0.0,2391,8.593270322307944,3.748255909886211,0,49.93755,,,0.8
drift-capacity,stackexchange,LRU,50,4,20000,0.02,1.1,6,1,0.24685,0.0,4937,7.081806391943246,2.980843052500859,0,49.9306,,,0.8
drift-capacity,stackexchange,LRU,100,0,20000,0.02,1.1,6,1,0.3243,0.0013876040703052729,6486,6.461649155244231,2.3911718220915645,0,99.69025,,,0.8
drift-capacity,stackexchange,LRU,100,1,20000,0.02,1.1,6,1,0.3353,0.0,6706,9.212848613969982,3.405228233896196,0,99.70885,,,0.8
drift-capacity,stackexchange,LRU,100,2,20000,0.02,1.1,6,1,0.341,0.0002932551319648094,6820,8.88387612067163,3.3361682144459337,0,99.6803,,,0.8
drift-capacity,stackexchange,ARC-exact,400,3,20000,0.0,1.1,6,1,0.49595,0.0006048996874684948,9919,14.710300433216617,6.1876260209828615,778,394.76575,0.0,0.0,0.8
drift-capacity,stackexchange,ARC-exact,400,4,20000,0.0,1.1,6,1,0.55485,0.0009011444534558889,11097,15.829965693410486,6.682611035648733,742,393.758,0.0,0.0,0.8
drift-capacity,stackexchange,ARC-exact,800,0,20000,0.0,1.1,6,1,0.60135,0.0018292175937474017,12027,17.323308967752382,5.534429708495736,1380,772.2291,0.0,0.0,0.8
drift-capacity,stackexchange,ARC-exact,800,1,20000,0.0,1.1,6,1,0.5995,0.0006672226855713094,11990,20.015552319819108,6.387543783057481,1373,771.82905,0.0,0.0,0.8
drift-capacity,stackexchange,LRU,100,3,20000,0.02,1.1,6,1,0.20715,0.0004827419744146754,4143,7.43199247517623,3.0835915240459144,0,99.72075,,,0.8
drift-capacity,stackexchange,LRU,100,4,20000,0.02,1.1,6,1,0.3281,0.00015239256324291374,6562,8.492306061089039,3.1955075275618583,0,99.6897,,,0.8
drift-capacity,stackexchange,LRU,200,0,20000,0.02,1.1,6,1,0.4141,0.0013281815986476697,8282,9.843723149970174,3.139685490168631,0,198.6061,,,0.8
drift-capacity,stackexchange,LRU,200,1,20000,0.02,1.1,6,1,0.4148,0.0,8296,8.585543179651722,2.7276822016574442,0,198.6854,,,0.8
drift-capacity,stackexchange,LRU,200,2,20000,0.02,1.1,6,1,0.41305,0.000484202881007142,8261,7.333446957636625,2.2749343188479543,0,198.60985,,,0.8
drift-capacity,stackexchange,LRU,200,3,20000,0.02,1.1,6,1,0.31095,0.0011255828911400547,6219,10.576274880440906,3.667186270467937,0,198.78025,,,0.8
drift-capacity,stackexchange,LRU,200,4,20000,0.02,1.1,6,1,0.4082,0.0003674669279764821,8164,9.48164791916497,3.006040578475222,0,198.6374,,,0.8
drift-capacity,stackexchange,LRU,400,0,20000,0.02,1.1,6,1,0.4906,0.0008153281695882593,9812,11.354283860418946,2.6835404336452484,0,393.64995,,,0.8
drift-capacity,stackexchange,LRU,400,1,20000,0.02,1.1,6,1,0.491,0.00020366598778004074,9820,9.127860644366592,2.261335082584992,0,394.06205,,,0.8
drift-capacity,stackexchange,LRU,400,2,20000,0.02,1.1,6,1,0.48415,0.0008261902303005267,9683,12.100954336347058,3.116085584042594,0,393.8295,,,0.8
drift-capacity,stackexchange,LRU,400,3,20000,0.02,1.1,6,1,0.4141,0.0010866940352571844,8282,11.11404788098298,2.8974064101930708,0,394.6376,,,0.8
drift-capacity,stackexchange,LRU,400,4,20000,0.02,1.1,6,1,0.49025,0.0006119326874043855,9805,11.425251315813512,2.5856702239252627,0,393.67855,,,0.8
drift-capacity,stackexchange,ARC-exact,800,2,20000,0.0,1.1,6,1,0.59125,0.0012684989429175475,11825,20.274149754550308,6.527495390037075,1384,772.0591,0.0,0.0,0.8
drift-capacity,stackexchange,ARC-exact,800,3,20000,0.0,1.1,6,1,0.5648,0.000708215297450425,11296,17.893852695124224,6.085244967835024,1444,776.3297,0.0,0.0,0.8
drift-capacity,stackexchange,ARC-exact,800,4,20000,0.0,1.1,6,1,0.5952,0.0019321236559139785,11904,21.628512884490192,7.176508876727894,1359,772.1564,0.0,0.0,0.8
drift-capacity,stackexchange,ARC-exact,1600,0,20000,0.0,1.1,6,1,0.6414,0.0028843155597131276,12828,30.876549700042233,7.073179760482162,2493,1471.25675,0.0,0.0,0.8
drift-capacity,stackexchange,LRU,800,0,20000,0.02,1.1,6,1,0.5588,0.0011632068718682891,11176,16.82912192773074,3.1793011468835175,0,771.8335,,,0.8
drift-capacity,stackexchange,LRU,800,1,20000,0.02,1.1,6,1,0.556,0.0008093525179856115,11120,15.634810406481847,2.5347821647301316,0,772.69515,,,0.8
drift-capacity,stackexchange,LRU,800,2,20000,0.02,1.1,6,1,0.55015,0.000999727347087158,11003,18.932912457967177,3.5334223648533225,0,772.28385,,,0.8
drift-capacity,stackexchange,LRU,800,3,20000,0.02,1.1,6,1,0.5094,0.0019630938358853552,10188,15.246668161125854,2.8666801168583333,0,776.0191,,,0.8
drift-capacity,stackexchange,ARC-exact,1600,1,20000,0.0,1.1,6,1,0.63725,0.0011769321302471558,12745,27.736857486888766,6.479030672926456,2482,1471.2854,0.0,0.0,0.8
drift-capacity,stackexchange,ARC-exact,1600,2,20000,0.0,1.1,6,1,0.6346,0.0019697447210841475,12692,29.2593416525051,6.754170526983216,2513,1473.38025,0.0,0.0,0.8
drift-capacity,stackexchange,ARC-exact,1600,3,20000,0.0,1.1,6,1,0.6205,0.0012892828364222402,12410,32.94785249163397,7.692214817507192,2597,1488.36145,0.0,0.0,0.8
drift-capacity,stackexchange,ARC-exact,1600,4,20000,0.0,1.1,6,1,0.634,0.002917981072555205,12680,26.13787272130139,5.924349848646671,2466,1473.13595,0.0,0.0,0.8
drift-capacity,stackexchange,ARC,50,2,20000,0.02,1.1,6,1,0.3845,0.00013003901170351105,7690,15.581131388898939,10.990749736083671,100,49.92835,1.0,2.613174007936529,0.8
drift-capacity,stackexchange,ARC,50,3,20000,0.02,1.1,6,1,0.26135,0.0,5227,19.165558577515185,14.195984735852107,100,49.93755,6.0,2.6334891575091626,0.8
drift-capacity,stackexchange,ARC,50,4,20000,0.02,1.1,6,1,0.3745,0.0,7490,15.198600268922746,11.007236392470077,100,49.9306,3.0,2.01493472222222,0.8
drift-capacity,stackexchange,ARC,100,0,20000,0.02,1.1,6,1,0.4496,0.00022241992882562276,8992,13.409706769743934,8.977583603700623,200,99.69025,0.0,4.946652179414128,0.8
drift-capacity,stackexchange,ARC,100,1,20000,0.02,1.1,6,1,0.45965,0.0,9193,14.957451238296926,9.823213564231992,200,99.70885,6.0,3.6059030948218496,0.8
drift-capacity,stackexchange,ARC,100,2,20000,0.02,1.1,6,1,0.4491,0.00033400133600534405,8982,19.106996414484456,13.035086181480438,200,99.6803,0.0,4.491043589743523,0.8
drift-capacity,stackexchange,ARC,100,3,20000,0.02,1.1,6,1,0.35145,0.0001422677479015507,7029,16.779707168461755,11.743545852368698,200,99.72075,11.0,4.151687246087241,0.8
drift-capacity,stackexchange,ARC,100,4,20000,0.02,1.1,6,1,0.45335,0.00022058012573067168,9067,13.043107104022056,8.716208068653941,200,99.6897,5.0,3.869900349650401,0.8
drift-capacity,stackexchange,LFU,50,0,20000,0.02,1.1,6,1,0.323,0.00046439628482972134,6460,7.641082041664049,3.0933419766370207,0,49.9258,,,0.8
drift-capacity,stackexchange,LFU,50,1,20000,0.02,1.1,6,1,0.33945,0.0,6789,6.894690415356308,2.6547255576588213,0,49.93355,,,0.8
drift-capacity,stackexchange,LFU,50,2,20000,0.02,1.1,6,1,0.35405,0.00014122299110295156,7081,6.47578482166864,2.5753279158379883,0,49.92835,,,0.8
drift-capacity,stackexchange,LFU,50,3,20000,0.02,1.1,6,1,0.2333,0.0,4666,7.337342784740031,3.0816712300293148,0,49.93755,,,0.8
drift-capacity,stackexchange,ARC,200,0,20000,0.02,1.1,6,1,0.51115,0.00029345593270077276,10223,16.10817926703021,9.829958074260503,400,198.6061,0.0,10.790361650153589,0.8
drift-capacity,stackexchange,ARC,200,1,20000,0.02,1.1,6,1,0.5127,0.0,10254,19.66275725280866,12.108356395037845,400,198.6854,11.0,11.381944145903915,0.8
drift-capacity,stackexchange,ARC,200,2,20000,0.02,1.1,6,1,0.5075,0.0008866995073891626,10150,14.81293726246804,9.093123360071331,400,198.60985,0.0,9.488133292214338,0.8
drift-capacity,stackexchange,ARC,200,3,20000,0.02,1.1,6,1,0.4285,0.0005834305717619603,8570,16.109453001990914,10.391843871911988,400,198.78025,8.0,8.105284103233874,0.8
drift-capacity,stackexchange,LRU,1600,3,20000,0.02,1.1,6,1,0.5958,0.002014098690835851,11916,23.701616027392447,2.716986177256331,0,1486.2305,,,0.8
drift-capacity,stackexchange,LRU,1600,4,20000,0.02,1.1,6,1,0.6154,0.0019499512512187196,12308,27.852200577035546,3.502057649893686,0,1473.23265,,,0.8
drift-capacity,stackexchange,ARC,50,0,20000,0.02,1.1,6,1,0.37325,0.00013395847287340923,7465,14.259825355838984,9.960064274491742,100,49.9258,2.0,2.053461915584431,0.8
drift-capacity,stackexchange,ARC,50,1,20000,0.02,1.1,6,1,0.38095,0.0,7619,14.424517308361828,10.25537991663441,100,49.93355,5.0,2.4273307643745206,0.8
drift-capacity,stackexchange,LRU,800,4,20000,0.02,1.1,6,1,0.5577,0.0011655011655011655,11154,17.208453750936314,3.2109209860209376,0,771.90145,,,0.8
drift-capacity,stackexchange,LRU,1600,0,20000,0.02,1.1,6,1,0.61705,0.00210679847662264,12341,27.5237892230507,3.129607596201822,0,1470.9427,,,0.8
drift-capacity,stackexchange,LRU,1600,1,20000,0.02,1.1,6,1,0.61415,0.001709680045591468,12283,23.680275405058637,2.8193101985380054,0,1473.8067,,,0.8
drift-capacity,stackexchange,LRU,1600,2,20000,0.02,1.1,6,1,0.61255,0.0023671537017386337,12251,20.62682189862244,2.4174842052161694,0,1474.16815,,,0.8
drift-capacity,stackexchange,ARC,200,4,20000,0.02,1.1,6,1,0.51815,0.0003859886133359066,10363,16.26191534451209,9.903427242534235,400,198.6374,1.0,9.63837489255413,0.8
drift-capacity,stackexchange,ARC,400,0,20000,0.02,1.1,6,1,0.5654,0.0007958967102935974,11308,21.420226944610476,11.802250682376325,800,393.64995,9.0,27.157933449835983,0.8
drift-capacity,stackexchange,ARC,400,1,20000,0.02,1.1,6,1,0.5581,0.00026876903780684465,11162,16.098363016499206,8.861349418293685,800,394.06205,16.0,30.432449010442866,0.8
drift-capacity,stackexchange,ARC,400,2,20000,0.02,1.1,6,1,0.55905,0.0009838118236293713,11181,17.28890008525923,9.183689864585176,800,393.8295,4.0,32.34205444269812,0.8
drift-capacity,stackexchange,LFU,50,4,20000,0.02,1.1,6,1,0.34925,0.0,6985,6.648665078682825,2.63220546185039,0,49.9306,,,0.8
drift-capacity,stackexchange,LFU,100,0,20000,0.02,1.1,6,1,0.3933,0.0002542588354945334,7866,7.57402190938592,2.7699962840415537,0,99.69025,,,0.8
drift-capacity,stackexchange,LFU,100,1,20000,0.02,1.1,6,1,0.4282,0.0,8564,8.647479891078547,2.9321209935005754,0,99.70885,,,0.8
drift-capacity,stackexchange,LFU,100,2,20000,0.02,1.1,6,1,0.40625,0.00024615384615384614,8125,7.10103987948969,2.3378186917398125,0,99.6803,,,0.8
drift-capacity,stackexchange,ARC,400,3,20000,0.02,1.1,6,1,0.5124,0.0008782201405152225,10248,22.454119788017124,12.633900332730263,800,394.6376,12.0,17.257702227979227,0.8
drift-capacity,stackexchange,ARC,400,4,20000,0.02,1.1,6,1,0.56395,0.000709282737831368,11279,18.81051108939573,10.184663318796083,800,393.67855,15.873563218390803,30.423929046745993,0.8
drift-capacity,stackexchange,ARC,800,0,20000,0.02,1.1,6,1,0.60295,0.0011609586201177544,12059,19.667130388552323,8.609505760250613,1600,771.8335,78.46075250703959,124.30138019521924,0.8
drift-capacity,stackexchange,ARC,800,1,20000,0.02,1.1,6,1,0.5985,0.0006683375104427736,11970,34.472129185451195,14.817969046998769,1600,772.69515,79.64471779069251,104.16987738712432,0.8
drift-capacity,stackexchange,LFU,100,3,20000,0.02,1.1,6,1,0.3244,0.0006165228113440197,6488,7.428313069976866,2.8131191327702254,0,99.72075,,,0.8
drift-capacity,stackexchange,LFU,100,4,20000,0.02,1.1,6,1,0.40455,0.0,8091,6.898411677684635,2.3584533715620637,0,99.6897,,,0.8
drift-capacity,stackexchange,LFU,200,0,20000,0.02,1.1,6,1,0.43845,0.00034211426616489907,8769,8.002915099496022,2.2544090868905187,0,198.6061,,,0.8
drift-capacity,stackexchange,LFU,200,1,20000,0.02,1.1,6,1,0.46595,0.0,9319,9.100347547791898,2.6667845086194575,0,198.6854,,,0.8
drift-capacity,stackexchange,LFU,200,2,20000,0.02,1.1,6,1,0.45805,0.00010915838882218098,9161,7.777801365591586,2.3158003808930516,0,198.60985,,,0.8
drift-capacity,stackexchange,LFU,200,3,20000,0.02,1.1,6,1,0.39355,0.00025409731927328164,7871,18.360074720112607,5.388203280745074,0,198.78025,,,0.8
drift-capacity,stackexchange,LFU,200,4,20000,0.02,1.1,6,1,0.47485,0.0,9497,7.680831750622019,2.2471876349300146,0,198.6374,,,0.8
drift-capacity,stackexchange,LFU,400,0,20000,0.02,1.1,6,1,0.52895,0.0007562151432082428,10579,11.5116817119997,2.818944735918194,0,393.64995,,,0.8
drift-capacity,stackexchange,LFU,400,1,20000,0.02,1.1,6,1,0.5183,0.0002894076789504148,10366,10.216875339392573,2.4310886103194207,0,394.06205,,,0.8
drift-capacity,stackexchange,LFU,400,2,20000,0.02,1.1,6,1,0.5304,0.000942684766214178,10608,11.965833115391433,2.681293530622497,0,393.8295,,,0.8
drift-capacity,stackexchange,LFU,400,3,20000,0.02,1.1,6,1,0.47885,0.0007309178239532213,9577,12.009490781929344,3.0164310708642006,0,394.6376,,,0.8
drift-capacity,stackexchange,LFU,400,4,20000,0.02,1.1,6,1,0.52675,0.0008542952064546749,10535,11.831523838918656,2.6539159705862403,0,393.67855,,,0.8
drift-capacity,stackexchange,ARC,800,2,20000,0.02,1.1,6,1,0.59865,0.0012528188423953897,11973,28.535653208382428,12.784412858309224,1600,772.28385,64.7194546843665,83.71157334622421,0.8
drift-capacity,stackexchange,ARC,800,3,20000,0.02,1.1,6,1,0.5811,0.0011185682326621924,11622,21.2847470829729,9.778948460007086,1600,776.0191,18.0,74.69144848742702,0.8
drift-capacity,stackexchange,ARC,800,4,20000,0.02,1.1,6,1,0.60005,0.00133322223148071,12001,32.837996270973235,18.144413083791733,1600,771.90145,54.736398874203765,93.1916674139386,0.8
drift-capacity,stackexchange,ARC,1600,0,20000,0.02,1.1,6,1,0.63755,0.0021959062034350245,12751,38.44833681941964,12.01459831208922,2710,1470.9427,330.0,132.61255,0.8
drift-capacity,stackexchange,ARC-exact,50,2,20000,0.02,1.1,6,1,0.3804,0.00013144058885383806,7608,19.217313459375873,8.929253026144579,100,49.92835,0.0,0.0,0.8
drift-capacity,stackexchange,ARC-exact,50,3,20000,0.02,1.1,6,1,0.2774,0.0,5548,11.611654370790347,7.078881893539801,100,49.93755,0.0,0.0,0.8
drift-capacity,stackexchange,ARC-exact,50,4,20000,0.02,1.1,6,1,0.367,0.0,7340,13.428301381645724,8.071098633809015,100,49.9306,0.0,0.0,0.8
drift-capacity,stackexchange,ARC-exact,100,0,20000,0.02,1.1,6,1,0.4336,0.00034594095940959407,8672,10.79449582612142,5.967098387191072,200,99.69025,0.0,0.0,0.8
drift-capacity,stackexchange,LFU,800,0,20000,0.02,1.1,6,1,0.58835,0.0011047845670094333,11767,20.241506421007216,4.798287490848452,0,771.8335,,,0.8
drift-capacity,stackexchange,LFU,800,1,20000,0.02,1.1,6,1,0.5812,0.0028389538885065383,11624,14.275461412034929,2.7186261722818017,0,772.69515,,,0.8
drift-capacity,stackexchange,LFU,800,2,20000,0.02,1.1,6,1,0.5839,0.001198835417023463,11678,19.544363056775182,3.5860966716427356,0,772.28385,,,0.8
drift-capacity,stackexchange,LFU,800,3,20000,0.02,1.1,6,1,0.5618,0.000978996084015664,11236,15.722214878769591,2.9983242508023977,0,776.0191,,,0.8
drift-capacity,stackexchange,ARC-exact,100,1,20000,0.02,1.1,6,1,0.44595,0.0,8919,10.804848605766892,6.017889693612233,200,99.70885,0.0,0.0,0.8
drift-capacity,stackexchange,ARC-exact,100,2,20000,0.02,1.1,6,1,0.445,0.00011235955056179776,8900,12.22799004171975,6.721664447104558,200,99.6803,0.0,0.0,0.8
drift-capacity,stackexchange,ARC-exact,100,3,20000,0.02,1.1,6,1,0.34855,0.00028690288337397793,6971,12.82081799581647,7.670456811320036,200,99.72075,0.0,0.0,0.8
drift-capacity,stackexchange,ARC-exact,100,4,20000,0.02,1.1,6,1,0.44545,0.0,8909,12.351433432195336,6.906613876344636,200,99.6897,0.0,0.0,0.8
drift-capacity,stackexchange,LFU,1600,3,20000,0.02,1.1,6,1,0.6139,0.0019547157517510994,12278,34.676144242985174,5.0650873919948936,0,1486.2305,,,0.8
drift-capacity,stackexchange,LFU,1600,4,20000,0.02,1.1,6,1,0.6332,0.002053063802905875,12664,26.056993630481884,3.487147338455543,0,1473.23265,,,0.8
drift-capacity,stackexchange,ARC-exact,50,0,20000,0.02,1.1,6,1,0.3469,0.0004324012683770539,6938,12.104272522265092,7.431476254714653,100,49.9258,0.0,0.0,0.8
drift-capacity,stackexchange,ARC-exact,50,1,20000,0.02,1.1,6,1,0.37695,0.0,7539,10.28482288820669,6.2383946205955,100,49.93355,0.0,0.0,0.8
drift-capacity,stackexchange,ARC-exact,200,0,20000,0.02,1.1,6,1,0.4951,0.0004039587962027873,9902,12.715689383912832,5.968968383967876,395,198.6061,0.0,0.0,0.8
drift-capacity,stackexchange,ARC-exact,200,1,20000,0.02,1.1,6,1,0.4995,0.0001001001001001001,9990,14.614183269441128,7.1600334835238755,396,198.6854,0.0,0.0,0.8
drift-capacity,stackexchange,ARC-exact,200,2,20000,0.02,1.1,6,1,0.49375,0.00020253164556962027,9875,12.940254661953077,6.49077445268631,397,198.60985,0.0,0.0,0.8
drift-capacity,stackexchange,ARC-exact,200,3,20000,0.02,1.1,6,1,0.41585,0.0002404713237946375,8317,12.657100055366755,6.634683441370726,400,198.78025,0.0,0.0,0.8
drift-capacity,stackexchange,ARC,1600,1,20000,0.02,1.1,6,1,0.6332,0.001737207833228048,12664,37.46926987078041,13.196659565437585,2734,1473.8067,357.0,134.07695,0.8
drift-capacity,stackexchange,ARC,1600,2,20000,0.02,1.1,6,1,0.6326,0.002371166613974075,12652,42.47434528078884,16.073159489315003,2729,1474.16815,332.0,127.6537,0.8
drift-capacity,stackexchange,ARC,1600,3,20000,0.02,1.1,6,1,0.62625,0.0017564870259481038,12525,36.46671357564628,13.613127695862204,2899,1486.2305,324.7692307692308,159.9559846153693,0.8
drift-capacity,stackexchange,ARC,1600,4,20000,0.02,1.1,6,1,0.63575,0.0022021234762092017,12715,31.553922407329082,10.560290887951851,2673,1473.23265,293.0,115.6649,0.8
drift-capacity,stackexchange,ARC-exact,200,4,20000,0.02,1.1,6,1,0.50345,0.00039725891349687157,10069,12.77740400400944,6.296248297439888,391,198.6374,0.0,0.0,0.8
drift-capacity,stackexchange,ARC-exact,400,0,20000,0.02,1.1,6,1,0.55185,0.0008154389779831476,11037,14.557780930772424,6.332698825281113,762,393.64995,0.0,0.0,0.8
drift-capacity,stackexchange,ARC-exact,400,1,20000,0.02,1.1,6,1,0.54825,0.00027359781121751026,10965,15.365443367045373,6.4953097607940435,763,394.06205,0.0,0.0,0.8
drift-capacity,stackexchange,ARC-exact,400,2,20000,0.02,1.1,6,1,0.54595,0.0010990017400860884,10919,13.435353996464983,5.623187002493069,751,393.8295,0.0,0.0,0.8
drift-capacity,stackexchange,LFU,800,4,20000,0.02,1.1,6,1,0.58775,0.0013611229264142918,11755,22.239009628538042,5.829578160773963,0,771.90145,,,0.8
drift-capacity,stackexchange,LFU,1600,0,20000,0.02,1.1,6,1,0.63415,0.0022076795710793975,12683,25.930596760008484,3.205031994730234,0,1470.9427,,,0.8
drift-capacity,stackexchange,LFU,1600,1,20000,0.02,1.1,6,1,0.6301,0.0019044596095857801,12602,26.125792175298557,3.380982344970107,0,1473.8067,,,0.8
drift-capacity,stackexchange,LFU,1600,2,20000,0.02,1.1,6,1,0.63025,0.0022213407378024594,12605,21.605905320029706,2.876323228701949,0,1474.16815,,,0.8
drift-capacity,stackexchange,LRU,50,0,20000,0.05,1.1,6,1,0.26465,0.0,5293,7.608001871267334,3.199479979230091,0,49.9265,,,0.8
drift-capacity,stackexchange,LRU,50,1,20000,0.05,1.1,6,1,0.2574,0.0,5148,7.484158035367727,3.0530463554896414,0,49.9334,,,0.8
drift-capacity,stackexchange,LRU,50,2,20000,0.05,1.1,6,1,0.2559,0.00019538882375928098,5118,7.371771545149386,3.0219514679629356,0,49.92615,,,0.8
drift-capacity,stackexchange,LRU,50,3,20000,0.05,1.1,6,1,0.1224,0.0008169934640522876,2448,8.931339153787121,3.859706752700731,0,49.9354,,,0.8
drift-capacity,stackexchange,LRU,50,4,20000,0.05,1.1,6,1,0.25655,0.0,5131,8.51431360351853,3.744242206448689,0,49.93005,,,0.8
drift-capacity,stackexchange,LRU,100,0,20000,0.05,1.1,6,1,0.3483,0.0001435544071202986,6966,7.437419489724562,2.862885524518788,0,99.6948,,,0.8
drift-capacity,stackexchange,LRU,100,1,20000,0.05,1.1,6,1,0.3403,0.0,6806,8.85812928318046,3.3369236683938652,0,99.71075,,,0.8
drift-capacity,stackexchange,LRU,100,2,20000,0.05,1.1,6,1,0.3337,0.00029967036260113877,6674,12.462424754630774,4.729398345807567,0,99.66775,,,0.8
drift-capacity,stackexchange,LRU,100,3,20000,0.05,1.1,6,1,0.2084,0.0004798464491362764,4168,7.671877002576366,3.125880949664861,0,99.7187,,,0.8
drift-capacity,stackexchange,LRU,100,4,20000,0.05,1.1,6,1,0.33385,0.0002995357196345664,6677,7.379461143864319,2.8091352607589215,0,99.6886,,,0.8
drift-capacity,stackexchange,LRU,200,0,20000,0.05,1.1,6,1,0.42195,0.0008294821661334282,8439,11.60222731414251,3.7954063154757023,0,198.62175,,,0.8
drift-capacity,stackexchange,LRU,200,1,20000,0.05,1.1,6,1,0.4183,0.0,8366,11.715289647690952,3.868949302705005,0,198.68935,,,0.8
drift-capacity,stackexchange,ARC-exact,400,3,20000,0.02,1.1,6,1,0.49835,0.0007023176482391894,9967,17.5060358538758,7.433610403677449,787,394.6376,0.0,0.0,0.8
drift-capacity,stackexchange,ARC-exact,400,4,20000,0.02,1.1,6,1,0.5504,0.0008175872093023256,11008,15.865669853519648,6.911752437008545,738,393.67855,0.0,0.0,0.8
drift-capacity,stackexchange,ARC-exact,800,0,20000,0.02,1.1,6,1,0.59585,0.0009230511034656374,11917,17.370951815973967,5.478555930312723,1390,771.8335,0.0,0.0,0.8
drift-capacity,stackexchange,ARC-exact,800,1,20000,0.02,1.1,6,1,0.5915,0.0005071851225697379,11830,26.512839802308008,8.84734598803334,1405,772.69515,0.0,0.0,0.8
drift-capacity,stackexchange,LRU,200,2,20000,0.05,1.1,6,1,0.40615,0.000369321679182568,8123,8.340096793835983,2.642771665705368,0,198.55825,,,0.8
drift-capacity,stackexchange,LRU,200,3,20000,0.05,1.1,6,1,0.3132,0.0006385696040868455,6264,8.685235364828259,2.8984934906475246,0,198.7912,,,0.8
drift-capacity,stackexchange,LRU,200,4,20000,0.05,1.1,6,1,0.40835,0.0006122199093914534,8167,11.91782575333491,3.446315083419904,0,198.66,,,0.8
drift-capacity,stackexchange,LRU,400,0,20000,0.05,1.1,6,1,0.49375,0.0029367088607594937,9875,12.074618157930672,2.886413090163842,0,393.67175,,,0.8
drift-capacity,stackexchange,ARC-exact,800,2,20000,0.02,1.1,6,1,0.5908,0.0012694651320243736,11816,20.786205783952028,6.238709687022492,1388,772.28385,0.0,0.0,0.8
drift-capacity,stackexchange,ARC-exact,800,3,20000,0.02,1.1,6,1,0.5692,0.0010541110330288123,11384,18.89665331109427,6.35721260914579,1471,776.0191,0.0,0.0,0.8
drift-capacity,stackexchange,ARC-exact,800,4,20000,0.02,1.1,6,1,0.59405,0.001430855988553152,11881,23.53814103989862,8.033644501119852,1366,771.90145,0.0,0.0,0.8
drift-capacity,stackexchange,ARC-exact,1600,0,20000,0.02,1.1,6,1,0.63415,0.0022076795710793975,12683,29.606432118453085,6.696229544468224,2484,1470.9427,0.0,0.0,0.8
drift-capacity,stackexchange,LRU,400,1,20000,0.05,1.1,6,1,0.4924,0.00040617384240454913,9848,11.321342160226777,2.8570483380462974,0,394.0213,,,0.8
drift-capacity,stackexchange,LRU,400,2,20000,0.05,1.1,6,1,0.47965,0.000833941415615553,9593,14.142365759471431,3.9297637180425227,0,393.59255,,,0.8
drift-capacity,stackexchange,LRU,400,3,20000,0.05,1.1,6,1,0.4176,0.0007183908045977011,8352,10.852346831234172,2.802574308589101,0,394.6983,,,0.8
drift-capacity,stackexchange,LRU,400,4,20000,0.05,1.1,6,1,0.4924,0.0009138911454102356,9848,11.171982920495793,2.6607107603922486,0,393.7725,,,0.8
drift-capacity,stackexchange,LRU,800,0,20000,0.05,1.1,6,1,0.5579,0.0018820577164366374,11158,18.355768534820527,3.322975867195055,0,772.1394,,,0.8
drift-capacity,stackexchange,LRU,800,1,20000,0.05,1.1,6,1,0.55825,0.0013434841021047917,11165,18.693087284918875,3.520782687701285,0,772.45235,,,0.8
drift-capacity,stackexchange,LRU,800,2,20000,0.05,1.1,6,1,0.5512,0.00136066763425254,11024,14.969767263391986,2.4465399677865207,0,771.82875,,,0.8
drift-capacity,stackexchange,LRU,800,3,20000,0.05,1.1,6,1,0.5084,0.0007867820613690008,10168,15.915148612111807,3.0831779702566564,0,776.36285,,,0.8
drift-capacity,stackexchange,ARC,50,2,20000,0.05,1.1,6,1,0.37765,0.00013239772275916854,7553,20.954303786857054,15.281062392750755,100,49.92615,3.0,2.379188717532486,0.8
drift-capacity,stackexchange,ARC,50,3,20000,0.05,1.1,6,1,0.268,0.0,5360,15.167931286850944,11.12114557181485,100,49.9354,3.0,2.165021572871594,0.8
drift-capacity,stackexchange,ARC,50,4,20000,0.05,1.1,6,1,0.37745,0.00013246787653993907,7549,16.678079968551174,12.000755965709686,100,49.93005,1.0,2.035364425019433,0.8
drift-capacity,stackexchange,ARC,100,0,20000,0.05,1.1,6,1,0.4552,0.0003295254833040422,9104,14.472632232354954,9.668245882494375,200,99.6948,1.0,4.4230089457433435,0.8
drift-capacity,stackexchange,ARC-exact,1600,1,20000,0.02,1.1,6,1,0.6301,0.0019044596095857801,12602,26.64926577708684,6.374970881734043,2519,1473.8067,0.0,0.0,0.8
drift-capacity,stackexchange,ARC-exact,1600,2,20000,0.02,1.1,6,1,0.63025,0.0022213407378024594,12605,32.04614965361543,7.845296105369926,2516,1474.16815,0.0,0.0,0.8
drift-capacity,stackexchange,ARC-exact,1600,3,20000,0.02,1.1,6,1,0.6234,0.0016843118383060634,12468,29.241832380648702,6.30992308142595,2642,1486.2305,0.0,0.0,0.8
drift-capacity,stackexchange,ARC-exact,1600,4,20000,0.02,1.1,6,1,0.6332,0.002053063802905875,12664,26.90087536466308,6.074540561530739,2481,1473.23265,0.0,0.0,0.8
drift-capacity,stackexchange,ARC,100,1,20000,0.05,1.1,6,1,0.45655,0.00010951702989814916,9131,19.65268980129622,13.381833431776613,200,99.71075,0.0,4.287491010949892,0.8
drift-capacity,stackexchange,ARC,100,2,20000,0.05,1.1,6,1,0.4459,0.00022426553038797938,8918,13.512849650578573,9.018007735721767,200,99.66775,8.0,4.72484189282947,0.8
drift-capacity,stackexchange,ARC,100,3,20000,0.05,1.1,6,1,0.3557,0.0,7114,18.48888088716194,12.998585199238732,200,99.7187,4.0,4.305818474735617,0.8
drift-capacity,stackexchange,ARC,100,4,20000,0.05,1.1,6,1,0.45605,0.0001096371011950444,9121,14.319177757715806,9.599966061068699,200,99.6886,3.0,3.681443213036933,0.8
drift-capacity,stackexchange,LFU,50,0,20000,0.05,1.1,6,1,0.3508,0.00014253135689851768,7016,7.477228454081342,3.021386981708929,0,49.9265,,,0.8
drift-capacity,stackexchange,LFU,50,1,20000,0.05,1.1,6,1,0.35475,0.0,7095,6.861280259909108,2.778018673416227,0,49.9334,,,0.8
drift-capacity,stackexchange,LFU,50,2,20000,0.05,1.1,6,1,0.3535,0.00014144271570014144,7070,6.68653278844431,2.6105523167643696,0,49.92615,,,0.8
drift-capacity,stackexchange,LFU,50,3,20000,0.05,1.1,6,1,0.21735,0.0,4347,6.785706506343558,2.8938544855918735,0,49.9354,,,0.8
drift-capacity,stackexchange,LRU,1600,3,20000,0.05,1.1,6,1,0.5929,0.0015179625569235959,11858,29.548490105662495,3.8484058808535333,0,1487.4789,,,0.8
drift-capacity,stackexchange,LRU,1600,4,20000,0.05,1.1,6,1,0.61245,0.0026940974773450896,12249,24.40064862021245,2.7976519253570586,0,1473.0124,,,0.8
drift-capacity,stackexchange,ARC,50,0,20000,0.05,1.1,6,1,0.39915,0.0017537266691719905,7983,14.25187704153359,9.972722589736804,100,49.9265,2.0,2.080926190476184,0.8
drift-capacity,stackexchange,ARC,50,1,20000,0.05,1.1,6,1,0.3821,0.00013085579691180318,7642,13.718479796079919,9.673621319234371,100,49.9334,0.0,2.109312500000015,0.8
drift-capacity,stackexchange,ARC,200,0,20000,0.05,1.1,6,1,0.51325,0.0003896736483195324,10265,16.31395306903869,9.755497745936736,400,198.62175,2.0,12.826671477027425,0.8
drift-capacity,stackexchange,ARC,200,1,20000,0.05,1.1,6,1,0.51215,0.00039051059259982425,10243,17.228836350841448,10.660616378299892,400,198.68935,2.0,9.777660137076808,0.8
drift-capacity,stackexchange,ARC,200,2,20000,0.05,1.1,6,1,0.50675,0.0003946719289590528,10135,15.316516323946416,9.403679735260084,400,198.55825,1.0,8.933324522874617,0.8
drift-capacity,stackexchange,ARC,200,3,20000,0.05,1.1,6,1,0.4291,0.00023304591004427873,8582,15.434298978652805,9.943824133370072,400,198.7912,1.0,9.41352514110368,0.8
drift-capacity,stackexchange,LRU,800,4,20000,0.05,1.1,6,1,0.5605,0.0011596788581623551,11210,19.758370390627533,3.884429100435227,0,772.13945,,,0.8
drift-capacity,stackexchange,LRU,1600,0,20000,0.05,1.1,6,1,0.6137,0.0029330291673456085,12274,24.70534047461115,2.695544937159866,0,1472.4533,,,0.8
drift-capacity,stackexchange,LRU,1600,1,20000,0.05,1.1,6,1,0.6148,0.0033344176968119715,12296,24.454946437617764,2.9533693101257086,0,1472.6318,,,0.8
drift-capacity,stackexchange,LRU,1600,2,20000,0.05,1.1,6,1,0.61095,0.0022915132171208775,12219,21.059960895217955,2.294268977129832,0,1472.24235,,,0.8
drift-capacity,stackexchange,ARC,200,4,20000,0.05,1.1,6,1,0.5149,0.0003884249368809478,10298,14.627216511871666,8.811747876461595,400,198.66,9.5,10.685183620509319,0.8
drift-capacity,stackexchange,ARC,400,0,20000,0.05,1.1,6,1,0.55975,0.0010719071013845466,11195,20.296537940157577,10.962101665791124,800,393.67175,2.0,23.896976038166184,0.8
drift-capacity,stackexchange,ARC,400,1,20000,0.05,1.1,6,1,0.5591,0.0003577177606868181,11182,16.820180241484195,9.057104715611786,800,394.0213,7.0,28.909042063702586,0.8
drift-capacity,stackexchange,ARC,400,2,20000,0.05,1.1,6,1,0.5559,0.0003597769382982551,11118,18.607898335903883,10.212093818699941,800,393.59255,16.0,36.303029868079875,0.8
drift-capacity,stackexchange,LFU,50,4,20000,0.05,1.1,6,1,0.35515,0.0,7103,6.527026306139305,2.5427673768717796,0,49.93005,,,0.8
drift-capacity,stackexchange,LFU,100,0,20000,0.05,1.1,6,1,0.40215,0.0002486634340420241,8043,6.35297333355993,2.2141289548017085,0,99.6948,,,0.8
drift-capacity,stackexchange,LFU,100,1,20000,0.05,1.1,6,1,0.41825,0.0,8365,7.410017034271732,2.625956537667662,0,99.71075,,,0.8
drift-capacity,stackexchange,LFU,100,2,20000,0.05,1.1,6,1,0.4074,0.0002454590083456063,8148,7.545345049584284,2.524076134432107,0,99.66775,,,0.8
drift-capacity,stackexchange,ARC,400,3,20000,0.05,1.1,6,1,0.51285,0.0002924831822170225,10257,18.58831951394677,10.265301645267755,800,394.6983,2.0,19.45202507897199,0.8
drift-capacity,stackexchange,ARC,400,4,20000,0.05,1.1,6,1,0.5594,0.0008044333214158026,11188,19.53526967554353,10.603518900461495,800,393.7725,19.0,37.30636716698291,0.8
drift-capacity,stackexchange,ARC,800,0,20000,0.05,1.1,6,1,0.59895,0.0016695884464479505,11979,20.60897655901499,9.334508230676875,1600,772.1394,51.221445933491545,68.99548836796038,0.8
drift-capacity,stackexchange,ARC,800,1,20000,0.05,1.1,6,1,0.59875,0.0015031315240083508,11975,23.66209578467533,10.176169429905713,1600,772.45235,47.145746823805496,85.32250513123786,0.8
drift-capacity,stackexchange,LFU,100,3,20000,0.05,1.1,6,1,0.30965,0.0,6193,7.002251589437947,2.6102743635419756,0,99.7187,,,0.8
drift-capacity,stackexchange,LFU,100,4,20000,0.05,1.1,6,1,0.4171,0.0,8342,7.6047174166888,2.6437369117047638,0,99.6886,,,0.8
drift-capacity,stackexchange,LFU,200,0,20000,0.05,1.1,6,1,0.4565,0.0001095290251916758,9130,8.39412251370959,2.4680835311301053,0,198.62175,,,0.8
drift-capacity,stackexchange,LFU,200,1,20000,0.05,1.1,6,1,0.4659,0.0001073191672032625,9318,8.847927139140666,2.5009933684486896,0,198.68935,,,0.8
drift-capacity,stackexchange,LFU,200,2,20000,0.05,1.1,6,1,0.44375,0.0003380281690140845,8875,7.735404005507007,2.348855370655656,0,198.55825,,,0.8
drift-capacity,stackexchange,LFU,200,3,20000,0.05,1.1,6,1,0.3845,0.0,7690,9.193892573239282,3.0410666950047016,0,198.7912,,,0.8
drift-capacity,stackexchange,LFU,200,4,20000,0.05,1.1,6,1,0.4632,0.0008635578583765112,9264,7.84141804324463,2.330392214935273,0,198.66,,,0.8
drift-capacity,stackexchange,LFU,400,0,20000,0.05,1.1,6,1,0.5135,0.0012658227848101266,10270,11.572437844006345,3.0432676430791616,0,393.67175,,,0.8
drift-capacity,stackexchange,LFU,400,1,20000,0.05,1.1,6,1,0.5223,0.0003829216925138809,10446,9.833213867386803,2.4108174722641706,0,394.0213,,,0.8
drift-capacity,stackexchange,LFU,400,2,20000,0.05,1.1,6,1,0.5218,0.0004791107704101188,10436,11.40804197639227,2.726123615866527,0,393.59255,,,0.8
drift-capacity,stackexchange,LFU,400,3,20000,0.05,1.1,6,1,0.45255,0.00044194011711413104,9051,10.15543406829238,2.5172010238748044,0,394.6983,,,0.8
drift-capacity,stackexchange,LFU,400,4,20000,0.05,1.1,6,1,0.5217,0.0010542457350967988,10434,11.006101529346779,2.621222799643874,0,393.7725,,,0.8
drift-capacity,stackexchange,ARC,800,2,20000,0.05,1.1,6,1,0.5944,0.0006729475100942127,11888,24.75288196001202,11.343819950707257,1600,771.82875,50.698749029663155,101.89097078295855,0.8
drift-capacity,stackexchange,ARC,800,3,20000,0.05,1.1,6,1,0.57725,0.00043308791684711995,11545,22.55100841866806,10.488054325105622,1600,776.36285,25.37837837837838,63.52915110634272,0.8
drift-capacity,stackexchange,ARC,800,4,20000,0.05,1.1,6,1,0.59645,0.00134126917595775,11929,24.161568592535332,10.894978238502517,1600,772.13945,92.2217635211507,109.84692632643431,0.8
drift-capacity,stackexchange,ARC,1600,0,20000,0.05,1.1,6,1,0.63255,0.0027665797170184176,12651,35.42165943654254,10.82732035429217,2754,1472.4533,345.0,125.38145,0.8
drift-capacity,stackexchange,ARC-exact,50,2,20000,0.05,1.1,6,1,0.3715,0.00013458950201884252,7430,11.479140521259978,6.8897149816621095,100,49.92615,0.0,0.0,0.8
drift-capacity,stackexchange,ARC-exact,50,3,20000,0.05,1.1,6,1,0.2663,0.0,5326,11.173984420020133,6.868113926611841,100,49.9354,0.0,0.0,0.8
drift-capacity,stackexchange,ARC-exact,50,4,20000,0.05,1.1,6,1,0.3671,0.0,7342,10.37464941618964,6.231767340796068,100,49.93005,0.0,0.0,0.8
drift-capacity,stackexchange,ARC-exact,100,0,20000,0.05,1.1,6,1,0.43865,0.00011398609369656902,8773,11.563793063396588,6.531042366987094,200,99.6948,0.0,0.0,0.8
drift-capacity,stackexchange,LFU,800,0,20000,0.05,1.1,6,1,0.57945,0.0020709293295366298,11589,16.199626930756494,3.0293675314169377,0,772.1394,,,0.8
drift-capacity,stackexchange,LFU,800,1,20000,0.05,1.1,6,1,0.57955,0.001466655163488914,11591,15.028753149090335,2.5980929320212454,0,772.45235,,,0.8
drift-capacity,stackexchange,LFU,800,2,20000,0.05,1.1,6,1,0.57715,0.0006930607294464178,11543,15.756561991292983,2.6588333770632744,0,771.82875,,,0.8
drift-capacity,stackexchange,LFU,800,3,20000,0.05,1.1,6,1,0.5519,0.0005435767349157456,11038,13.47430283203721,2.505354111781344,0,776.36285,,,0.8
drift-capacity,stackexchange,ARC-exact,100,1,20000,0.05,1.1,6,1,0.43965,0.00011372682815876265,8793,10.64710090868175,5.941572523443028,200,99.71075,0.0,0.0,0.8
drift-capacity,stackexchange,ARC-exact,100,2,20000,0.05,1.1,6,1,0.4341,0.000230361667818475,8682,11.345981858903542,6.316878774669021,200,99.66775,0.0,0.0,0.8
drift-capacity,stackexchange,ARC-exact,100,3,20000,0.05,1.1,6,1,0.3352,0.0,6704,11.887853062944487,7.0182474330067635,200,99.7187,0.0,0.0,0.8
drift-capacity,stackexchange,ARC-exact,100,4,20000,0.05,1.1,6,1,0.43665,0.00011450818733539448,8733,10.918772278819233,6.223550421418622,200,99.6886,0.0,0.0,0.8
drift-capacity,stackexchange,ARC-exact,200,0,20000,0.05,1.1,6,1,0.4899,0.0004082465809348847,9798,11.69675841811113,5.745566030964255,394,198.62175,0.0,0.0,0.8
drift-capacity,stackexchange,ARC-exact,200,1,20000,0.05,1.1,6,1,0.4913,0.0003053124363932424,9826,11.606631008908153,5.715716577833518,398,198.68935,0.0,0.0,0.8
drift-capacity,stackexchange,ARC-exact,200,2,20000,0.05,1.1,6,1,0.49,0.00040816326530612246,9800,11.676648521097377,5.69656498846598,394,198.55825,0.0,0.0,0.8
drift-capacity,stackexchange,ARC-exact,200,3,20000,0.05,1.1,6,1,0.40785,0.0001225940909648155,8157,13.136803189991042,6.974814319983125,400,198.7912,0.0,0.0,0.8
drift-capacity,stackexchange,LFU,1600,3,20000,0.05,1.1,6,1,0.61635,0.0013790865579621967,12327,23.970620869658887,3.1947812240105122,0,1487.4789,,,0.8
drift-capacity,stackexchange,LFU,1600,4,20000,0.05,1.1,6,1,0.62855,0.003420571155834858,12571,24.992949893930927,3.0989913968369365,0,1473.0124,,,0.8
drift-capacity,stackexchange,ARC-exact,50,0,20000,0.05,1.1,6,1,0.38755,0.0,7751,9.862284158589318,5.836099240696058,100,49.9265,0.0,0.0,0.8
drift-capacity,stackexchange,ARC-exact,50,1,20000,0.05,1.1,6,1,0.37445,0.0,7489,11.472942103864625,6.89775490318425,100,49.9334,0.0,0.0,0.8
drift-capacity,stackexchange,ARC,1600,1,20000,0.05,1.1,6,1,0.63435,0.003389296129896745,12687,31.66359135066159,10.833993653068319,2790,1472.6318,327.0,114.22805,0.8
drift-capacity,stackexchange,ARC,1600,2,20000,0.05,1.1,6,1,0.629,0.0022257551669316376,12580,30.187161260982975,10.13652203255333,2742,1472.24235,333.0,124.10105,0.8
drift-capacity,stackexchange,ARC,1600,3,20000,0.05,1.1,6,1,0.61935,0.0013724065552595463,12387,34.14482850348577,11.40640428639017,2902,1487.4789,353.3221238325839,160.87440999862073,0.8
drift-capacity,stackexchange,ARC,1600,4,20000,0.05,1.1,6,1,0.63025,0.0035700119000396666,12605,29.662254283903167,9.84560560900718,2717,1473.0124,305.0,112.1928,0.8
drift-capacity,stackexchange,ARC-exact,200,4,20000,0.05,1.1,6,1,0.49795,0.00010041168792047395,9959,11.804195563308895,5.654926656279713,393,198.66,0.0,0.0,0.8
drift-capacity,stackexchange,ARC-exact,400,0,20000,0.05,1.1,6,1,0.5431,0.0009206407659731173,10862,14.780003431951627,6.040196807589382,758,393.67175,0.0,0.0,0.8
drift-capacity,stackexchange,ARC-exact,400,1,20000,0.05,1.1,6,1,0.54505,0.0003669388129529401,10901,14.166448212927207,6.0749925323762,768,394.0213,0.0,0.0,0.8
drift-capacity,stackexchange,ARC-exact,400,2,20000,0.05,1.1,6,1,0.5424,0.00046091445427728613,10848,13.006275240331888,5.361949908547103,752,393.59255,0.0,0.0,0.8
drift-capacity,stackexchange,LFU,800,4,20000,0.05,1.1,6,1,0.57525,0.0014776184267709692,11505,15.887475269846618,2.886197919724509,0,772.13945,,,0.8
drift-capacity,stackexchange,LFU,1600,0,20000,0.05,1.1,6,1,0.6303,0.002776455656036808,12606,24.546906509203836,3.0048158951103687,0,1472.4533,,,0.8
drift-capacity,stackexchange,LFU,1600,1,20000,0.05,1.1,6,1,0.6325,0.0031620553359683794,12650,23.66255250526592,2.9704150510951877,0,1472.6318,,,0.8
drift-capacity,stackexchange,LFU,1600,2,20000,0.05,1.1,6,1,0.62705,0.0023124152778885255,12541,21.522360062226653,2.9592815903015435,0,1472.24235,,,0.8
drift-capacity,stackexchange,LRU,50,0,20000,0.1,1.1,6,1,0.2622,0.00038138825324180017,5244,6.628909194841981,2.7194691239856184,0,49.9276,,,0.8
drift-capacity,stackexchange,LRU,50,1,20000,0.1,1.1,6,1,0.26335,0.00018986140117714068,5267,7.955392060102895,3.351256577298045,0,49.9332,,,0.8
drift-capacity,stackexchange,LRU,50,2,20000,0.1,1.1,6,1,0.2417,0.0002068680182043856,4834,7.260383479297161,3.0358914169482887,0,49.92055,,,0.8
drift-capacity,stackexchange,LRU,50,3,20000,0.1,1.1,6,1,0.11725,0.00042643923240938164,2345,6.632491666823626,2.9016716114711016,0,49.93785,,,0.8
drift-capacity,stackexchange,LRU,50,4,20000,0.1,1.1,6,1,0.2393,0.0002089427496865859,4786,6.736634619301185,2.807104925159365,0,49.93315,,,0.8
drift-capacity,stackexchange,LRU,100,0,20000,0.1,1.1,6,1,0.34085,0.0005867683731846853,6817,7.92884097318165,2.982828172389418,0,99.6968,,,0.8
drift-capacity,stackexchange,LRU,100,1,20000,0.1,1.1,6,1,0.34415,0.0002905709719599012,6883,7.243664638372138,2.664971473859623,0,99.709,,,0.8
drift-capacity,stackexchange,LRU,100,2,20000,0.1,1.1,6,1,0.33585,0.0002977519726068185,6717,6.64390578167513,2.4372949614189565,0,99.6616,,,0.8
drift-capacity,stackexchange,ARC-exact,400,3,20000,0.05,1.1,6,1,0.49065,0.00040762254152654643,9813,14.438320323824883,6.047099351417273,788,394.6983,0.0,0.0,0.8
drift-capacity,stackexchange,ARC-exact,400,4,20000,0.05,1.1,6,1,0.5468,0.0009144111192392099,10936,13.18405403289944,5.449772870633751,757,393.7725,0.0,0.0,0.8
drift-capacity,stackexchange,ARC-exact,800,0,20000,0.05,1.1,6,1,0.59095,0.002030628648785853,11819,19.18831093935296,6.471276184311137,1413,772.1394,0.0,0.0,0.8
drift-capacity,stackexchange,ARC-exact,800,1,20000,0.05,1.1,6,1,0.5908,0.0015233581584292485,11816,17.849611886776984,5.70293499622494,1414,772.45235,0.0,0.0,0.8
drift-capacity,stackexchange,LRU,100,3,20000,0.1,1.1,6,1,0.20245,0.0004939491232403062,4049,8.442474657204002,3.4252767567522824,0,99.7284,,,0.8
drift-capacity,stackexchange,LRU,100,4,20000,0.1,1.1,6,1,0.3188,0.0003136762860727729,6376,7.194622838869691,2.678113052388653,0,99.702,,,0.8
drift-capacity,stackexchange,LRU,200,0,20000,0.1,1.1,6,1,0.4117,0.0008501335924216663,8234,7.990211917785928,2.486268535722047,0,198.61895,,,0.8
drift-capacity,stackexchange,LRU,200,1,20000,0.1,1.1,6,1,0.42285,0.0008277166844034528,8457,9.699773840839043,3.1773753988090903,0,198.687,,,0.8
drift-capacity,stackexchange,LRU,200,2,20000,0.1,1.1,6,1,0.41205,0.0006067224851352991,8241,9.200746065471321,3.03989002131857,0,198.5369,,,0.8
drift-capacity,stackexchange,LRU,200,3,20000,0.1,1.1,6,1,0.31205,0.0014420765902900176,6241,8.065697568235919,2.707847103010863,0,198.78865,,,0.8
drift-capacity,stackexchange,LRU,200,4,20000,0.1,1.1,6,1,0.40125,0.0006230529595015577,8025,8.458746667020023,2.7114600059576333,0,198.6788,,,0.8
drift-capacity,stackexchange,LRU,400,0,20000,0.1,1.1,6,1,0.4826,0.0014504765851636966,9652,11.39223329955712,2.8273452538996935,0,393.62065,,,0.8
drift-capacity,stackexchange,ARC-exact,800,2,20000,0.05,1.1,6,1,0.58685,0.0012780097128738178,11737,19.08375982893631,5.895127716939896,1388,771.82875,0.0,0.0,0.8
drift-capacity,stackexchange,ARC-exact,800,3,20000,0.05,1.1,6,1,0.56425,0.0006202924235711121,11285,18.620551348431036,6.345707917353138,1470,776.36285,0.0,0.0,0.8
drift-capacity,stackexchange,ARC-exact,800,4,20000,0.05,1.1,6,1,0.58945,0.0014420222241072185,11789,16.520731389755383,5.114395159762353,1401,772.13945,0.0,0.0,0.8
drift-capacity,stackexchange,ARC-exact,1600,0,20000,0.05,1.1,6,1,0.6303,0.002776455656036808,12606,29.699221102055162,6.99605526169762,2530,1472.4533,0.0,0.0,0.8
drift-capacity,stackexchange,LRU,400,1,20000,0.1,1.1,6,1,0.49225,0.0012188928390045707,9845,10.441028093919158,2.6612446294166148,0,393.8965,,,0.8
drift-capacity,stackexchange,LRU,400,2,20000,0.1,1.1,6,1,0.48115,0.0011430946690221344,9623,10.165513446554542,2.484473172808066,0,393.60365,,,0.8
drift-capacity,stackexchange,LRU,400,3,20000,0.1,1.1,6,1,0.4136,0.0015715667311411992,8272,12.162318686023355,3.3022680727299303,0,394.60425,,,0.8
drift-capacity,stackexchange,LRU,400,4,20000,0.1,1.1,6,1,0.48135,0.001661992313285551,9627,11.33042186847888,2.8535285964608192,0,393.8653,,,0.8
drift-capacity,stackexchange,LRU,800,0,20000,0.1,1.1,6,1,0.54835,0.0012765569435579465,10967,13.367231993470341,2.222658187383786,0,772.0187,,,0.8
drift-capacity,stackexchange,LRU,800,1,20000,0.1,1.1,6,1,0.5559,0.0020687173952149665,11118,16.717782500199974,3.0676506110467017,0,771.75575,,,0.8
drift-capacity,stackexchange,LRU,800,2,20000,0.1,1.1,6,1,0.5482,0.001459321415541773,10964,15.148761024465784,2.8056375274900347,0,772.0065,,,0.8
drift-capacity,stackexchange,LRU,800,3,20000,0.1,1.1,6,1,0.50275,0.001989060169070114,10055,18.52799609187059,3.944136272184551,0,775.7936,,,0.8
drift-capacity,stackexchange,ARC-exact,1600,1,20000,0.05,1.1,6,1,0.6325,0.0031620553359683794,12650,27.422253688564524,6.185633788118139,2557,1472.6318,0.0,0.0,0.8
drift-capacity,stackexchange,ARC-exact,1600,2,20000,0.05,1.1,6,1,0.62705,0.0023124152778885255,12541,24.447979126125574,5.301039753248915,2528,1472.24235,0.0,0.0,0.8
drift-capacity,stackexchange,ARC-exact,1600,3,20000,0.05,1.1,6,1,0.61635,0.0013790865579621967,12327,30.545707343844697,7.334414782235399,2643,1487.4789,0.0,0.0,0.8
drift-capacity,stackexchange,ARC-exact,1600,4,20000,0.05,1.1,6,1,0.62855,0.003420571155834858,12571,34.61996637634002,8.450176956830546,2515,1473.0124,0.0,0.0,0.8
drift-capacity,stackexchange,ARC,50,2,20000,0.1,1.1,6,1,0.38135,0.0001311131506490101,7627,16.32734349113889,11.617124732583761,100,49.92055,4.0,2.8752968267761365,0.8
drift-capacity,stackexchange,ARC,50,3,20000,0.1,1.1,6,1,0.2658,0.00018811136192626034,5316,17.333028005668893,12.767851701937616,100,49.93785,0.0,2.0073450396825385,0.8
drift-capacity,stackexchange,ARC,50,4,20000,0.1,1.1,6,1,0.3648,0.0,7296,18.19711973075755,13.172549562295899,100,49.93315,4.0,2.052119065656561,0.8
drift-capacity,stackexchange,ARC,100,0,20000,0.1,1.1,6,1,0.44885,0.0007797705246741673,8977,17.637310636928305,11.923163483152166,200,99.6968,2.0,4.644080642757774,0.8
drift-capacity,stackexchange,ARC,100,1,20000,0.1,1.1,6,1,0.4575,0.0002185792349726776,9150,16.211059875786304,10.882145207142457,200,99.709,1.0,4.686276564970981,0.8
drift-capacity,stackexchange,ARC,100,2,20000,0.1,1.1,6,1,0.4414,0.00022655188038060717,8828,15.80100257997401,10.68030793685466,200,99.6616,1.0,5.65908304694492,0.8
drift-capacity,stackexchange,ARC,100,3,20000,0.1,1.1,6,1,0.3501,0.0007140816909454442,7002,21.563891420373693,14.561501593561843,200,99.7284,6.0,4.7432004659555895,0.8
drift-capacity,stackexchange,ARC,100,4,20000,0.1,1.1,6,1,0.44005,0.00011362345188046812,8801,17.065788723994046,11.545751173980534,200,99.702,0.0,4.498845869130887,0.8
drift-capacity,stackexchange,LFU,50,0,20000,0.1,1.1,6,1,0.35225,0.00014194464158978,7045,6.7303037096280605,2.6684762618970126,0,49.9276,,,0.8
drift-capacity,stackexchange,LFU,50,1,20000,0.1,1.1,6,1,0.3415,0.00014641288433382137,6830,8.443514473037794,3.1707795860711485,0,49.9332,,,0.8
drift-capacity,stackexchange,LFU,50,2,20000,0.1,1.1,6,1,0.26925,0.00018570102135561745,5385,7.821977691492066,3.145822341321036,0,49.92055,,,0.8
drift-capacity,stackexchange,LFU,50,3,20000,0.1,1.1,6,1,0.2108,0.00023719165085388995,4216,8.425078418804333,3.6511772719677538,0,49.93785,,,0.8
drift-capacity,stackexchange,ARC,200,0,20000,0.1,1.1,6,1,0.50285,0.001093765536442279,10057,17.457264935364947,10.922190971905366,400,198.61895,4.0,8.613224660222558,0.8
drift-capacity,stackexchange,ARC,200,1,20000,0.1,1.1,6,1,0.50915,0.0003928115486595306,10183,16.03411809192039,9.897278744028881,400,198.687,0.0,12.644163487432692,0.8
drift-capacity,stackexchange,ARC,200,2,20000,0.1,1.1,6,1,0.4997,0.0010006003602161296,9994,21.89671716769226,13.044002169044688,400,198.5369,5.0,11.31713264271631,0.8
drift-capacity,stackexchange,ARC,200,3,20000,0.1,1.1,6,1,0.4195,0.0011918951132300357,8390,19.01015851763077,12.410618033027276,400,198.78865,11.0,11.180444965570754,0.8
drift-capacity,stackexchange,LRU,800,4,20000,0.1,1.1,6,1,0.54845,0.0019144862795149968,10969,14.527117687975988,2.5554094230756164,0,772.263,,,0.8
drift-capacity,stackexchange,LRU,1600,0,20000,0.1,1.1,6,1,0.6055,0.002972749793559042,12110,25.308532326016575,3.0537394690327346,0,1472.26415,,,0.8
drift-capacity,stackexchange,LRU,1600,1,20000,0.1,1.1,6,1,0.60985,0.002623595966221202,12197,30.029163387371227,4.204090218991041,0,1470.9852,,,0.8
drift-capacity,stackexchange,LRU,1600,2,20000,0.1,1.1,6,1,0.6065,0.002967848309975268,12130,23.28577244770713,3.1601209193468094,0,1473.17765,,,0.8
drift-capacity,stackexchange,LRU,1600,3,20000,0.1,1.1,6,1,0.58155,0.002837245292752128,11631,24.17100406019017,3.040527179837227,0,1486.98785,,,0.8
drift-capacity,stackexchange,LRU,1600,4,20000,0.1,1.1,6,1,0.6053,0.001899884354865356,12106,25.289175828220323,2.818491228390485,0,1473.89805,,,0.8
drift-capacity,stackexchange,ARC,50,0,20000,0.1,1.1,6,1,0.3878,0.0005157297576070139,7756,18.47191529814154,13.040515017928556,100,49.9276,1.0,2.3621487103174754,0.8
drift-capacity,stackexchange,ARC,50,1,20000,0.1,1.1,6,1,0.38725,0.0001291155584247902,7745,14.672682952368632,10.343058418948203,100,49.9332,0.0,2.351816468253995,0.8
drift-capacity,stackexchange,ARC,200,4,20000,0.1,1.1,6,1,0.49945,0.0013014315747322054,9989,16.963561478769407,10.553619026904926,400,198.6788,7.304347826086957,12.663185359896204,0.8
drift-capacity,stackexchange,ARC,400,0,20000,0.1,1.1,6,1,0.54855,0.0016406890894175555,10971,19.594025518745184,11.00500970496796,800,393.62065,7.0,25.07052034062419,0.8
drift-capacity,stackexchange,ARC,400,1,20000,0.1,1.1,6,1,0.5529,0.0009043226623259179,11058,22.492396517191082,12.691754649858922,800,393.8965,14.623912360754458,38.08597983651269,0.8
drift-capacity,stackexchange,ARC,400,2,20000,0.1,1.1,6,1,0.5453,0.0012836970474967907,10906,16.945797501830384,9.283116238657385,800,393.60365,8.148925537231385,35.84479932708865,0.8
drift-capacity,stackexchange,LFU,50,4,20000,0.1,1.1,6,1,0.3051,0.0,6102,7.953525253105909,3.2360903511289507,0,49.93315,,,0.8
drift-capacity,stackexchange,LFU,100,0,20000,0.1,1.1,6,1,0.39275,0.0002546148949713558,7855,7.346460886765271,2.5985815445892513,0,99.6968,,,0.8
drift-capacity,stackexchange,LFU,100,1,20000,0.1,1.1,6,1,0.39775,0.0001257071024512885,7955,7.171580521389842,2.544333861442283,0,99.709,,,0.8
drift-capacity,stackexchange,LFU,100,2,20000,0.1,1.1,6,1,0.34695,0.00014411298457991066,6939,7.3831285641063005,2.7064623951446265,0,99.6616,,,0.8
drift-capacity,stackexchange,ARC,400,3,20000,0.1,1.1,6,1,0.496,0.0012096774193548388,9920,20.084423251682892,11.538115504663438,800,394.60425,22.0,25.713438545643765,0.8
drift-capacity,stackexchange,ARC,400,4,20000,0.1,1.1,6,1,0.54945,0.001001001001001001,10989,25.691205373732373,13.22933926130645,800,393.8653,12.0,35.05656063458699,0.8
drift-capacity,stackexchange,ARC,800,0,20000,0.1,1.1,6,1,0.58755,0.0025529742149604288,11751,23.482079076347873,10.869415919296443,1600,772.0187,51.64090273222995,60.81916211799783,0.8
drift-capacity,stackexchange,ARC,800,1,20000,0.1,1.1,6,1,0.5915,0.0020287404902789518,11830,21.237907861359417,9.293944807723165,1600,771.75575,198.53457091396666,133.35898923853458,0.8
drift-capacity,stackexchange,LFU,100,3,20000,0.1,1.1,6,1,0.30035,0.000998834692858332,6007,8.291600144002587,3.299928462365642,0,99.7284,,,0.8
drift-capacity,stackexchange,LFU,100,4,20000,0.1,1.1,6,1,0.37175,0.0004034969737726967,7435,7.2405799583066255,2.5928793707862496,0,99.702,,,0.8
drift-capacity,stackexchange,LFU,200,0,20000,0.1,1.1,6,1,0.44055,0.00022698899103393486,8811,7.924843759974465,2.403428649995476,0,198.61895,,,0.8
drift-capacity,stackexchange,LFU,200,1,20000,0.1,1.1,6,1,0.44955,0.00022244466688911134,8991,7.635941414628178,2.1814118197653443,0,198.687,,,0.8
drift-capacity,stackexchange,LFU,200,2,20000,0.1,1.1,6,1,0.4007,0.0004991265285749938,8014,8.24506328208372,2.566532220225781,0,198.5369,,,0.8
drift-capacity,stackexchange,LFU,200,3,20000,0.1,1.1,6,1,0.3574,0.0008393956351426973,7148,8.469476614845917,2.6879280689172447,0,198.78865,,,0.8
drift-capacity,stackexchange,LFU,200,4,20000,0.1,1.1,6,1,0.42475,0.0005885815185403178,8495,7.741396618075669,2.296128758462146,0,198.6788,,,0.8
drift-capacity,stackexchange,LFU,400,0,20000,0.1,1.1,6,1,0.5019,0.001394700139470014,10038,9.94335941504687,2.3877806321252137,0,393.62065,,,0.8
drift-capacity,stackexchange,LFU,400,1,20000,0.1,1.1,6,1,0.502,0.00099601593625498,10040,10.109876666683704,2.483509760349989,0,393.8965,,,0.8
drift-capacity,stackexchange,LFU,400,2,20000,0.1,1.1,6,1,0.45895,0.001743109271162436,9179,10.225180204724893,2.5549287267494947,0,393.60365,,,0.8
drift-capacity,stackexchange,LFU,400,3,20000,0.1,1.1,6,1,0.4314,0.0012749188687992583,8628,9.832841414026916,2.360843913629651,0,394.60425,,,0.8
drift-capacity,stackexchange,LFU,400,4,20000,0.1,1.1,6,1,0.49205,0.001829082410324154,9841,11.631579807726666,2.8728406585287303,0,393.8653,,,0.8
drift-capacity,stackexchange,ARC,800,2,20000,0.1,1.1,6,1,0.5828,0.0024879890185312285,11656,25.305701058823615,11.744618800003082,1600,772.0065,181.29920678328506,141.6657491816066,0.8
drift-capacity,stackexchange,ARC,800,3,20000,0.1,1.1,6,1,0.56255,0.0015998577904186295,11251,29.35857611009851,14.592861291021109,1600,775.7936,3.0,59.84690489224955,0.8
drift-capacity,stackexchange,ARC,800,4,20000,0.1,1.1,6,1,0.58785,0.001360891383856426,11757,22.08854397176765,9.899212216259912,1600,772.263,151.8234562494835,116.6816214993909,0.8
drift-capacity,stackexchange,ARC,1600,0,20000,0.1,1.1,6,1,0.621,0.003542673107890499,12420,31.174866278888658,10.581020201789215,2800,1472.26415,350.0,126.9589,0.8
drift-capacity,stackexchange,ARC-exact,50,2,20000,0.1,1.1,6,1,0.3216,0.0003109452736318408,6432,11.167593888239935,6.833820894826204,100,49.92055,0.0,0.0,0.8
drift-capacity,stackexchange,ARC-exact,50,3,20000,0.1,1.1,6,1,0.2634,0.0,5268,10.867582849459723,6.7642088630236685,100,49.93785,0.0,0.0,0.8
drift-capacity,stackexchange,ARC-exact,50,4,20000,0.1,1.1,6,1,0.33355,0.0,6671,11.197828617878258,6.801202875794843,100,49.93315,0.0,0.0,0.8
drift-capacity,stackexchange,ARC-exact,100,0,20000,0.1,1.1,6,1,0.419,0.00023866348448687351,8380,10.438464803155512,5.845947342459112,200,99.6968,0.0,0.0,0.8
drift-capacity,stackexchange,ARC-exact,100,1,20000,0.1,1.1,6,1,0.42235,0.00035515567657156387,8447,10.688680509338155,6.0026614053640515,200,99.709,0.0,0.0,0.8
drift-capacity,stackexchange,ARC-exact,100,2,20000,0.1,1.1,6,1,0.37715,0.00026514649343762427,7543,10.34089884487912,5.859345878707245,200,99.6616,0.0,0.0,0.8
drift-capacity,stackexchange,ARC-exact,100,3,20000,0.1,1.1,6,1,0.3184,0.00047110552763819093,6368,12.159520492423326,7.146520126843825,200,99.7284,0.0,0.0,0.8
drift-capacity,stackexchange,ARC-exact,100,4,20000,0.1,1.1,6,1,0.4123,0.00024254183846713557,8246,12.169261678354815,7.0361214922741055,200,99.702,0.0,0.0,0.8
drift-capacity,stackexchange,LFU,800,0,20000,0.1,1.1,6,1,0.56655,0.0017650692789691995,11331,14.704197709215805,2.6634466543328017,0,772.0187,,,0.8
drift-capacity,stackexchange,LFU,800,1,20000,0.1,1.1,6,1,0.5604,0.0020521056388294076,11208,14.103769307257608,2.4166023125872016,0,771.75575,,,0.8
drift-capacity,stackexchange,LFU,800,2,20000,0.1,1.1,6,1,0.5482,0.0021889821233126595,10964,15.499877149704844,2.8531121148262173,0,772.0065,,,0.8
drift-capacity,stackexchange,LFU,800,3,20000,0.1,1.1,6,1,0.5219,0.0010538417321325924,10438,15.879054012475535,3.0614850169513375,0,775.7936,,,0.8
drift-capacity,stackexchange,ARC-exact,200,0,20000,0.1,1.1,6,1,0.47955,0.0007298509018871859,9591,10.999234905466437,5.355461151339114,399,198.61895,0.0,0.0,0.8
drift-capacity,stackexchange,ARC-exact,200,1,20000,0.1,1.1,6,1,0.48555,0.00030892801977139327,9711,12.955771194538102,6.447970628505573,396,198.687,0.0,0.0,0.8
drift-capacity,stackexchange,ARC-exact,200,2,20000,0.1,1.1,6,1,0.45695,0.000328263486158223,9139,12.21898888470605,6.126306642545387,400,198.5369,0.0,0.0,0.8
drift-capacity,stackexchange,ARC-exact,200,3,20000,0.1,1.1,6,1,0.3882,0.0009015971148892323,7764,13.489034428494051,7.235060475068167,399,198.78865,0.0,0.0,0.8
drift-capacity,stackexchange,LFU,1600,3,20000,0.1,1.1,6,1,0.60315,0.0028185360192323635,12063,23.627125093480572,3.2021554419770837,0,1486.98785,,,0.8
drift-capacity,stackexchange,LFU,1600,4,20000,0.1,1.1,6,1,0.62035,0.0017731925525912792,12407,23.922553844749928,3.157808125251904,0,1473.89805,,,0.8
drift-capacity,stackexchange,ARC-exact,50,0,20000,0.1,1.1,6,1,0.37545,0.00013317352510320947,7509,12.946624518372118,7.861254207091407,100,49.9276,0.0,0.0,0.8
drift-capacity,stackexchange,ARC-exact,50,1,20000,0.1,1.1,6,1,0.36465,0.0002742355683532154,7293,10.438446083571762,6.282013427698985,100,49.9332,0.0,0.0,0.8
drift-capacity,stackexchange,ARC,1600,1,20000,0.1,1.1,6,1,0.6239,0.0027247956403269754,12478,39.99255826929584,14.201339409919456,2789,1470.9852,341.0,124.185,0.8
drift-capacity,stackexchange,ARC,1600,2,20000,0.1,1.1,6,1,0.62105,0.003220352628612833,12421,30.318367341533303,10.451738309348002,2866,1473.17765,304.1333333333333,140.012229999999,0.8
drift-capacity,stackexchange,ARC,1600,3,20000,0.1,1.1,6,1,0.6084,0.002876397107166338,12168,33.48436205997132,11.658154829638079,3027,1486.98785,436.8154366424519,182.32972006343897,0.8
drift-capacity,stackexchange,ARC,1600,4,20000,0.1,1.1,6,1,0.62165,0.0016890533258264297,12433,30.721201619599015,10.348956135567278,2797,1473.89805,353.0,134.5177,0.8
drift-capacity,stackexchange,LFU,800,4,20000,0.1,1.1,6,1,0.55765,0.0014345915897068053,11153,14.783839066512883,2.7288670127745718,0,772.263,,,0.8
drift-capacity,stackexchange,LFU,1600,0,20000,0.1,1.1,6,1,0.6191,0.0037150702632854143,12382,22.85570905660279,2.793937234673649,0,1472.26415,,,0.8
drift-capacity,stackexchange,LFU,1600,1,20000,0.1,1.1,6,1,0.62175,0.0025733815842380377,12435,23.29490219708532,3.4061558602843434,0,1470.9852,,,0.8
drift-capacity,stackexchange,LFU,1600,2,20000,0.1,1.1,6,1,0.61875,0.003313131313131313,12375,22.128658572910354,3.1285843055229634,0,1473.17765,,,0.8
drift-capacity,stackexchange,LRU,50,0,20000,0.2,1.1,6,1,0.27305,0.0012818165171214063,5461,6.727508915355429,2.769995538983494,0,49.9253,,,0.8
drift-capacity,stackexchange,LRU,50,1,20000,0.2,1.1,6,1,0.25315,0.0,5063,8.7939826073125,3.744692023610696,0,49.93205,,,0.8
drift-capacity,stackexchange,LRU,50,2,20000,0.2,1.1,6,1,0.2599,0.00019238168526356292,5198,7.040579017484561,2.9305563773959875,0,49.9261,,,0.8
drift-capacity,stackexchange,LRU,50,3,20000,0.2,1.1,6,1,0.1547,0.0,3094,6.866390723735094,2.9894177801907063,0,49.9379,,,0.8
drift-capacity,stackexchange,ARC-exact,200,4,20000,0.1,1.1,6,1,0.47295,0.0002114388413151496,9459,12.447291635908186,6.284087267704308,399,198.6788,0.0,0.0,0.8
drift-capacity,stackexchange,ARC-exact,400,0,20000,0.1,1.1,6,1,0.5306,0.0011307953260459858,10612,13.704597891774029,5.6391519494354725,769,393.62065,0.0,0.0,0.8
drift-capacity,stackexchange,ARC-exact,400,1,20000,0.1,1.1,6,1,0.53435,0.0010292879199026855,10687,15.223243273794651,6.6680498188361526,777,393.8965,0.0,0.0,0.8
drift-capacity,stackexchange,ARC-exact,400,2,20000,0.1,1.1,6,1,0.5279,0.0013260087137715476,10558,12.771190219791606,5.220443813595921,782,393.60365,0.0,0.0,0.8
drift-capacity,stackexchange,LRU,50,4,20000,0.2,1.1,6,1,0.2474,0.0002021018593371059,4948,8.622605074197054,3.6650367837864906,0,49.9302,,,0.8
drift-capacity,stackexchange,LRU,100,0,20000,0.2,1.1,6,1,0.3512,0.0012813211845102506,7024,7.499101490247995,2.7644616609904915,0,99.6903,,,0.8
drift-capacity,stackexchange,LRU,100,1,20000,0.2,1.1,6,1,0.33205,0.0,6641,6.921080721076578,2.5800960313063115,0,99.70885,,,0.8
drift-capacity,stackexchange,LRU,100,2,20000,0.2,1.1,6,1,0.33855,0.0001476886722788362,6771,6.912787904730067,2.5125653482973576,0,99.6659,,,0.8
drift-capacity,stackexchange,ARC-exact,400,3,20000,0.1,1.1,6,1,0.4666,0.0016073724817831118,9332,15.528333280235529,6.74489174853079,791,394.60425,0.0,0.0,0.8
drift-capacity,stackexchange,ARC-exact,400,4,20000,0.1,1.1,6,1,0.5333,0.0015000937558597412,10666,14.189401123439893,5.958507250761613,779,393.8653,0.0,0.0,0.8
drift-capacity,stackexchange,ARC-exact,800,0,20000,0.1,1.1,6,1,0.5794,0.0020711080428028996,11588,18.34408706636168,5.8909590530674905,1439,772.0187,0.0,0.0,0.8
drift-capacity,stackexchange,ARC-exact,800,1,20000,0.1,1.1,6,1,0.58105,0.0020652267446863437,11621,16.06108177220449,4.761731217149645,1450,771.75575,0.0,0.0,0.8
drift-capacity,stackexchange,LRU,100,3,20000,0.2,1.1,6,1,0.24795,0.0,4959,7.9870255081914365,3.1318517110776156,0,99.7307,,,0.8
drift-capacity,stackexchange,LRU,100,4,20000,0.2,1.1,6,1,0.32795,0.00045738679676779996,6559,7.273082801839337,2.6879470504354686,0,99.70595,,,0.8
drift-capacity,stackexchange,LRU,200,0,20000,0.2,1.1,6,1,0.42535,0.0012930527800634772,8507,7.419894152553752,2.2525361797306687,0,198.58005,,,0.8
drift-capacity,stackexchange,LRU,200,1,20000,0.2,1.1,6,1,0.41455,0.00012061271257990592,8291,7.837765954900533,2.4726328789256513,0,198.6797,,,0.8
drift-capacity,stackexchange,LRU,200,2,20000,0.2,1.1,6,1,0.4138,0.0004833252779120348,8276,8.412261138437316,2.7349977055564523,0,198.56955,,,0.8
drift-capacity,stackexchange,LRU,200,3,20000,0.2,1.1,6,1,0.34695,0.00014411298457991066,6939,8.08015571674332,2.66487950575538,0,198.7918,,,0.8
drift-capacity,stackexchange,LRU,200,4,20000,0.2,1.1,6,1,0.40655,0.00036895830771122864,8131,7.601228117709979,2.2925397322978824,0,198.69985,,,0.8
drift-capacity,stackexchange,LRU,400,0,20000,0.2,1.1,6,1,0.49275,0.0015220700152207,9855,10.959041712339967,2.533169533126056,0,393.60585,,,0.8
drift-capacity,stackexchange,ARC-exact,800,2,20000,0.1,1.1,6,1,0.57555,0.002258709060898271,11511,18.416765454458073,5.71126191643998,1456,772.0065,0.0,0.0,0.8
drift-capacity,stackexchange,ARC-exact,800,3,20000,0.1,1.1,6,1,0.5477,0.0016432353478181487,10954,19.384069129591808,6.699751608539373,1537,775.7936,0.0,0.0,0.8
drift-capacity,stackexchange,ARC-exact,800,4,20000,0.1,1.1,6,1,0.5806,0.0013778849466069584,11612,16.696342383511364,4.926599870668724,1428,772.263,0.0,0.0,0.8
drift-capacity,stackexchange,ARC-exact,1600,0,20000,0.1,1.1,6,1,0.6191,0.0037150702632854143,12382,30.092611437430605,7.1457698999438435,2560,1472.26415,0.0,0.0,0.8
drift-capacity,stackexchange,LRU,400,1,20000,0.2,1.1,6,1,0.48955,0.0003064038402614646,9791,9.30957566597499,2.2805209562648088,0,394.00635,,,0.8
drift-capacity,stackexchange,LRU,400,2,20000,0.2,1.1,6,1,0.48395,0.0007232152081826635,9679,10.31144130975008,2.4675089109223336,0,393.73765,,,0.8
drift-capacity,stackexchange,LRU,400,3,20000,0.2,1.1,6,1,0.4385,0.00034207525655644244,8770,12.360310734948143,3.2546411966905,0,394.70755,,,0.8
drift-capacity,stackexchange,LRU,400,4,20000,0.2,1.1,6,1,0.48295,0.0014494254063567658,9659,11.396587040508166,2.8015821881126612,0,393.76455,,,0.8
drift-capacity,stackexchange,LRU,800,0,20000,0.2,1.1,6,1,0.55245,0.02932392071680695,11049,12.975633150199428,2.028269472066313,0,772.00435,,,0.8
drift-capacity,stackexchange,LRU,800,1,20000,0.2,1.1,6,1,0.5514,0.0008161044613710555,11028,15.70059881778434,2.7777538110967726,0,772.31175,,,0.8
drift-capacity,stackexchange,LRU,800,2,20000,0.2,1.1,6,1,0.54965,0.0023651414536523243,10993,15.436064649838954,2.614862535847351,0,772.20795,,,0.8
drift-capacity,stackexchange,LRU,800,3,20000,0.2,1.1,6,1,0.5202,0.0009611687812379854,10404,13.694063748698682,2.2211052826605737,0,776.1914,,,0.8
drift-capacity,stackexchange,ARC,50,2,20000,0.2,1.1,6,1,0.38225,0.00013080444735120994,7645,13.497066457057372,9.543601766927168,100,49.9261,0.0,2.571958021145497,0.8
drift-capacity,stackexchange,ARC,50,3,20000,0.2,1.1,6,1,0.30095,0.0,6019,18.689842702588066,13.649413414532319,100,49.9379,2.0,2.5458220758407926,0.8
drift-capacity,stackexchange,ARC,50,4,20000,0.2,1.1,6,1,0.36845,0.00013570362328674176,7369,13.417897518957034,9.556410909863189,100,49.9302,1.0,2.7461102564102546,0.8
drift-capacity,stackexchange,ARC,100,0,20000,0.2,1.1,6,1,0.4583,0.000981889591970325,9166,12.502746982499957,8.345175354043022,200,99.6903,4.0,6.081058925506858,0.8
drift-capacity,stackexchange,ARC-exact,1600,1,20000,0.1,1.1,6,1,0.62175,0.0025733815842380377,12435,29.40883658011444,6.640308874193579,2586,1470.9852,0.0,0.0,0.8
drift-capacity,stackexchange,ARC-exact,1600,2,20000,0.1,1.1,6,1,0.61875,0.003313131313131313,12375,22.834881313610822,4.799031134461984,2630,1473.17765,0.0,0.0,0.8
drift-capacity,stackexchange,ARC-exact,1600,3,20000,0.1,1.1,6,1,0.60315,0.0028185360192323635,12063,30.494945065584034,7.534098735777661,2720,1486.98785,0.0,0.0,0.8
drift-capacity,stackexchange,ARC-exact,1600,4,20000,0.1,1.1,6,1,0.62035,0.0017731925525912792,12407,23.553549021016806,4.817015310982242,2566,1473.89805,0.0,0.0,0.8
drift-capacity,stackexchange,ARC,100,1,20000,0.2,1.1,6,1,0.453,0.0,9060,13.214074407005683,8.804337546462193,200,99.70885,3.9090909090909083,4.596524589299522,0.8
drift-capacity,stackexchange,ARC,100,2,20000,0.2,1.1,6,1,0.4418,0.00011317338162064282,8836,17.709890875266865,12.028656952315941,200,99.6659,1.0,5.276000089665195,0.8
drift-capacity,stackexchange,ARC,100,3,20000,0.2,1.1,6,1,0.38035,0.0,7607,14.281928824493662,9.822025755420327,200,99.7307,0.0,4.355252062643225,0.8
drift-capacity,stackexchange,ARC,100,4,20000,0.2,1.1,6,1,0.43935,0.0009104358711733243,8787,12.900493410415947,8.645946526667103,200,99.70595,5.0,4.8141006660006225,0.8
drift-capacity,stackexchange,LFU,50,0,20000,0.2,1.1,6,1,0.25315,0.0011850681414181316,5063,6.539362604962662,2.666049962863326,0,49.9253,,,0.8
drift-capacity,stackexchange,LFU,50,1,20000,0.2,1.1,6,1,0.3013,0.0,6026,6.459214881761,2.600581059232354,0,49.93205,,,0.8
drift-capacity,stackexchange,LFU,50,2,20000,0.2,1.1,6,1,0.24715,0.0,4943,6.60802370402962,2.753606758778915,0,49.9261,,,0.8
drift-capacity,stackexchange,LFU,50,3,20000,0.2,1.1,6,1,0.1644,0.0,3288,7.861962990136817,3.4016775898635387,0,49.9379,,,0.8
drift-capacity,stackexchange,ARC,200,0,20000,0.2,1.1,6,1,0.5062,0.030323982615566968,10124,16.572522645583376,10.210060275858268,400,198.58005,10.0,10.03742175721104,0.8
drift-capacity,stackexchange,ARC,200,1,20000,0.2,1.1,6,1,0.50055,0.0,10011,15.947326691821218,9.638529224321246,400,198.6797,15.213438735177865,16.86143522435447,0.8
drift-capacity,stackexchange,ARC,200,2,20000,0.2,1.1,6,1,0.4916,0.0002034174125305126,9832,13.816460949601606,8.38088437449187,400,198.56955,2.0,17.205763212462976,0.8
drift-capacity,stackexchange,ARC,200,3,20000,0.2,1.1,6,1,0.44925,0.00011129660545353366,8985,16.06881027109921,10.17035199329257,400,198.7918,10.573251310093411,12.074049908774912,0.8
drift-capacity,stackexchange,LRU,1600,3,20000,0.2,1.1,6,1,0.5848,0.0024794801641586867,11696,21.910626540193334,2.3844751121941954,0,1487.0473,,,0.8
drift-capacity,stackexchange,LRU,1600,4,20000,0.2,1.1,6,1,0.59845,0.0038432617595454926,11969,27.041975792963058,2.832350617973134,0,1473.16635,,,0.8
drift-capacity,stackexchange,ARC,50,0,20000,0.2,1.1,6,1,0.3943,0.000760841998478316,7886,12.56818633992225,8.865630434593186,100,49.9253,3.0,2.200362819264063,0.8
drift-capacity,stackexchange,ARC,50,1,20000,0.2,1.1,6,1,0.3773,0.0,7546,14.932648820104077,10.5725739733316,100,49.93205,2.75,2.2456215151515173,0.8
drift-capacity,stackexchange,LRU,800,4,20000,0.2,1.1,6,1,0.54675,0.002286236854138089,10935,13.387991423951462,2.2075524437241256,0,772.01885,,,0.8
drift-capacity,stackexchange,LRU,1600,0,20000,0.2,1.1,6,1,0.60295,0.02852641180860768,12059,26.876301580341533,3.353321208851412,0,1471.1432,,,0.8
drift-capacity,stackexchange,LRU,1600,1,20000,0.2,1.1,6,1,0.60005,0.0016665277893508875,12001,20.758760761236772,2.078879834152758,0,1471.49275,,,0.8
drift-capacity,stackexchange,LRU,1600,2,20000,0.2,1.1,6,1,0.60165,0.0034072966010138786,12033,19.92661314434372,2.417389367474243,0,1473.6845,,,0.8
drift-capacity,stackexchange,ARC,200,4,20000,0.2,1.1,6,1,0.4954,0.0010092854259184498,9908,17.553208937169984,11.080083175329491,400,198.69985,3.0,17.626697154548918,0.8
drift-capacity,stackexchange,ARC,400,0,20000,0.2,1.1,6,1,0.546,0.02857142857142857,10920,17.471963504794985,9.308287623571232,800,393.60585,13.0,47.64148804060875,0.8
drift-capacity,stackexchange,ARC,400,1,20000,0.2,1.1,6,1,0.5399,0.00018521948508983145,10798,15.547620906727389,8.382575662108138,800,394.00635,9.683361683361683,40.192740739416756,0.8
drift-capacity,stackexchange,ARC,400,2,20000,0.2,1.1,6,1,0.53455,0.0007482929566925452,10691,19.991888717049733,11.2347774382215,800,393.73765,8.0,68.08869212900908,0.8
drift-capacity,stackexchange,LFU,50,4,20000,0.2,1.1,6,1,0.277,0.0,5540,6.486130150733516,2.7159449527971447,0,49.9302,,,0.8
drift-capacity,stackexchange,LFU,100,0,20000,0.2,1.1,6,1,0.3731,0.0010720986330742428,7462,7.765310554532334,2.8365973324980587,0,99.6903,,,0.8
drift-capacity,stackexchange,LFU,100,1,20000,0.2,1.1,6,1,0.3727,0.0,7454,8.413398894481361,3.057262150105089,0,99.70885,,,0.8
drift-capacity,stackexchange,LFU,100,2,20000,0.2,1.1,6,1,0.35015,0.0,7003,7.691262697335333,2.841411274857819,0,99.6659,,,0.8
drift-capacity,stackexchange,ARC,400,3,20000,0.2,1.1,6,1,0.50935,9.816432708353784e-05,10187,22.613091923994943,12.80856904340908,800,394.70755,41.27431925939929,31.118658049123407,0.8
drift-capacity,stackexchange,ARC,400,4,20000,0.2,1.1,6,1,0.5381,0.0013937929752834046,10762,16.663774149492383,8.830194047186524,800,393.76455,42.44725228504662,66.40492119814954,0.8
drift-capacity,stackexchange,ARC,800,0,20000,0.2,1.1,6,1,0.5802,0.027576697690451568,11604,21.09067030251026,9.739344904664904,1600,772.00435,260.361711984768,144.85686454056128,0.8
drift-capacity,stackexchange,ARC,800,1,20000,0.2,1.1,6,1,0.5764,0.0004337265787647467,11528,24.09962989622727,11.034203710732982,1600,772.31175,231.51673057096664,146.1172958097221,0.8
drift-capacity,stackexchange,LFU,100,3,20000,0.2,1.1,6,1,0.29115,0.0001717327837884252,5823,6.929976376704872,2.639908861601725,0,99.7307,,,0.8
drift-capacity,stackexchange,LFU,100,4,20000,0.2,1.1,6,1,0.3702,0.0001350621285791464,7404,9.011761110741645,3.3703123219311237,0,99.70595,,,0.8
drift-capacity,stackexchange,LFU,200,0,20000,0.2,1.1,6,1,0.41585,0.0365516412167849,8317,8.717478578910232,2.7334252547007054,0,198.58005,,,0.8
drift-capacity,stackexchange,LFU,200,1,20000,0.2,1.1,6,1,0.4097,0.000244081034903588,8194,8.610566012794152,2.683125057956204,0,198.6797,,,0.8
drift-capacity,stackexchange,LFU,200,2,20000,0.2,1.1,6,1,0.4031,0.00012403870007442322,8062,8.328467939281836,2.608017297461629,0,198.56955,,,0.8
drift-capacity,stackexchange,LFU,200,3,20000,0.2,1.1,6,1,0.36755,0.00013603591348115902,7351,9.581014094874263,3.018665063427761,0,198.7918,,,0.8
drift-capacity,stackexchange,LFU,200,4,20000,0.2,1.1,6,1,0.4197,0.001072194424588992,8394,8.4506819548551,2.6846280263271183,0,198.69985,,,0.8
drift-capacity,stackexchange,LFU,400,0,20000,0.2,1.1,6,1,0.47775,0.032443746729461015,9555,11.259155842708424,2.729385398561135,0,393.60585,,,0.8
drift-capacity,stackexchange,LFU,400,1,20000,0.2,1.1,6,1,0.47265,0.00031735956839098697,9453,10.63008009805344,2.725128800375387,0,394.00635,,,0.8
drift-capacity,stackexchange,LFU,400,2,20000,0.2,1.1,6,1,0.43945,0.0003413357606098532,8789,11.90315747517161,3.1878399022389203,0,393.73765,,,0.8
drift-capacity,stackexchange,LFU,400,3,20000,0.2,1.1,6,1,0.41555,0.0007219347852244014,8311,10.627525974996388,2.707636047853157,0,394.70755,,,0.8
drift-capacity,stackexchange,LFU,400,4,20000,0.2,1.1,6,1,0.47495,0.00284240446362775,9499,11.537641246104613,2.81572118983604,0,393.76455,,,0.8
drift-capacity,stackexchange,ARC,800,2,20000,0.2,1.1,6,1,0.57685,0.0024269740833838954,11537,24.43788634845987,11.260370933450758,1600,772.20795,206.27024964643402,153.04824539262933,0.8
drift-capacity,stackexchange,ARC,800,3,20000,0.2,1.1,6,1,0.5544,0.00045093795093795094,11088,21.53418269008398,10.069183830637485,1600,776.1914,253.97534236364072,157.70920053194308,0.8
drift-capacity,stackexchange,ARC,800,4,20000,0.2,1.1,6,1,0.57495,0.002261066179667797,11499,26.19848200120032,12.523829459678382,1600,772.01885,212.44300840610623,126.25031169076362,0.8
drift-capacity,stackexchange,ARC,1600,0,20000,0.2,1.1,6,1,0.61185,0.028111465228405654,12237,34.75544932298362,12.053601566003636,2846,1471.1432,330.0,111.30805,0.8
drift-capacity,stackexchange,ARC-exact,50,2,20000,0.2,1.1,6,1,0.32195,0.0,6439,11.688150971895084,7.148619130020961,100,49.9261,0.0,0.0,0.8
drift-capacity,stackexchange,ARC-exact,50,3,20000,0.2,1.1,6,1,0.27995,0.0,5599,11.494242667686194,7.15545461862348,100,49.9379,0.0,0.0,0.8
drift-capacity,stackexchange,ARC-exact,50,4,20000,0.2,1.1,6,1,0.34875,0.0,6975,11.92915061255917,7.275068404851481,100,49.9302,0.0,0.0,0.8
drift-capacity,stackexchange,ARC-exact,100,0,20000,0.2,1.1,6,1,0.4056,0.0009861932938856016,8112,10.28753366554156,5.775443039601669,200,99.6903,0.0,0.0,0.8
drift-capacity,stackexchange,ARC-exact,100,1,20000,0.2,1.1,6,1,0.3933,0.0,7866,11.624599067727104,6.6551789932418615,200,99.70885,0.0,0.0,0.8
drift-capacity,stackexchange,ARC-exact,100,2,20000,0.2,1.1,6,1,0.37835,0.0,7567,11.927312647458166,6.817269790917635,200,99.6659,0.0,0.0,0.8
drift-capacity,stackexchange,ARC-exact,100,3,20000,0.2,1.1,6,1,0.33025,0.0003028009084027252,6605,12.087046529632062,7.036342873470858,200,99.7307,0.0,0.0,0.8
drift-capacity,stackexchange,ARC-exact,100,4,20000,0.2,1.1,6,1,0.3992,0.000125250501002004,7984,10.98875222960487,6.254009233089164,200,99.70595,0.0,0.0,0.8
drift-capacity,stackexchange,LFU,800,0,20000,0.2,1.1,6,1,0.53945,0.02919640374455464,10789,16.564219567226246,3.215312323300168,0,772.00435,,,0.8
drift-capacity,stackexchange,LFU,800,1,20000,0.2,1.1,6,1,0.54075,0.0004623208506703652,10815,15.206470404518768,2.872958453372121,0,772.31175,,,0.8
drift-capacity,stackexchange,LFU,800,2,20000,0.2,1.1,6,1,0.5341,0.002434001123385134,10682,16.51594524155371,3.2092072477098554,0,772.20795,,,0.8
drift-capacity,stackexchange,LFU,800,3,20000,0.2,1.1,6,1,0.5057,0.0005932370970931383,10114,14.919977239333093,2.9274307657033205,0,776.1914,,,0.8
drift-capacity,stackexchange,ARC-exact,200,0,20000,0.2,1.1,6,1,0.4616,0.03292894280762565,9232,12.455982773099095,6.169765465892851,400,198.58005,0.0,0.0,0.8
drift-capacity,stackexchange,ARC-exact,200,1,20000,0.2,1.1,6,1,0.46275,0.0,9255,13.479015685152262,6.875822524307296,400,198.6797,0.0,0.0,0.8
drift-capacity,stackexchange,ARC-exact,200,2,20000,0.2,1.1,6,1,0.4472,0.00011180679785330948,8944,11.84228976489976,6.13793539814651,400,198.56955,0.0,0.0,0.8
drift-capacity,stackexchange,ARC-exact,200,3,20000,0.2,1.1,6,1,0.3836,0.0003910323253388947,7672,12.503257440403104,6.648054206743836,400,198.7918,0.0,0.0,0.8
drift-capacity,stackexchange,LFU,1600,3,20000,0.2,1.1,6,1,0.59015,0.002457002457002457,11803,23.79347449168563,3.5483526065945625,0,1487.0473,,,0.8
drift-capacity,stackexchange,LFU,1600,4,20000,0.2,1.1,6,1,0.60625,0.004288659793814433,12125,25.99264624877833,3.644390928093344,0,1473.16635,,,0.8
drift-capacity,stackexchange,ARC-exact,50,0,20000,0.2,1.1,6,1,0.36555,0.0009574613595951306,7311,10.640330985188484,6.398582085967064,100,49.9253,0.0,0.0,0.8
drift-capacity,stackexchange,ARC-exact,50,1,20000,0.2,1.1,6,1,0.3326,0.0,6652,10.496944154147059,6.353323184885085,100,49.93205,0.0,0.0,0.8
drift-capacity,stackexchange,ARC,1600,1,20000,0.2,1.1,6,1,0.61025,0.001474805407619828,12205,27.92420838959515,9.305367048364133,2893,1471.49275,395.0,144.30935,0.8
drift-capacity,stackexchange,ARC,1600,2,20000,0.2,1.1,6,1,0.6124,0.004000653167864141,12248,33.49415617994964,12.094321963377297,2920,1473.6845,356.0,122.93705,0.8
drift-capacity,stackexchange,ARC,1600,3,20000,0.2,1.1,6,1,0.59255,0.002531431946671167,11851,35.06287096533924,12.812595180002972,3033,1487.0473,443.25659350545993,171.21793565846397,0.8
drift-capacity,stackexchange,ARC,1600,4,20000,0.2,1.1,6,1,0.6074,0.004280540006585446,12148,29.848453897284344,10.344055824680254,2889,1473.16635,387.0,125.76675,0.8
drift-capacity,stackexchange,LRU,50,0,20000,0.35,1.1,6,1,0.2637,0.00018960940462646946,5274,6.824652099749073,2.811924065463245,0,49.92675,,,0.8
drift-capacity,stackexchange,LRU,50,1,20000,0.35,1.1,6,1,0.258,0.0003875968992248062,5160,7.331876887474209,3.093929123133421,0,49.93295,,,0.8
drift-capacity,stackexchange,LRU,50,2,20000,0.35,1.1,6,1,0.25155,0.0005963029218843172,5031,6.971604243153706,2.865977236069739,0,49.92505,,,0.8
drift-capacity,stackexchange,LRU,50,3,20000,0.35,1.1,6,1,0.17485,0.0,3497,6.526700552785769,2.790047851158306,0,49.93465,,,0.8
drift-capacity,stackexchange,ARC-exact,200,4,20000,0.2,1.1,6,1,0.4564,0.000985977212971078,9128,13.214863796019927,6.735414179274812,400,198.69985,0.0,0.0,0.8
drift-capacity,stackexchange,ARC-exact,400,0,20000,0.2,1.1,6,1,0.5248,0.02924923780487805,10496,13.925092271529138,5.714498343877494,779,393.60585,0.0,0.0,0.8
drift-capacity,stackexchange,ARC-exact,400,1,20000,0.2,1.1,6,1,0.51755,9.660902328277462e-05,10351,14.151086885249242,6.006310391239822,789,394.00635,0.0,0.0,0.8
drift-capacity,stackexchange,ARC-exact,400,2,20000,0.2,1.1,6,1,0.50895,0.0007859318204145791,10179,13.574092456838116,5.622331012273207,791,393.73765,0.0,0.0,0.8
drift-capacity,stackexchange,LFU,800,4,20000,0.2,1.1,6,1,0.5393,0.002688670498794734,10786,16.296083317138255,3.20695408154279,0,772.01885,,,0.8
drift-capacity,stackexchange,LFU,1600,0,20000,0.2,1.1,6,1,0.6113,0.028136757729429085,12226,24.173441651510075,3.335112310014665,0,1471.1432,,,0.8
drift-capacity,stackexchange,LFU,1600,1,20000,0.2,1.1,6,1,0.6078,0.0013162224415926291,12156,22.249200922669843,3.0505377100780606,0,1471.49275,,,0.8
drift-capacity,stackexchange,LFU,1600,2,20000,0.2,1.1,6,1,0.61065,0.003930238270695161,12213,22.139206260908395,2.806334669003263,0,1473.6845,,,0.8
drift-capacity,stackexchange,LRU,50,4,20000,0.35,1.1,6,1,0.24465,0.00020437359493153485,4893,7.312357542105019,3.046757966512814,0,49.9304,,,0.8
drift-capacity,stackexchange,LRU,100,0,20000,0.35,1.1,6,1,0.34315,0.0002914177473408131,6863,6.981810153229162,2.6155422267038375,0,99.69595,,,0.8
drift-capacity,stackexchange,LRU,100,1,20000,0.35,1.1,6,1,0.33445,0.0007474958887726118,6689,7.140273100230843,2.61074096779339,0,99.7079,,,0.8
drift-capacity,stackexchange,LRU,100,2,20000,0.35,1.1,6,1,0.33785,0.0004439840165754033,6757,9.596285648876801,3.902533726068213,0,99.6675,,,0.8
drift-capacity,stackexchange,ARC-exact,400,3,20000,0.2,1.1,6,1,0.46515,0.0006449532408900354,9303,16.487935709301382,7.5003095786087215,798,394.70755,0.0,0.0,0.8
drift-capacity,stackexchange,ARC-exact,400,4,20000,0.2,1.1,6,1,0.515,0.002233009708737864,10300,13.484618737129495,5.745271738851443,792,393.76455,0.0,0.0,0.8
drift-capacity,stackexchange,ARC-exact,800,0,20000,0.2,1.1,6,1,0.5723,0.027782631486982352,11446,17.054905148688704,5.584617657586932,1465,772.00435,0.0,0.0,0.8
drift-capacity,stackexchange,ARC-exact,800,1,20000,0.2,1.1,6,1,0.56865,0.0005275652862041678,11373,20.61939199338667,6.575640203664079,1484,772.31175,0.0,0.0,0.8
drift-capacity,stackexchange,LRU,100,3,20000,0.35,1.1,6,1,0.26285,0.00019022256039566293,5257,7.355530239874497,2.845695393625647,0,99.7164,,,0.8
drift-capacity,stackexchange,LRU,100,4,20000,0.35,1.1,6,1,0.3231,0.00046425255338904364,6462,7.426944526378065,2.722772699780762,0,99.6897,,,0.8
drift-capacity,stackexchange,LRU,200,0,20000,0.35,1.1,6,1,0.4166,0.0003600576092174748,8332,10.582804423756897,3.6629537993576378,0,198.6363,,,0.8
drift-capacity,stackexchange,LRU,200,1,20000,0.35,1.1,6,1,0.40845,0.0007344840249724568,8169,7.640266278758645,2.3140973469708115,0,198.6879,,,0.8
drift-capacity,stackexchange,LRU,200,2,20000,0.35,1.1,6,1,0.414,0.0008454106280193237,8280,8.037344203330576,2.5633441109675914,0,198.5518,,,0.8
drift-capacity,stackexchange,LRU,200,3,20000,0.35,1.1,6,1,0.3685,0.000135685210312076,7370,7.871638424694538,2.5144427199847996,0,198.7801,,,0.8
drift-capacity,stackexchange,LRU,200,4,20000,0.35,1.1,6,1,0.4008,0.000873253493013972,8016,8.947750774677843,3.041683998890221,0,198.661,,,0.8
drift-capacity,stackexchange,LRU,400,0,20000,0.35,1.1,6,1,0.4857,0.0008235536339304097,9714,10.200732928933576,2.3979459598194808,0,393.66565,,,0.8
drift-capacity,stackexchange,ARC-exact,800,2,20000,0.2,1.1,6,1,0.56545,0.002918029887700062,11309,19.90314358845353,6.544733524788171,1505,772.20795,0.0,0.0,0.8
drift-capacity,stackexchange,ARC-exact,800,3,20000,0.2,1.1,6,1,0.5373,0.0005583472920156337,10746,17.792741942685097,5.975281703285873,1526,776.1914,0.0,0.0,0.8
drift-capacity,stackexchange,ARC-exact,800,4,20000,0.2,1.1,6,1,0.5665,0.002471315092674316,11330,19.261379312956706,5.78837557695806,1484,772.01885,0.0,0.0,0.8
drift-capacity,stackexchange,ARC-exact,1600,0,20000,0.2,1.1,6,1,0.6113,0.028136757729429085,12226,26.274456770624965,6.128071289276704,2632,1471.1432,0.0,0.0,0.8
drift-capacity,stackexchange,LRU,400,1,20000,0.35,1.1,6,1,0.4782,0.0013592639063153493,9564,9.996276354650036,2.360885316738859,0,394.00105,,,0.8
drift-capacity,stackexchange,LRU,400,2,20000,0.35,1.1,6,1,0.4816,0.0007267441860465116,9632,10.134393483167514,2.5548972422257066,0,393.6841,,,0.8
drift-capacity,stackexchange,LRU,400,3,20000,0.35,1.1,6,1,0.45795,0.000982640026203734,9159,10.364872450008988,2.503615926252678,0,394.6239,,,0.8
drift-capacity,stackexchange,LRU,400,4,20000,0.35,1.1,6,1,0.47805,0.001045915699194645,9561,13.960046344436705,3.7700392364058644,0,393.8239,,,0.8
drift-capacity,stackexchange,LRU,800,0,20000,0.35,1.1,6,1,0.54655,0.0009148293843198244,10931,15.921950992196798,3.1824955309275538,0,771.7376,,,0.8
drift-capacity,stackexchange,LRU,800,1,20000,0.35,1.1,6,1,0.5376,0.0011160714285714285,10752,13.574611343210563,2.270293957553804,0,772.31885,,,0.8
drift-capacity,stackexchange,LRU,800,2,20000,0.35,1.1,6,1,0.54245,0.0008295695455802378,10849,19.881462573539466,3.6944024148397148,0,772.0844,,,0.8
drift-capacity,stackexchange,LRU,800,3,20000,0.35,1.1,6,1,0.52695,0.0016130562671980264,10539,18.810943368589506,3.3233990718144923,0,775.67585,,,0.8
drift-capacity,stackexchange,ARC-exact,1600,1,20000,0.2,1.1,6,1,0.6078,0.0013162224415926291,12156,27.483556448714808,6.281941034831107,2651,1471.49275,0.0,0.0,0.8
drift-capacity,stackexchange,ARC-exact,1600,2,20000,0.2,1.1,6,1,0.61065,0.003930238270695161,12213,26.024118560599163,5.726604582741857,2699,1473.6845,0.0,0.0,0.8
drift-capacity,stackexchange,ARC-exact,1600,3,20000,0.2,1.1,6,1,0.59015,0.002457002457002457,11803,25.2573492762167,5.607593711465597,2735,1487.0473,0.0,0.0,0.8
drift-capacity,stackexchange,ARC-exact,1600,4,20000,0.2,1.1,6,1,0.60625,0.004288659793814433,12125,47.03840360743925,13.813125132583082,2642,1473.16635,0.0,0.0,0.8
drift-capacity,stackexchange,ARC,50,2,20000,0.35,1.1,6,1,0.37965,0.00013170025023047545,7593,13.902049971511588,9.760773554444313,100,49.92505,0.0,2.8189787780846327,0.8
drift-capacity,stackexchange,ARC,50,3,20000,0.35,1.1,6,1,0.31285,0.000159821000479463,6257,18.03436413174495,13.178610644536093,100,49.93465,4.0,2.5965773135197594,0.8
drift-capacity,stackexchange,ARC,50,4,20000,0.35,1.1,6,1,0.36365,0.0006874742197167606,7273,17.81593463383615,12.660527107072994,100,49.9304,5.0,3.051058936896354,0.8
drift-capacity,stackexchange,ARC,100,0,20000,0.35,1.1,6,1,0.4419,0.00022629554197782303,8838,17.544036108301952,11.961711978074163,200,99.69595,3.0,7.511446872075901,0.8
drift-capacity,stackexchange,ARC,100,1,20000,0.35,1.1,6,1,0.4361,0.0010318734235267141,8722,14.465402596397325,9.324932290473953,200,99.7079,2.0,7.786215814248566,0.8
drift-capacity,stackexchange,ARC,100,2,20000,0.35,1.1,6,1,0.4384,0.0002281021897810219,8768,17.236133868573233,11.168338725110516,200,99.6675,3.0,7.595682231364367,0.8
drift-capacity,stackexchange,ARC,100,3,20000,0.35,1.1,6,1,0.3948,0.00012664640324214793,7896,18.520832847571,12.66693357611075,200,99.7164,0.0,7.365903810656023,0.8
drift-capacity,stackexchange,ARC,100,4,20000,0.35,1.1,6,1,0.4279,0.0005842486562280906,8558,16.884555655997247,11.42367084394209,200,99.6897,7.666666666666667,6.650519814842177,0.8
drift-capacity,stackexchange,LRU,1600,3,20000,0.35,1.1,6,1,0.5802,0.0026714925887624955,11604,25.255675992229953,2.6726328185759485,0,1486.9354,,,0.8
drift-capacity,stackexchange,LRU,1600,4,20000,0.35,1.1,6,1,0.58715,0.004513327088478242,11743,28.633962362073362,4.205370577983558,0,1473.52,,,0.8
drift-capacity,stackexchange,ARC,50,0,20000,0.35,1.1,6,1,0.38155,0.0002620888481195125,7631,18.077670206548646,12.956358341034502,100,49.92675,2.0,3.028542397879924,0.8
drift-capacity,stackexchange,ARC,50,1,20000,0.35,1.1,6,1,0.3762,0.00039872408293460925,7524,16.231212357524782,11.442349519347772,100,49.93295,4.0,2.484279842379883,0.8
drift-capacity,stackexchange,ARC,200,0,20000,0.35,1.1,6,1,0.4904,0.0007137030995106036,9808,13.979953847592697,8.537135017104447,400,198.6363,13.883449883449883,18.16144293469471,0.8
drift-capacity,stackexchange,ARC,200,1,20000,0.35,1.1,6,1,0.48075,0.0007280291211648466,9615,22.11675710277632,14.092978311236948,400,198.6879,42.06514045835513,29.700231923953606,0.8
drift-capacity,stackexchange,ARC,200,2,20000,0.35,1.1,6,1,0.4827,0.0005179200331468821,9654,19.639046693919227,12.36072123865597,400,198.5518,23.19047619047619,27.569436969758414,0.8
drift-capacity,stackexchange,ARC,200,3,20000,0.35,1.1,6,1,0.4534,0.0007719453021614468,9068,18.185141222784296,11.67220356874168,400,198.7801,24.35216072058177,16.738991674681344,0.8
drift-capacity,stackexchange,LFU,50,0,20000,0.35,1.1,6,1,0.2136,0.00046816479400749064,4272,8.416789339389652,3.5589999926742166,0,49.92675,,,0.8
drift-capacity,stackexchange,LFU,50,1,20000,0.35,1.1,6,1,0.24215,0.00020648358455502787,4843,9.092877362854779,3.5786052292678505,0,49.93295,,,0.8
drift-capacity,stackexchange,LFU,50,2,20000,0.35,1.1,6,1,0.24205,0.0002065688907250568,4841,8.360993588576093,3.53473806171678,0,49.92505,,,0.8
drift-capacity,stackexchange,LFU,50,3,20000,0.35,1.1,6,1,0.10985,0.0,2197,10.490830743219703,4.539811215363443,0,49.93465,,,0.8
drift-capacity,stackexchange,ARC,200,4,20000,0.35,1.1,6,1,0.48075,0.0031201248049922,9615,14.734478772152215,9.172617853619158,400,198.661,1.0,20.37861264993799,0.8
drift-capacity,stackexchange,ARC,400,0,20000,0.35,1.1,6,1,0.52785,0.0011366865586814436,10557,25.11296437587589,14.417964575113729,800,393.66565,122.25567500587977,105.18568364995667,0.8
drift-capacity,stackexchange,ARC,400,1,20000,0.35,1.1,6,1,0.5154,0.0014551804423748546,10308,22.679852310102433,12.995217024581507,800,394.00105,159.80110366008617,119.99127032538237,0.8
drift-capacity,stackexchange,ARC,400,2,20000,0.35,1.1,6,1,0.52285,0.0005737783303050589,10457,25.765485735610127,15.218057989841327,800,393.6841,109.72631729797526,96.77898624058643,0.8
drift-capacity,stackexchange,LRU,800,4,20000,0.35,1.1,6,1,0.5418,0.0036913990402362494,10836,15.749905508710071,2.8275914199184626,0,772.33145,,,0.8
drift-capacity,stackexchange,LRU,1600,0,20000,0.35,1.1,6,1,0.59485,0.0021854248970328656,11897,25.18053477979265,2.9229102190583944,0,1470.18285,,,0.8
drift-capacity,stackexchange,LRU,1600,1,20000,0.35,1.1,6,1,0.5811,0.013766993632765444,11622,29.253050463739783,3.5645693191327155,0,1472.33345,,,0.8
drift-capacity,stackexchange,LRU,1600,2,20000,0.35,1.1,6,1,0.5883,0.0017848036715961244,11766,32.51375104300678,4.8887766897678375,0,1472.8922,,,0.8
drift-capacity,stackexchange,LFU,50,4,20000,0.35,1.1,6,1,0.2545,0.00019646365422396856,5090,8.10448121628724,3.4542630950454623,0,49.9304,,,0.8
drift-capacity,stackexchange,LFU,100,0,20000,0.35,1.1,6,1,0.3213,0.0006224712107065049,6426,9.804107283707708,3.56817829888314,0,99.69595,,,0.8
drift-capacity,stackexchange,LFU,100,1,20000,0.35,1.1,6,1,0.31915,0.0062666457778474075,6383,11.403310269815847,3.977172391023487,0,99.7079,,,0.8
drift-capacity,stackexchange,LFU,100,2,20000,0.35,1.1,6,1,0.30845,0.0004863024801426487,6169,8.148605976020917,3.1286893994547427,0,99.6675,,,0.8
drift-capacity,stackexchange,LFU,100,3,20000,0.35,1.1,6,1,0.1926,0.0005192107995846313,3852,9.03063778532669,3.8182149757631123,0,99.7164,,,0.8
drift-capacity,stackexchange,LFU,100,4,20000,0.35,1.1,6,1,0.3169,0.001104449353108236,6338,10.56531214271672,4.023971350397915,0,99.6897,,,0.8
drift-capacity,stackexchange,LFU,200,0,20000,0.35,1.1,6,1,0.36465,0.0009598244892362539,7293,10.1363860827405,3.289252339163795,0,198.6363,,,0.8
drift-capacity,stackexchange,LFU,200,1,20000,0.35,1.1,6,1,0.35065,0.006701839441038072,7013,8.978618687251583,2.9739100369624794,0,198.6879,,,0.8
drift-capacity,stackexchange,ARC,400,3,20000,0.35,1.1,6,1,0.50545,0.001088139281828074,10109,23.79398635821417,12.989621027372777,800,394.6239,97.9471145793788,86.65086260553622,0.8
drift-capacity,stackexchange,ARC,400,4,20000,0.35,1.1,6,1,0.52445,0.003813518924587663,10489,32.55795913282782,15.72073756833561,800,393.8239,119.07795030503033,101.4558683094992,0.8
drift-capacity,stackexchange,ARC,800,0,20000,0.35,1.1,6,1,0.56525,0.014418398938522778,11305,29.294433578616008,14.722002687631175,1600,771.7376,343.03242323513456,171.16155780825437,0.8
drift-capacity,stackexchange,ARC,800,1,20000,0.35,1.1,6,1,0.55115,0.005896761317245759,11023,25.979346851818264,12.454695824999362,1600,772.31885,353.3137555354332,174.9291334501395,0.8
drift-capacity,stackexchange,LFU,200,2,20000,0.35,1.1,6,1,0.34655,0.00028855864954552014,6931,10.959891631500795,3.1895833380986005,0,198.5518,,,0.8
drift-capacity,stackexchange,LFU,200,3,20000,0.35,1.1,6,1,0.27315,0.001098297638660077,5463,13.074326061177999,4.807870899094269,0,198.7801,,,0.8
drift-capacity,stackexchange,LFU,200,4,20000,0.35,1.1,6,1,0.35895,0.001671541997492687,7179,8.81015686900355,2.8842877421993762,0,198.661,,,0.8
drift-capacity,stackexchange,LFU,400,0,20000,0.35,1.1,6,1,0.42065,0.001901818614049685,8413,11.424686334794387,2.7866190765053034,0,393.66565,,,0.8
drift-capacity,stackexchange,LFU,400,1,20000,0.35,1.1,6,1,0.4005,0.006616729088639201,8010,12.431570392800495,3.2814450503792614,0,394.00105,,,0.8
drift-capacity,stackexchange,LFU,400,2,20000,0.35,1.1,6,1,0.3969,0.0005039052658100278,7938,15.322667121654376,4.391552391462028,0,393.6841,,,0.8
drift-capacity,stackexchange,LFU,400,3,20000,0.35,1.1,6,1,0.3361,0.0010413567390657541,6722,11.409705586265773,2.9975407116580755,0,394.6239,,,0.8
drift-capacity,stackexchange,LFU,400,4,20000,0.35,1.1,6,1,0.4203,0.005234356412086605,8406,11.174948944244534,2.7464143000543118,0,393.8239,,,0.8
drift-capacity,stackexchange,ARC,800,2,20000,0.35,1.1,6,1,0.55955,0.0010722902332231258,11191,35.324048332404345,18.245402321917936,1600,772.0844,357.53797753839837,178.7058840203817,0.8
drift-capacity,stackexchange,ARC,800,3,20000,0.35,1.1,6,1,0.54715,0.001644887142465503,10943,26.415025460300967,13.08654741733335,1600,775.67585,368.0287486467798,200.96524927669012,0.8
drift-capacity,stackexchange,ARC,800,4,20000,0.35,1.1,6,1,0.55985,0.004108243279449852,11197,36.63814684259705,17.598427750635892,1600,772.33145,344.0012334413889,164.72493783088564,0.8
drift-capacity,stackexchange,ARC,1600,0,20000,0.35,1.1,6,1,0.5959,0.015019298540023493,11918,45.86995218414813,18.572146719088778,2985,1470.18285,360.841059602649,119.29361523178854,0.8
drift-capacity,stackexchange,ARC-exact,50,2,20000,0.35,1.1,6,1,0.2864,0.00017458100558659218,5728,12.122901022667065,7.623481412883848,100,49.92505,0.0,0.0,0.8
drift-capacity,stackexchange,ARC-exact,50,3,20000,0.35,1.1,6,1,0.18735,0.0,3747,12.17894350993447,7.7114484971389174,100,49.93465,0.0,0.0,0.8
drift-capacity,stackexchange,ARC-exact,50,4,20000,0.35,1.1,6,1,0.3043,0.00016431153466973383,6086,20.824745355639607,12.598474108381197,100,49.9304,0.0,0.0,0.8
drift-capacity,stackexchange,ARC-exact,100,0,20000,0.35,1.1,6,1,0.3574,0.00041969781757134864,7148,12.421817699214444,7.115750887896866,200,99.69595,0.0,0.0,0.8
drift-capacity,stackexchange,LFU,800,0,20000,0.35,1.1,6,1,0.5023,0.015926737009755127,10046,25.584254635032266,4.663534741848707,0,771.7376,,,0.8
drift-capacity,stackexchange,LFU,800,1,20000,0.35,1.1,6,1,0.46705,0.005673910716197409,9341,15.208561538020149,2.937981649301946,0,772.31885,,,0.8
drift-capacity,stackexchange,LFU,800,2,20000,0.35,1.1,6,1,0.5013,0.001296628765210453,10026,19.687517528655007,3.874359809560701,0,772.0844,,,0.8
drift-capacity,stackexchange,LFU,800,3,20000,0.35,1.1,6,1,0.4613,0.0020593973553002386,9226,15.94197055674158,3.3149461611174047,0,775.67585,,,0.8
drift-capacity,stackexchange,ARC-exact,100,1,20000,0.35,1.1,6,1,0.34095,0.00718580437014225,6819,12.070763355586678,7.08589946734719,200,99.7079,0.0,0.0,0.8
drift-capacity,stackexchange,ARC-exact,100,2,20000,0.35,1.1,6,1,0.32705,0.00015288182235132243,6541,11.938460846431553,7.022896903799847,200,99.6675,0.0,0.0,0.8
drift-capacity,stackexchange,ARC-exact,100,3,20000,0.35,1.1,6,1,0.23525,0.0,4705,22.07891018479131,13.083463214570656,200,99.7164,0.0,0.0,0.8
drift-capacity,stackexchange,ARC-exact,100,4,20000,0.35,1.1,6,1,0.3372,0.0001482799525504152,6744,12.608095246832818,7.450028241146356,200,99.6897,0.0,0.0,0.8
drift-capacity,stackexchange,LFU,1600,3,20000,0.35,1.1,6,1,0.5752,0.0029554937413073714,11504,32.28666512295604,5.437901575351134,0,1486.9354,,,0.8
drift-capacity,stackexchange,LFU,1600,4,20000,0.35,1.1,6,1,0.5875,0.0057872340425531915,11750,31.168088072445244,5.423450836678967,0,1473.52,,,0.8
drift-capacity,stackexchange,ARC-exact,50,0,20000,0.35,1.1,6,1,0.3275,0.0003053435114503817,6550,12.393083929782733,7.645777717698366,100,49.92675,0.0,0.0,0.8
drift-capacity,stackexchange,ARC-exact,50,1,20000,0.35,1.1,6,1,0.2959,0.00016897600540723216,5918,12.403025990352035,7.63040249585174,100,49.93295,0.0,0.0,0.8
drift-capacity,stackexchange,ARC-exact,200,0,20000,0.35,1.1,6,1,0.4038,0.0003714710252600297,8076,12.681190529838204,6.486518308520317,400,198.6363,0.0,0.0,0.8
drift-capacity,stackexchange,ARC-exact,200,1,20000,0.35,1.1,6,1,0.39695,0.006172061972540622,7939,22.103214217349887,12.821442319545895,400,198.6879,0.0,0.0,0.8
drift-capacity,stackexchange,ARC-exact,200,2,20000,0.35,1.1,6,1,0.4055,0.0002466091245376079,8110,13.959583215182647,7.504366536159068,400,198.5518,0.0,0.0,0.8
drift-capacity,stackexchange,ARC-exact,200,3,20000,0.35,1.1,6,1,0.29025,0.0,5805,14.510469319066033,8.087169140344486,400,198.7801,0.0,0.0,0.8
drift-capacity,stackexchange,LFU,800,4,20000,0.35,1.1,6,1,0.47825,0.006168322007318349,9565,22.19999777735211,4.742806870490313,0,772.33145,,,0.8
drift-capacity,stackexchange,LFU,1600,0,20000,0.35,1.1,6,1,0.595,0.01495798319327731,11900,22.813328535994515,3.2551530632190406,0,1470.18285,,,0.8
drift-capacity,stackexchange,LFU,1600,1,20000,0.35,1.1,6,1,0.57965,0.01785560251876132,11593,34.87232466577552,6.113433768041432,0,1472.33345,,,0.8
drift-capacity,stackexchange,LFU,1600,2,20000,0.35,1.1,6,1,0.587,0.0014480408858603066,11740,24.038896337151527,3.5149963514413685,0,1472.8922,,,0.8
drift-capacity,stackexchange,ARC,1600,1,20000,0.35,1.1,6,1,0.5811,0.017983135432799863,11622,48.14692818908952,19.863994716433808,3019,1472.33345,385.0,118.4289,0.8
drift-capacity,stackexchange,ARC,1600,2,20000,0.35,1.1,6,1,0.58795,0.0014457011650650566,11759,44.95507192914374,18.003475497243926,3029,1472.8922,394.0,122.2542,0.8
drift-capacity,stackexchange,ARC,1600,3,20000,0.35,1.1,6,1,0.57855,0.0029383804338432287,11571,49.83927994617261,21.008008427452296,3177,1486.9354,430.46941224735167,144.96981147639033,0.8
drift-capacity,stackexchange,ARC,1600,4,20000,0.35,1.1,6,1,0.5884,0.005778382053025153,11768,34.79908638400957,12.863627093611285,3016,1473.52,390.31868131868134,122.35600879121006,0.8
drift-capacity,stackexchange,ARC-exact,200,4,20000,0.35,1.1,6,1,0.39385,0.0008886631966484702,7877,12.96885414631106,6.95424799923785,400,198.661,0.0,0.0,0.8
drift-capacity,stackexchange,ARC-exact,400,0,20000,0.35,1.1,6,1,0.48535,0.0009271659627073246,9707,23.993408371461555,10.773639101535082,796,393.66565,0.0,0.0,0.8
drift-capacity,stackexchange,ARC-exact,400,1,20000,0.35,1.1,6,1,0.4682,0.005339598462195643,9364,16.19524437119253,7.155737292487174,800,394.00105,0.0,0.0,0.8
drift-capacity,stackexchange,ARC-exact,400,2,20000,0.35,1.1,6,1,0.4811,0.0008314279775514446,9622,16.053023794665933,6.711887550773099,800,393.6841,0.0,0.0,0.8
drift-capacity,stackexchange,LRU,50,0,20000,0.5,1.1,6,1,0.2631,0.0,5262,7.571788685163483,3.2048676221165806,0,49.92425,,,0.8
drift-capacity,stackexchange,LRU,50,1,20000,0.5,1.1,6,1,0.24685,0.0,4937,8.022696961415932,3.493878891458735,0,49.93125,,,0.8
drift-capacity,stackexchange,LRU,50,2,20000,0.5,1.1,6,1,0.23995,0.000625130235465722,4799,8.001468714792281,3.3923286537174135,0,49.92815,,,0.8
drift-capacity,stackexchange,LRU,50,3,20000,0.5,1.1,6,1,0.2215,0.0006772009029345372,4430,8.320278307655826,3.5154917859472334,0,49.93605,,,0.8
drift-capacity,stackexchange,LRU,50,4,20000,0.5,1.1,6,1,0.23915,0.0,4783,8.039701072266325,3.3453270560130477,0,49.9318,,,0.8
drift-capacity,stackexchange,LRU,100,0,20000,0.5,1.1,6,1,0.3409,0.00014667057788207686,6818,8.046732557704672,2.9457714699674398,0,99.6942,,,0.8
drift-capacity,stackexchange,LRU,100,1,20000,0.5,1.1,6,1,0.3294,0.0,6588,8.089715440291911,3.0608518864028156,0,99.70225,,,0.8
drift-capacity,stackexchange,LRU,100,2,20000,0.5,1.1,6,1,0.32245,0.0004651884013025275,6449,7.286590553121641,2.758693345822394,0,99.68165,,,0.8
drift-capacity,stackexchange,ARC-exact,400,3,20000,0.35,1.1,6,1,0.4184,0.00035850860420650097,8368,24.673752940725535,11.835017270641401,800,394.6239,0.0,0.0,0.8
drift-capacity,stackexchange,ARC-exact,400,4,20000,0.35,1.1,6,1,0.4696,0.004578364565587734,9392,15.634556551231071,7.17803526786156,800,393.8239,0.0,0.0,0.8
drift-capacity,stackexchange,ARC-exact,800,0,20000,0.35,1.1,6,1,0.547,0.014625228519195612,10940,20.1589897449594,6.631017063045874,1524,771.7376,0.0,0.0,0.8
drift-capacity,stackexchange,ARC-exact,800,1,20000,0.35,1.1,6,1,0.5327,0.005725549089543833,10654,18.352404743200168,5.8681913709733635,1547,772.31885,0.0,0.0,0.8
drift-capacity,stackexchange,LRU,100,3,20000,0.5,1.1,6,1,0.30255,0.0004957858205255329,6051,8.167913521174341,3.1058510823640972,0,99.7197,,,0.8
drift-capacity,stackexchange,LRU,100,4,20000,0.5,1.1,6,1,0.32645,0.0,6529,8.268592122476548,3.019322647014633,0,99.69255,,,0.8
drift-capacity,stackexchange,LRU,200,0,20000,0.5,1.1,6,1,0.41355,0.0006045218232378189,8271,8.415607776260003,2.515762421535328,0,198.6144,,,0.8
drift-capacity,stackexchange,LRU,200,1,20000,0.5,1.1,6,1,0.4054,0.000246669955599408,8108,8.10874768649228,2.487592090619728,0,198.69435,,,0.8
drift-capacity,stackexchange,LRU,200,2,20000,0.5,1.1,6,1,0.39915,0.0010021295252411375,7983,8.98344237357378,2.851346891839057,0,198.61695,,,0.8
drift-capacity,stackexchange,LRU,200,3,20000,0.5,1.1,6,1,0.38435,0.0005203590477429426,7687,9.21963804285042,2.8237779100891203,0,198.8124,,,0.8
drift-capacity,stackexchange,LRU,200,4,20000,0.5,1.1,6,1,0.409,0.00024449877750611245,8180,8.3987507969141,2.6395254069939256,0,198.6275,,,0.8
drift-capacity,stackexchange,LRU,400,0,20000,0.5,1.1,6,1,0.4828,0.001035625517812759,9656,11.696914804633707,2.7256208122707903,0,393.64935,,,0.8
drift-capacity,stackexchange,ARC-exact,800,2,20000,0.35,1.1,6,1,0.54265,0.0011978254860407261,10853,30.040729354368523,10.940991225652397,1534,772.0844,0.0,0.0,0.8
drift-capacity,stackexchange,ARC-exact,800,3,20000,0.35,1.1,6,1,0.5192,0.0017334360554699538,10384,19.597564451396465,6.804823444690555,1574,775.67585,0.0,0.0,0.8
drift-capacity,stackexchange,ARC-exact,800,4,20000,0.35,1.1,6,1,0.5431,0.0050635242128521454,10862,20.278396061621606,6.51243501342833,1543,772.33145,0.0,0.0,0.8
drift-capacity,stackexchange,ARC-exact,1600,0,20000,0.35,1.1,6,1,0.595,0.01495798319327731,11900,30.518876761198044,7.439666689606383,2746,1470.18285,0.0,0.0,0.8
drift-capacity,stackexchange,LRU,400,1,20000,0.5,1.1,6,1,0.47905,0.0007306126709111783,9581,10.953140968922526,2.7818685630336404,0,394.09705,,,0.8
drift-capacity,stackexchange,LRU,400,2,20000,0.5,1.1,6,1,0.4704,0.0013818027210884354,9408,10.458739491878077,2.563315932638943,0,393.7801,,,0.8
drift-capacity,stackexchange,LRU,400,3,20000,0.5,1.1,6,1,0.45805,0.000982425499399629,9161,12.041914626024663,3.0180002097040415,0,394.78485,,,0.8
drift-capacity,stackexchange,LRU,400,4,20000,0.5,1.1,6,1,0.48375,0.0008268733850129199,9675,12.540627917042002,3.0609301815275103,0,393.6647,,,0.8
drift-capacity,stackexchange,LRU,800,0,20000,0.5,1.1,6,1,0.5418,0.0012919896640826874,10836,15.850133233470842,2.65487864962779,0,772.22535,,,0.8
drift-capacity,stackexchange,LRU,800,1,20000,0.5,1.1,6,1,0.5408,0.0016642011834319527,10816,15.629213594365865,2.576118189608678,0,772.16455,,,0.8
drift-capacity,stackexchange,LRU,800,2,20000,0.5,1.1,6,1,0.53245,0.0017842050896797821,10649,18.133163591846824,3.3767968881875277,0,772.06265,,,0.8
drift-capacity,stackexchange,LRU,800,3,20000,0.5,1.1,6,1,0.51775,0.0017382906808305167,10355,17.294146987842396,2.989148668712005,0,776.1203,,,0.8
drift-capacity,stackexchange,ARC-exact,1600,1,20000,0.35,1.1,6,1,0.5795,0.017860224331320104,11590,37.31157727306709,9.930960735073313,2761,1472.33345,0.0,0.0,0.8
drift-capacity,stackexchange,ARC-exact,1600,2,20000,0.35,1.1,6,1,0.58705,0.00144791755387105,11741,27.84544387832284,6.756923807552084,2751,1472.8922,0.0,0.0,0.8
drift-capacity,stackexchange,ARC-exact,1600,3,20000,0.35,1.1,6,1,0.57615,0.003037403453961642,11523,32.67599054379389,7.71496100933291,2865,1486.9354,0.0,0.0,0.8
drift-capacity,stackexchange,ARC-exact,1600,4,20000,0.35,1.1,6,1,0.5875,0.0057872340425531915,11750,34.00842879200354,8.58088030363433,2755,1473.52,0.0,0.0,0.8
drift-capacity,stackexchange,ARC,50,2,20000,0.5,1.1,6,1,0.36205,0.00027620494406849883,7241,14.576129330089316,10.359301278367639,100,49.92815,2.0,3.604945155304913,0.8
drift-capacity,stackexchange,ARC,50,3,20000,0.5,1.1,6,1,0.34245,0.0002920134326179004,6849,18.90187452081591,13.805675006005913,100,49.93605,0.0,4.024502313735888,0.8
drift-capacity,stackexchange,ARC,50,4,20000,0.5,1.1,6,1,0.3636,0.0,7272,17.38326550112106,12.270499765872955,100,49.9318,0.0,4.008470483612221,0.8
drift-capacity,stackexchange,ARC,100,0,20000,0.5,1.1,6,1,0.42615,0.0,8523,18.716819665860385,12.998336704913527,200,99.6942,5.0,10.945792495783827,0.8
drift-capacity,stackexchange,ARC,100,1,20000,0.5,1.1,6,1,0.422,0.00011848341232227489,8440,15.036622399929911,10.077484138309956,200,99.70225,7.0,7.064442062448392,0.8
drift-capacity,stackexchange,ARC,100,2,20000,0.5,1.1,6,1,0.41655,0.0008402352658744448,8331,18.157994805369526,12.419392971787602,200,99.68165,3.0,10.613558634365457,0.8
drift-capacity,stackexchange,ARC,100,3,20000,0.5,1.1,6,1,0.4017,0.00024894199651481205,8034,17.54338684841059,12.006259523332119,200,99.7197,5.251622437580686,13.471075656510843,0.8
drift-capacity,stackexchange,ARC,100,4,20000,0.5,1.1,6,1,0.43125,0.00011594202898550724,8625,19.37897425959818,13.375897554215044,200,99.69255,6.0,7.701201526105443,0.8
drift-capacity,stackexchange,LFU,50,0,20000,0.5,1.1,6,1,0.23005,0.0,4601,8.380270551424474,3.5031999577768147,0,49.92425,,,0.8
drift-capacity,stackexchange,LFU,50,1,20000,0.5,1.1,6,1,0.19585,0.0,3917,8.054356963839382,3.4895207500085235,0,49.93125,,,0.8
drift-capacity,stackexchange,LFU,50,2,20000,0.5,1.1,6,1,0.13915,0.0,2783,9.82331155682914,4.35824558371678,0,49.92815,,,0.8
drift-capacity,stackexchange,LFU,50,3,20000,0.5,1.1,6,1,0.08425,0.0,1685,8.50745738716796,3.8023366243578494,0,49.93605,,,0.8
drift-capacity,stackexchange,LRU,800,4,20000,0.5,1.1,6,1,0.54545,0.003941699514162618,10909,15.44218925992027,2.6585666404571384,0,771.75545,,,0.8
drift-capacity,stackexchange,LRU,1600,0,20000,0.5,1.1,6,1,0.5808,0.0025826446280991736,11616,26.565185748040676,3.3477714110631496,0,1472.31025,,,0.8
drift-capacity,stackexchange,LRU,1600,1,20000,0.5,1.1,6,1,0.5788,0.0032826537664132687,11576,29.300418309867382,3.6127749423030764,0,1472.03115,,,0.8
drift-capacity,stackexchange,LRU,1600,2,20000,0.5,1.1,6,1,0.57395,0.0028748148793448906,11479,24.131423298968002,3.1485553132370114,0,1472.704,,,0.8
drift-capacity,stackexchange,ARC,200,0,20000,0.5,1.1,6,1,0.47255,0.00010580890911014708,9451,18.570240045664832,11.771802068687975,400,198.6144,41.35547688013416,34.23017295329048,0.8
drift-capacity,stackexchange,ARC,200,1,20000,0.5,1.1,6,1,0.47155,0.0001060332944544587,9431,19.321918895002455,12.16723418328911,400,198.69435,24.87175794545565,45.525977805960096,0.8
drift-capacity,stackexchange,ARC,200,2,20000,0.5,1.1,6,1,0.46415,0.0012926855542389315,9283,18.301113578490913,11.69791579595767,400,198.61695,48.19201597750234,32.17926743529441,0.8
drift-capacity,stackexchange,ARC,200,3,20000,0.5,1.1,6,1,0.447,0.00044742729306487697,8940,17.326036957092583,11.139397526858374,400,198.8124,54.57220621240122,44.52715752838131,0.8
drift-capacity,stackexchange,LRU,1600,3,20000,0.5,1.1,6,1,0.563,0.002486678507992895,11260,24.01304878294468,2.7093266311567277,0,1487.14015,,,0.8
drift-capacity,stackexchange,LRU,1600,4,20000,0.5,1.1,6,1,0.5816,0.004556396148555708,11632,29.477519320789725,3.4903914493042976,0,1472.02305,,,0.8
drift-capacity,stackexchange,ARC,50,0,20000,0.5,1.1,6,1,0.3755,0.0,7510,17.65849146177061,12.584682140732184,100,49.92425,0.0,4.845687979129656,0.8
drift-capacity,stackexchange,ARC,50,1,20000,0.5,1.1,6,1,0.362,0.0,7240,16.033437981968746,11.364078259794042,100,49.93125,2.0,3.7731590845515623,0.8
drift-capacity,stackexchange,ARC,200,4,20000,0.5,1.1,6,1,0.4801,0.0011455946677775464,9602,19.524263415951282,12.153595965355635,400,198.6275,48.70026358332633,45.392713140881355,0.8
drift-capacity,stackexchange,ARC,400,0,20000,0.5,1.1,6,1,0.51085,0.0005872565332289321,10217,22.04803448403254,12.526350055122748,800,393.64935,206.9046592827038,139.30011547540502,0.8
drift-capacity,stackexchange,ARC,400,1,20000,0.5,1.1,6,1,0.5129,0.0004874244492103724,10258,22.180853609461337,13.05163973593153,800,394.09705,170.15307255930134,131.9388337063908,0.8
drift-capacity,stackexchange,ARC,400,2,20000,0.5,1.1,6,1,0.5074,0.001281040599132834,10148,21.716341411229223,12.168650981038809,800,393.7801,182.5111751049461,111.46507219280745,0.8
drift-capacity,stackexchange,LFU,50,4,20000,0.5,1.1,6,1,0.14775,0.0013536379018612521,2955,8.930977270938456,3.852893732255325,0,49.9318,,,0.8
drift-capacity,stackexchange,LFU,100,0,20000,0.5,1.1,6,1,0.2783,0.00017966223499820338,5566,8.54202167247422,3.2256284495815635,0,99.6942,,,0.8
drift-capacity,stackexchange,LFU,100,1,20000,0.5,1.1,6,1,0.289,0.00017301038062283736,5780,7.724082056665793,2.9505461629014462,0,99.70225,,,0.8
drift-capacity,stackexchange,LFU,100,2,20000,0.5,1.1,6,1,0.23145,0.0,4629,10.700123821152374,4.527433810289949,0,99.68165,,,0.8
drift-capacity,stackexchange,ARC,400,3,20000,0.5,1.1,6,1,0.48925,0.0006131834440470108,9785,23.624778469093144,13.739466504193842,800,394.78485,201.64924278265391,139.9584584922425,0.8
drift-capacity,stackexchange,ARC,400,4,20000,0.5,1.1,6,1,0.5185,0.0018322082931533268,10370,21.708693698747084,12.276366516016424,800,393.6647,210.75633631718506,133.20231654673074,0.8
drift-capacity,stackexchange,ARC,800,0,20000,0.5,1.1,6,1,0.5478,0.0013691128148959474,10956,27.621712046675384,13.895895594032481,1600,772.22535,404.491506082992,187.97228186623008,0.8
drift-capacity,stackexchange,ARC,800,1,20000,0.5,1.1,6,1,0.5478,0.001095290251916758,10956,28.606946126092225,13.985523098381236,1600,772.16455,402.1232399327319,182.5089271304116,0.8
drift-capacity,stackexchange,LFU,100,3,20000,0.5,1.1,6,1,0.1862,0.0002685284640171858,3724,9.407560713589191,3.887780557852239,0,99.7197,,,0.8
drift-capacity,stackexchange,LFU,100,4,20000,0.5,1.1,6,1,0.27015,0.003331482509716824,5403,8.258888975251466,3.2074519607704133,0,99.69255,,,0.8
drift-capacity,stackexchange,LFU,200,0,20000,0.5,1.1,6,1,0.3092,0.0008085381630012937,6184,10.96564793260768,3.6547014373354614,0,198.6144,,,0.8
drift-capacity,stackexchange,LFU,200,1,20000,0.5,1.1,6,1,0.3247,0.0001539882968894364,6494,10.37760759354569,3.4461591800209135,0,198.69435,,,0.8
drift-capacity,stackexchange,LFU,200,2,20000,0.5,1.1,6,1,0.30885,0.0008094544277157196,6177,9.088548179715872,2.9978332575410604,0,198.61695,,,0.8
drift-capacity,stackexchange,LFU,200,3,20000,0.5,1.1,6,1,0.2646,0.0003779289493575208,5292,8.506514533655718,2.8372600441798568,0,198.8124,,,0.8
drift-capacity,stackexchange,LFU,200,4,20000,0.5,1.1,6,1,0.3299,0.001515610791148833,6598,10.737895069178194,3.6221994436345994,0,198.6275,,,0.8
drift-capacity,stackexchange,LFU,400,0,20000,0.5,1.1,6,1,0.3578,0.000698714365567356,7156,11.101480381330475,2.902170439483598,0,393.64935,,,0.8
drift-capacity,stackexchange,LFU,400,1,20000,0.5,1.1,6,1,0.37495,0.001200160021336178,7499,11.296679585939273,2.9864470940083265,0,394.09705,,,0.8
drift-capacity,stackexchange,LFU,400,2,20000,0.5,1.1,6,1,0.3636,0.0013751375137513752,7272,14.141188870416954,3.6919173144269735,0,393.7801,,,0.8
drift-capacity,stackexchange,LFU,400,3,20000,0.5,1.1,6,1,0.34825,0.004594400574300072,6965,12.154296017251909,3.114339947933331,0,394.78485,,,0.8
drift-capacity,stackexchange,LFU,400,4,20000,0.5,1.1,6,1,0.3752,0.003598081023454158,7504,11.11509528127499,2.7319378219544888,0,393.6647,,,0.8
drift-capacity,stackexchange,ARC,800,2,20000,0.5,1.1,6,1,0.54225,0.0021207929921622866,10845,30.843983258819208,15.516646235482767,1600,772.06265,394.015661019291,179.11978597350867,0.8
drift-capacity,stackexchange,ARC,800,3,20000,0.5,1.1,6,1,0.52595,0.0014259910637893336,10519,28.515137126669288,14.814962551463395,1600,776.1203,429.0579616055319,223.3803033921984,0.8
drift-capacity,stackexchange,ARC,800,4,20000,0.5,1.1,6,1,0.55165,0.0026284782017583614,11033,28.811740881064907,14.317790063796565,1600,771.75545,396.6585661420066,187.71894164482185,0.8
drift-capacity,stackexchange,ARC,1600,0,20000,0.5,1.1,6,1,0.5727,0.002881089575694081,11454,36.86469801468775,13.681105064461008,3187,1472.31025,175.3859649122807,78.19342719298457,0.8
drift-capacity,stackexchange,ARC-exact,50,2,20000,0.5,1.1,6,1,0.26255,0.0,5251,14.405180956237018,9.071834449423477,100,49.92815,0.0,0.0,0.8
drift-capacity,stackexchange,ARC-exact,50,3,20000,0.5,1.1,6,1,0.2061,0.00024260067928190198,4122,13.045828219037503,8.341293002013117,100,49.93605,0.0,0.0,0.8
drift-capacity,stackexchange,ARC-exact,50,4,20000,0.5,1.1,6,1,0.26375,0.0001895734597156398,5275,11.236906872363761,6.950299185700715,100,49.9318,0.0,0.0,0.8
drift-capacity,stackexchange,ARC-exact,100,0,20000,0.5,1.1,6,1,0.29245,0.00017096939647803043,5849,11.935503169661388,7.031994016142562,200,99.6942,0.0,0.0,0.8
drift-capacity,stackexchange,LFU,800,0,20000,0.5,1.1,6,1,0.4552,0.0012082601054481546,9104,16.640496987383813,3.1930706172715873,0,772.22535,,,0.8
drift-capacity,stackexchange,LFU,800,1,20000,0.5,1.1,6,1,0.4402,0.0014766015447523853,8804,16.69769839500077,3.5345959302503616,0,772.16455,,,0.8
drift-capacity,stackexchange,LFU,800,2,20000,0.5,1.1,6,1,0.456,0.001206140350877193,9120,15.885488269850612,2.790568710770458,0,772.06265,,,0.8
drift-capacity,stackexchange,LFU,800,3,20000,0.5,1.1,6,1,0.4004,0.004995004995004995,8008,16.181889013387263,3.258605260634795,0,776.1203,,,0.8
drift-capacity,stackexchange,ARC-exact,100,1,20000,0.5,1.1,6,1,0.30405,0.000164446637066272,6081,13.896630657836795,8.30908611533232,200,99.70225,0.0,0.0,0.8
drift-capacity,stackexchange,ARC-exact,100,2,20000,0.5,1.1,6,1,0.29415,0.00016998130205677376,5883,11.615075345616788,6.845296738902107,200,99.68165,0.0,0.0,0.8
drift-capacity,stackexchange,ARC-exact,100,3,20000,0.5,1.1,6,1,0.2419,0.00020669698222405952,4838,12.208069150801748,7.330695173004642,200,99.7197,0.0,0.0,0.8
drift-capacity,stackexchange,ARC-exact,100,4,20000,0.5,1.1,6,1,0.30675,0.0017929910350448248,6135,13.538523484021425,7.953011302743108,200,99.69255,0.0,0.0,0.8
drift-capacity,stackexchange,ARC-exact,200,0,20000,0.5,1.1,6,1,0.34825,0.00043072505384063173,6965,14.151262392988428,7.646719610784202,400,198.6144,0.0,0.0,0.8
drift-capacity,stackexchange,ARC-exact,200,1,20000,0.5,1.1,6,1,0.3514,0.0002845759817871372,7028,12.873876717640087,6.746830977499485,400,198.69435,0.0,0.0,0.8
drift-capacity,stackexchange,ARC-exact,200,2,20000,0.5,1.1,6,1,0.3536,0.0007070135746606335,7072,13.88036846765317,7.433469680836424,400,198.61695,0.0,0.0,0.8
drift-capacity,stackexchange,ARC-exact,200,3,20000,0.5,1.1,6,1,0.30025,0.004995836802664446,6005,14.465540129458532,7.905541168292984,400,198.8124,0.0,0.0,0.8
drift-capacity,stackexchange,LFU,1600,3,20000,0.5,1.1,6,1,0.4549,0.0056056276104638385,9098,28.10816916753538,4.610913369106129,0,1487.14015,,,0.8
drift-capacity,stackexchange,LFU,1600,4,20000,0.5,1.1,6,1,0.57535,0.005127313808985835,11507,23.99676024215296,2.913816150976345,0,1472.02305,,,0.8
drift-capacity,stackexchange,ARC-exact,50,0,20000,0.5,1.1,6,1,0.27165,0.00018406037180195104,5433,13.105379149783403,8.194422139786184,100,49.92425,0.0,0.0,0.8
drift-capacity,stackexchange,ARC-exact,50,1,20000,0.5,1.1,6,1,0.2741,0.0,5482,12.209574156440794,7.578233833191916,100,49.93125,0.0,0.0,0.8
drift-capacity,stackexchange,LFU,800,4,20000,0.5,1.1,6,1,0.4483,0.004126700869953156,8966,17.98016468528658,3.498842869885266,0,771.75545,,,0.8
drift-capacity,stackexchange,LFU,1600,0,20000,0.5,1.1,6,1,0.57355,0.0027024670909249413,11471,23.591974598821253,3.0921959260012954,0,1472.31025,,,0.8
drift-capacity,stackexchange,LFU,1600,1,20000,0.5,1.1,6,1,0.5723,0.0032325703302463742,11446,24.110013601602986,3.1880818656645715,0,1472.03115,,,0.8
drift-capacity,stackexchange,LFU,1600,2,20000,0.5,1.1,6,1,0.5667,0.0032645138521263453,11334,23.170600936282426,3.1163789972197264,0,1472.704,,,0.8
drift-capacity,stackexchange,ARC,1600,1,20000,0.5,1.1,6,1,0.5727,0.002881089575694081,11454,42.60634956881404,16.808319959091023,3137,1472.03115,337.8855172413793,101.28375027586054,0.8
drift-capacity,stackexchange,ARC,1600,2,20000,0.5,1.1,6,1,0.5695,0.0033362598770851626,11390,38.9308242185507,15.867235756013542,3168,1472.704,422.2701863354037,128.47509378881756,0.8
drift-capacity,stackexchange,ARC,1600,3,20000,0.5,1.1,6,1,0.5536,0.0018966763005780346,11072,35.49483915558085,13.730820710770786,3200,1487.14015,473.75734298174154,157.4117831648694,0.8
drift-capacity,stackexchange,ARC,1600,4,20000,0.5,1.1,6,1,0.5761,0.00494705780246485,11522,35.05050997482613,13.286322652129456,3109,1472.02305,378.16552511415523,111.26641655250951,0.8
drift-capacity,stackexchange,ARC-exact,200,4,20000,0.5,1.1,6,1,0.35605,0.0023873051537705377,7121,12.571037618909031,6.566729105543345,400,198.6275,0.0,0.0,0.8
drift-capacity,stackexchange,ARC-exact,400,0,20000,0.5,1.1,6,1,0.4312,0.00046382189239332097,8624,15.467046317644417,6.7099295381922275,800,393.64935,0.0,0.0,0.8
drift-capacity,stackexchange,ARC-exact,400,1,20000,0.5,1.1,6,1,0.4203,0.0005948132286462051,8406,17.265101516386494,8.023755974136293,800,394.09705,0.0,0.0,0.8
drift-capacity,stackexchange,ARC-exact,400,2,20000,0.5,1.1,6,1,0.43195,0.0011575413821044102,8639,14.478219422744587,6.429003278026357,800,393.7801,0.0,0.0,0.8
drift-capacity,stackexchange,LRU,50,0,20000,0.75,1.1,6,1,0.25855,0.00038677238445175013,5171,8.408150437753648,3.4276169433724135,0,49.92495,,,0.8
drift-capacity,stackexchange,LRU,50,1,20000,0.75,1.1,6,1,0.23955,0.0006261740763932373,4791,7.399607973638922,3.1585884164087474,0,49.9323,,,0.8
drift-capacity,stackexchange,LRU,50,2,20000,0.75,1.1,6,1,0.25155,0.0003975352812562115,5031,6.963623099727556,2.8767020034138113,0,49.92515,,,0.8
drift-capacity,stackexchange,LRU,50,3,20000,0.75,1.1,6,1,0.20355,0.00024563989191844754,4071,7.645536272320896,3.27321543591097,0,49.9351,,,0.8
drift-capacity,stackexchange,LRU,50,4,20000,0.75,1.1,6,1,0.25445,0.00019650225977598743,5089,8.730702113825828,3.6562043824233115,0,49.92885,,,0.8
drift-capacity,stackexchange,LRU,100,0,20000,0.75,1.1,6,1,0.33725,0.00044477390659747963,6745,7.5110362900886685,2.795174246421084,0,99.6903,,,0.8
drift-capacity,stackexchange,LRU,100,1,20000,0.75,1.1,6,1,0.3344,0.0007476076555023923,6688,7.49440846266225,2.694383100606501,0,99.70805,,,0.8
drift-capacity,stackexchange,LRU,100,2,20000,0.75,1.1,6,1,0.3301,0.0004544077552256892,6602,7.50672486028634,2.668445004383102,0,99.67435,,,0.8
drift-capacity,stackexchange,ARC-exact,400,3,20000,0.5,1.1,6,1,0.36865,0.004475790044757901,7373,15.029012417653576,6.805679528042674,800,394.78485,0.0,0.0,0.8
drift-capacity,stackexchange,ARC-exact,400,4,20000,0.5,1.1,6,1,0.43615,0.0028659864725438496,8723,15.366135881049559,6.642101291799918,800,393.6647,0.0,0.0,0.8
drift-capacity,stackexchange,ARC-exact,800,0,20000,0.5,1.1,6,1,0.51645,0.000968147933004163,10329,21.037519292440265,7.630518288351596,1582,772.22535,0.0,0.0,0.8
drift-capacity,stackexchange,ARC-exact,800,1,20000,0.5,1.1,6,1,0.51895,0.0013488775411889392,10379,18.768245674436912,6.180054828291759,1581,772.16455,0.0,0.0,0.8
drift-capacity,stackexchange,LRU,100,3,20000,0.75,1.1,6,1,0.29725,0.0001682085786375105,5945,8.28480981872417,3.139895008644089,0,99.7195,,,0.8
drift-capacity,stackexchange,LRU,100,4,20000,0.75,1.1,6,1,0.33935,0.0007367025195226168,6787,7.558103109477088,2.8231505944859236,0,99.6879,,,0.8
drift-capacity,stackexchange,LRU,200,0,20000,0.75,1.1,6,1,0.41505,0.0006023370678231539,8301,8.275413874071091,2.629460650496185,0,198.60295,,,0.8
drift-capacity,stackexchange,LRU,200,1,20000,0.75,1.1,6,1,0.41485,0.0009642039291310112,8297,8.262584556359798,2.6022903446573764,0,198.6897,,,0.8
drift-capacity,stackexchange,LRU,200,2,20000,0.75,1.1,6,1,0.40455,0.0003707823507601038,8091,8.810044184792787,2.9780262790154666,0,198.5888,,,0.8
drift-capacity,stackexchange,LRU,200,3,20000,0.75,1.1,6,1,0.384,0.00013020833333333333,7680,8.250004809815437,2.5836222048383206,0,198.786,,,0.8
drift-capacity,stackexchange,LRU,200,4,20000,0.75,1.1,6,1,0.4135,0.0007255139056831923,8270,8.166645449819043,2.603361150249839,0,198.62635,,,0.8
drift-capacity,stackexchange,LRU,400,0,20000,0.75,1.1,6,1,0.47805,0.0008367325593557159,9561,9.994483517948538,2.4180508975405246,0,393.70375,,,0.8
drift-capacity,stackexchange,ARC-exact,800,2,20000,0.5,1.1,6,1,0.51345,0.001460706982179375,10269,20.391143980668858,6.466390407877043,1573,772.06265,0.0,0.0,0.8
drift-capacity,stackexchange,ARC-exact,800,3,20000,0.5,1.1,6,1,0.48125,0.003948051948051948,9625,24.709747795714065,9.083278314210474,1595,776.1203,0.0,0.0,0.8
drift-capacity,stackexchange,ARC-exact,800,4,20000,0.5,1.1,6,1,0.5241,0.0030528525090631558,10482,18.015823111636564,6.007963785668835,1575,771.75545,0.0,0.0,0.8
drift-capacity,stackexchange,ARC-exact,1600,0,20000,0.5,1.1,6,1,0.57405,0.0027001132305548296,11481,26.698305073659867,5.972826154902577,2889,1472.31025,0.0,0.0,0.8
drift-capacity,stackexchange,LRU,400,1,20000,0.75,1.1,6,1,0.4865,0.001644398766700925,9730,10.644499346381053,2.512081863824278,0,394.02295,,,0.8
drift-capacity,stackexchange,LRU,400,2,20000,0.75,1.1,6,1,0.47605,0.0008402478731225711,9521,10.489155672257766,2.626754902303219,0,393.6767,,,0.8
drift-capacity,stackexchange,LRU,400,3,20000,0.75,1.1,6,1,0.45595,0.0004386445882223928,9119,10.401763778645545,2.5961052626371384,0,394.68835,,,0.8
drift-capacity,stackexchange,LRU,400,4,20000,0.75,1.1,6,1,0.48335,0.0019654494672597497,9667,10.192737233592197,2.252906485227868,0,393.6999,,,0.8
drift-capacity,stackexchange,LRU,800,0,20000,0.75,1.1,6,1,0.5319,0.001692047377326565,10638,14.906893216539174,2.5072243181057274,0,771.9769,,,0.8
drift-capacity,stackexchange,LRU,800,1,20000,0.75,1.1,6,1,0.5387,0.0012066085019491368,10774,14.680300146574154,2.5297784944996238,0,772.6912,,,0.8
drift-capacity,stackexchange,LRU,800,2,20000,0.75,1.1,6,1,0.5322,0.001503194287861706,10644,14.178415038622916,2.329101087525487,0,771.9282,,,0.8
drift-capacity,stackexchange,LRU,800,3,20000,0.75,1.1,6,1,0.5128,0.0008775351014040562,10256,13.929434877354652,2.420338516822085,0,776.36595,,,0.8
drift-capacity,stackexchange,ARC-exact,1600,1,20000,0.5,1.1,6,1,0.57225,0.003232852774137178,11445,29.491938010323793,6.966728618135676,2865,1472.03115,0.0,0.0,0.8
drift-capacity,stackexchange,ARC-exact,1600,2,20000,0.5,1.1,6,1,0.567,0.0032627865961199296,11340,27.010045741917565,6.592052825726569,2879,1472.704,0.0,0.0,0.8
drift-capacity,stackexchange,ARC-exact,1600,3,20000,0.5,1.1,6,1,0.5506,0.004540501271340356,11012,27.506082179024816,6.342257355572656,2937,1487.14015,0.0,0.0,0.8
drift-capacity,stackexchange,ARC-exact,1600,4,20000,0.5,1.1,6,1,0.5756,0.005038220986796386,11512,23.858329968061298,5.62106297002174,2828,1472.02305,0.0,0.0,0.8
drift-capacity,stackexchange,ARC,50,2,20000,0.75,1.1,6,1,0.3657,0.0,7314,14.52890238724649,10.35562779288739,100,49.92515,2.0,6.092877735781425,0.8
drift-capacity,stackexchange,ARC,50,3,20000,0.75,1.1,6,1,0.3412,0.00014654161781946072,6824,14.11832618759945,10.137740953359753,100,49.9351,1.0,4.98788886994339,0.8
drift-capacity,stackexchange,ARC,50,4,20000,0.75,1.1,6,1,0.36515,0.0005477201150212241,7303,13.863222964573652,9.86444829031825,100,49.92885,2.0,5.433918620148445,0.8
drift-capacity,stackexchange,ARC,100,0,20000,0.75,1.1,6,1,0.4221,0.00035536602700781805,8442,14.309145347215235,9.638215106679127,200,99.6903,3.3596959245578004,14.721887432833482,0.8
drift-capacity,stackexchange,ARC,100,1,20000,0.75,1.1,6,1,0.42345,0.0011807769512339119,8469,14.545732724945992,9.789720713160932,200,99.70805,5.0,16.204747897066227,0.8
drift-capacity,stackexchange,ARC,100,2,20000,0.75,1.1,6,1,0.41065,0.00048703275295263604,8213,13.911431888118386,9.397178969811648,200,99.67435,8.0,19.403204967347513,0.8
drift-capacity,stackexchange,ARC,100,3,20000,0.75,1.1,6,1,0.39725,0.00012586532410320956,7945,14.215182408224791,9.574558353051543,200,99.7195,1.0,16.988246035754816,0.8
drift-capacity,stackexchange,ARC,100,4,20000,0.75,1.1,6,1,0.4263,0.0002345765892563922,8526,14.940639660926536,10.170001827646047,200,99.6879,8.0,15.575062937516947,0.8
drift-capacity,stackexchange,ARC,200,0,20000,0.75,1.1,6,1,0.46285,0.0006481581505887436,9257,15.11714961961843,9.437312214868143,400,198.60295,72.23627502618655,62.72130754149011,0.8
drift-capacity,stackexchange,ARC,200,1,20000,0.75,1.1,6,1,0.46665,0.001500053573341905,9333,14.434084662934765,8.884193591075018,400,198.6897,77.57347392122294,67.2344290095842,0.8
drift-capacity,stackexchange,ARC,200,2,20000,0.75,1.1,6,1,0.45235,0.00044213551453520505,9047,14.869847643421963,9.285341389477253,400,198.5888,80.04693550769247,74.99467644802182,0.8
drift-capacity,stackexchange,ARC,200,3,20000,0.75,1.1,6,1,0.43705,0.0,8741,16.29335213219747,10.564153682207689,400,198.786,76.42993121571713,67.54212290789724,0.8
drift-capacity,stackexchange,LFU,50,0,20000,0.75,1.1,6,1,0.12185,0.0004103405826836274,2437,6.9659274071455,3.0435310094617307,0,49.92495,,,0.8
drift-capacity,stackexchange,LFU,50,1,20000,0.75,1.1,6,1,0.11085,0.0,2217,7.020305638434365,3.1238894211128354,0,49.9323,,,0.8
drift-capacity,stackexchange,LFU,50,2,20000,0.75,1.1,6,1,0.1388,0.0,2776,7.511164573952556,3.2896256423555315,0,49.92515,,,0.8
drift-capacity,stackexchange,LFU,50,3,20000,0.75,1.1,6,1,0.07585,0.0,1517,7.643399998778477,3.4316973469685763,0,49.9351,,,0.8
drift-capacity,stackexchange,LRU,1600,3,20000,0.75,1.1,6,1,0.547,0.0018281535648994515,10940,22.009019111283123,2.6118951151147485,0,1487.68165,,,0.8
drift-capacity,stackexchange,LRU,1600,4,20000,0.75,1.1,6,1,0.5679,0.01655220989610847,11358,22.951215627836064,2.3917675542179495,0,1473.5168,,,0.8
drift-capacity,stackexchange,ARC,50,0,20000,0.75,1.1,6,1,0.37245,0.00013424620754463686,7449,13.253802742110565,9.422236500540748,100,49.92495,3.0,5.189342693467656,0.8
drift-capacity,stackexchange,ARC,50,1,20000,0.75,1.1,6,1,0.36255,0.00013791201213625708,7251,14.557416783645749,10.360335960285738,100,49.9323,3.0,5.939241151457973,0.8
drift-capacity,stackexchange,LRU,800,4,20000,0.75,1.1,6,1,0.5377,0.0028826483169053377,10754,14.249651884892955,2.4731737736146897,0,771.95475,,,0.8
drift-capacity,stackexchange,LRU,1600,0,20000,0.75,1.1,6,1,0.5635,0.0025732031943212067,11270,22.8929060860537,2.44508019532077,0,1472.271,,,0.8
drift-capacity,stackexchange,LRU,1600,1,20000,0.75,1.1,6,1,0.56895,0.0029879602777045434,11379,20.833213406149298,2.2916717338375747,0,1474.60345,,,0.8
drift-capacity,stackexchange,LRU,1600,2,20000,0.75,1.1,6,1,0.56495,0.0031861226657226302,11299,21.801517240237445,2.654617087682709,0,1473.13815,,,0.8
drift-capacity,stackexchange,ARC,200,4,20000,0.75,1.1,6,1,0.4663,0.0007505897490885696,9326,15.393469732953236,9.638430061750114,400,198.62635,40.22798627050702,75.75481673799449,0.8
drift-capacity,stackexchange,ARC,400,0,20000,0.75,1.1,6,1,0.4971,0.0008046670690002012,9942,18.355231848545372,10.124250169610605,800,393.70375,235.9233146693395,149.09283443287538,0.8
drift-capacity,stackexchange,ARC,400,1,20000,0.75,1.1,6,1,0.5074,0.001970831690973591,10148,17.86052714451216,10.176106815924868,800,394.02295,249.90385212136675,144.1792133339591,0.8
drift-capacity,stackexchange,ARC,400,2,20000,0.75,1.1,6,1,0.495,0.0006060606060606061,9900,18.555769528029487,10.600530583178625,800,393.6767,241.06317239579454,163.2565796700359,0.8
drift-capacity,stackexchange,LFU,50,4,20000,0.75,1.1,6,1,0.1384,0.0,2768,7.315010525053367,3.1698928971309215,0,49.92885,,,0.8
drift-capacity,stackexchange,LFU,100,0,20000,0.75,1.1,6,1,0.22135,0.0006776598147729839,4427,7.695152354426682,3.046880883630365,0,99.6903,,,0.8
drift-capacity,stackexchange,LFU,100,1,20000,0.75,1.1,6,1,0.13705,0.00036483035388544326,2741,8.139497123192996,3.2989065221045166,0,99.70805,,,0.8
drift-capacity,stackexchange,LFU,100,2,20000,0.75,1.1,6,1,0.21365,0.000936110461034402,4273,8.44132142374292,3.349347203038633,0,99.67435,,,0.8
drift-capacity,stackexchange,LFU,100,3,20000,0.75,1.1,6,1,0.1368,0.0,2736,8.45888625481166,3.4910696325823665,0,99.7195,,,0.8
drift-capacity,stackexchange,LFU,100,4,20000,0.75,1.1,6,1,0.2252,0.0,4504,7.180082780541852,2.8365365345962346,0,99.6879,,,0.8
drift-capacity,stackexchange,LFU,200,0,20000,0.75,1.1,6,1,0.255,0.000784313725490196,5100,9.618270542705432,3.168415214167908,0,198.60295,,,0.8
drift-capacity,stackexchange,LFU,200,1,20000,0.75,1.1,6,1,0.2555,0.0013698630136986301,5110,9.982606710400432,3.521465166704729,0,198.6897,,,0.8
drift-capacity,stackexchange,ARC,400,3,20000,0.75,1.1,6,1,0.47685,0.0002097095522701059,9537,18.71795521583408,10.61115621123463,800,394.68835,248.08455422149464,178.66845037271085,0.8
drift-capacity,stackexchange,ARC,400,4,20000,0.75,1.1,6,1,0.4998,0.0028011204481792717,9996,17.791018035495654,9.983301936881617,800,393.6999,222.33961921682328,167.99768739659783,0.8
drift-capacity,stackexchange,ARC,800,0,20000,0.75,1.1,6,1,0.5305,0.000942507068803016,10610,22.996800992405042,11.334144027205184,1600,771.9769,461.6633883946872,206.95283624641678,0.8
drift-capacity,stackexchange,ARC,800,1,20000,0.75,1.1,6,1,0.5378,0.0023242841204908888,10756,26.257698668632656,12.836635467829183,1600,772.6912,426.44554093489285,187.7682294525827,0.8
drift-capacity,stackexchange,LFU,200,2,20000,0.75,1.1,6,1,0.25035,0.0003994407829039345,5007,7.974773133173585,2.7836086694151163,0,198.5888,,,0.8
drift-capacity,stackexchange,LFU,200,3,20000,0.75,1.1,6,1,0.21245,0.0014120969639915275,4249,9.109267935855314,3.1293991836719215,0,198.786,,,0.8
drift-capacity,stackexchange,LFU,200,4,20000,0.75,1.1,6,1,0.2947,0.002544960977265015,5894,8.970640518236905,3.0051258159801364,0,198.62635,,,0.8
drift-capacity,stackexchange,LFU,400,0,20000,0.75,1.1,6,1,0.32015,0.0012494143370295175,6403,11.031589901540428,3.063727478729561,0,393.70375,,,0.8
drift-capacity,stackexchange,LFU,400,1,20000,0.75,1.1,6,1,0.30905,0.0006471444750040447,6181,10.414305864833295,2.818923437735066,0,394.02295,,,0.8
drift-capacity,stackexchange,LFU,400,2,20000,0.75,1.1,6,1,0.3106,0.0019317450096587251,6212,11.75829820567742,3.2333960058167577,0,393.6767,,,0.8
drift-capacity,stackexchange,LFU,400,3,20000,0.75,1.1,6,1,0.2846,0.0008784258608573436,5692,11.750073451548815,3.326627751812339,0,394.68835,,,0.8
drift-capacity,stackexchange,LFU,400,4,20000,0.75,1.1,6,1,0.3376,0.0042950236966824646,6752,10.821011749794707,2.817638427950442,0,393.6999,,,0.8
drift-capacity,stackexchange,ARC,800,2,20000,0.75,1.1,6,1,0.53095,0.0015067332140502872,10619,23.80469865165651,11.315458361059427,1600,771.9282,460.1767718146131,220.8896354971244,0.8
drift-capacity,stackexchange,ARC,800,3,20000,0.75,1.1,6,1,0.5124,0.0008782201405152225,10248,23.659688694169745,12.13015730609186,1600,776.36595,472.3131576623386,246.55085076375426,0.8
drift-capacity,stackexchange,ARC,800,4,20000,0.75,1.1,6,1,0.535,0.0035514018691588786,10700,26.527424779487774,13.110566552495584,1600,771.95475,455.9524917660651,203.08803980303105,0.8
drift-capacity,stackexchange,ARC,1600,0,20000,0.75,1.1,6,1,0.5532,0.0030730296456977584,11064,36.32010940928012,14.448558940785006,3200,1472.271,371.1698197054342,99.33360332021917,0.8
drift-capacity,stackexchange,ARC-exact,50,2,20000,0.75,1.1,6,1,0.2192,0.0002281021897810219,4384,13.098731078207493,8.365892013534904,100,49.92515,0.0,0.0,0.8
drift-capacity,stackexchange,ARC-exact,50,3,20000,0.75,1.1,6,1,0.1613,0.0,3226,12.863672006642446,8.352169708814472,100,49.9351,0.0,0.0,0.8
drift-capacity,stackexchange,ARC-exact,50,4,20000,0.75,1.1,6,1,0.2427,0.0,4854,11.581555160228163,7.328219001647085,100,49.92885,0.0,0.0,0.8
drift-capacity,stackexchange,ARC-exact,100,0,20000,0.75,1.1,6,1,0.2556,0.0003912363067292645,5112,12.605605891440064,7.541462092194706,200,99.6903,0.0,0.0,0.8
drift-capacity,stackexchange,LFU,800,0,20000,0.75,1.1,6,1,0.4073,0.0018413945494721335,8146,16.79826505132951,3.367608872940764,0,771.9769,,,0.8
drift-capacity,stackexchange,LFU,800,1,20000,0.75,1.1,6,1,0.4195,0.0023837902264600714,8390,16.599302378017455,3.552248445339501,0,772.6912,,,0.8
drift-capacity,stackexchange,LFU,800,2,20000,0.75,1.1,6,1,0.3868,0.0031023784901758012,7736,16.32146323681809,3.3873310778290033,0,771.9282,,,0.8
drift-capacity,stackexchange,LFU,800,3,20000,0.75,1.1,6,1,0.3587,0.002509060496236409,7174,15.713149280054495,3.385107545182109,0,776.36595,,,0.8
drift-capacity,stackexchange,ARC-exact,100,1,20000,0.75,1.1,6,1,0.2243,0.00022291573785109228,4486,14.603146474109963,8.786624303320423,200,99.70805,0.0,0.0,0.8
drift-capacity,stackexchange,ARC-exact,100,2,20000,0.75,1.1,6,1,0.25095,0.0005977286312014345,5019,12.745322356931865,7.76056710164994,200,99.67435,0.0,0.0,0.8
drift-capacity,stackexchange,ARC-exact,100,3,20000,0.75,1.1,6,1,0.19345,0.0012923235978288964,3869,13.596520107239485,8.343860128661618,200,99.7195,0.0,0.0,0.8
drift-capacity,stackexchange,ARC-exact,100,4,20000,0.75,1.1,6,1,0.2813,0.0,5626,12.188294000225142,7.350103015778586,200,99.6879,0.0,0.0,0.8
drift-capacity,stackexchange,ARC-exact,200,0,20000,0.75,1.1,6,1,0.29455,0.0013580037345102699,5891,14.451893174555153,8.072363544488326,400,198.60295,0.0,0.0,0.8
drift-capacity,stackexchange,ARC-exact,200,1,20000,0.75,1.1,6,1,0.277,0.00036101083032490973,5540,13.964431325439364,7.734302023891359,400,198.6897,0.0,0.0,0.8
drift-capacity,stackexchange,ARC-exact,200,2,20000,0.75,1.1,6,1,0.30105,0.0013286829430327188,6021,13.614946039160714,7.520899968221784,400,198.5888,0.0,0.0,0.8
drift-capacity,stackexchange,ARC-exact,200,3,20000,0.75,1.1,6,1,0.25055,0.001197365795250449,5011,14.597182051511481,8.441908395616338,400,198.786,0.0,0.0,0.8
drift-capacity,stackexchange,LFU,1600,3,20000,0.75,1.1,6,1,0.4154,0.0039720751083293215,8308,26.14750869688578,4.1190062067471445,0,1487.68165,,,0.8
drift-capacity,stackexchange,LFU,1600,4,20000,0.75,1.1,6,1,0.55285,0.005697748032920322,11057,25.346561387414113,3.4611096372827888,0,1473.5168,,,0.8
drift-capacity,stackexchange,ARC-exact,50,0,20000,0.75,1.1,6,1,0.23005,0.0004346881112801565,4601,11.976826365571469,7.603439566446468,100,49.92495,0.0,0.0,0.8
drift-capacity,stackexchange,ARC-exact,50,1,20000,0.75,1.1,6,1,0.19425,0.0002574002574002574,3885,13.591208623256534,8.74279539566487,100,49.9323,0.0,0.0,0.8
drift-capacity,stackexchange,LFU,800,4,20000,0.75,1.1,6,1,0.3989,0.004136375031336174,7978,16.281077108578756,3.389745991444215,0,771.95475,,,0.8
drift-capacity,stackexchange,LFU,1600,0,20000,0.75,1.1,6,1,0.552,0.002989130434782609,11040,25.224769616033882,3.722156025469303,0,1472.271,,,0.8
drift-capacity,stackexchange,LFU,1600,1,20000,0.75,1.1,6,1,0.5583,0.0024180548092423426,11166,24.856154923327267,3.5915865970309824,0,1474.60345,,,0.8
drift-capacity,stackexchange,LFU,1600,2,20000,0.75,1.1,6,1,0.54995,0.0035457768888080736,10999,30.78307240502909,4.78819307172671,0,1473.13815,,,0.8
drift-capacity,stackexchange,ARC,1600,1,20000,0.75,1.1,6,1,0.5572,0.0033201722900215364,11144,31.652795139234513,12.135597306769341,3200,1474.60345,287.6503484757321,87.29739334299185,0.8
drift-capacity,stackexchange,ARC,1600,2,20000,0.75,1.1,6,1,0.5538,0.004062838569880823,11076,34.98772819293663,14.108666341053322,3200,1473.13815,419.126956458583,124.05227865962297,0.8
drift-capacity,stackexchange,ARC,1600,3,20000,0.75,1.1,6,1,0.53455,0.0022448788700776354,10691,38.080183672718704,15.511057758703826,3200,1487.68165,412.8714074643042,132.12404064429305,0.8
drift-capacity,stackexchange,ARC,1600,4,20000,0.75,1.1,6,1,0.55595,0.005755913301555895,11119,41.44022428081371,17.65262124245055,3200,1473.5168,401.78187919463085,110.06376912751044,0.8
drift-capacity,stackexchange,ARC-exact,200,4,20000,0.75,1.1,6,1,0.32835,0.00030455306837216383,6567,13.14508703071624,7.069130556192249,400,198.62635,0.0,0.0,0.8
drift-capacity,stackexchange,ARC-exact,400,0,20000,0.75,1.1,6,1,0.37965,0.001185302252074279,7593,16.540032532066107,7.656039047287777,800,393.70375,0.0,0.0,0.8
drift-capacity,stackexchange,ARC-exact,400,1,20000,0.75,1.1,6,1,0.36995,0.0006757669955399379,7399,14.547861577011645,6.845592590980232,800,394.02295,0.0,0.0,0.8
drift-capacity,stackexchange,ARC-exact,400,2,20000,0.75,1.1,6,1,0.364,0.001510989010989011,7280,17.552059423178434,8.031966141425073,800,393.6767,0.0,0.0,0.8
drift-capacity,stackexchange,LRU,50,0,20000,1.0,1.1,6,1,0.2612,0.00019142419601837673,5224,7.353294303175062,3.0728672340046614,0,49.92555,,,0.8
drift-capacity,stackexchange,LRU,50,1,20000,1.0,1.1,6,1,0.23345,0.00021417862497322766,4669,7.6058391481637955,3.2544955727644265,0,49.93325,,,0.8
drift-capacity,stackexchange,LRU,50,2,20000,1.0,1.1,6,1,0.25825,0.0,5165,9.200085228076205,3.6173147847875953,0,49.9259,,,0.8
drift-capacity,stackexchange,LRU,50,3,20000,1.0,1.1,6,1,0.22705,0.00022021581149526536,4541,6.911715783644468,2.8535222867503762,0,49.93875,,,0.8
drift-capacity,stackexchange,LRU,50,4,20000,1.0,1.1,6,1,0.23355,0.0006422607578676942,4671,6.477232661563903,2.7493995788972825,0,49.92855,,,0.8
drift-capacity,stackexchange,LRU,100,0,20000,1.0,1.1,6,1,0.34415,0.0005811419439198024,6883,9.670210961485282,3.9180640073027457,0,99.6852,,,0.8
drift-capacity,stackexchange,LRU,100,1,20000,1.0,1.1,6,1,0.3219,0.00015532774153463808,6438,9.359064762247726,3.130981943104416,0,99.713,,,0.8
drift-capacity,stackexchange,LRU,100,2,20000,1.0,1.1,6,1,0.3374,0.0,6748,7.481751800514758,2.765553502831608,0,99.67475,,,0.8
drift-capacity,stackexchange,ARC-exact,400,3,20000,0.75,1.1,6,1,0.33985,0.0008827423863469177,6797,15.485366084612906,7.325649936683476,800,394.68835,0.0,0.0,0.8
drift-capacity,stackexchange,ARC-exact,400,4,20000,0.75,1.1,6,1,0.39085,0.0034540104899577844,7817,15.79507557908073,7.287009083665907,800,393.6999,0.0,0.0,0.8
drift-capacity,stackexchange,ARC-exact,800,0,20000,0.75,1.1,6,1,0.489,0.0016359918200408998,9780,26.085772062651813,11.207169434055686,1594,771.9769,0.0,0.0,0.8
drift-capacity,stackexchange,ARC-exact,800,1,20000,0.75,1.1,6,1,0.4955,0.0015136226034308778,9910,18.915975239360705,6.433504389133304,1590,772.6912,0.0,0.0,0.8
drift-capacity,stackexchange,LRU,100,3,20000,1.0,1.1,6,1,0.309,0.00032362459546925567,6180,7.589424483012408,2.915034908801317,0,99.73265,,,0.8
drift-capacity,stackexchange,LRU,100,4,20000,1.0,1.1,6,1,0.3117,0.0008020532563362208,6234,10.583477251930162,3.7341371120419353,0,99.6882,,,0.8
drift-capacity,stackexchange,LRU,200,0,20000,1.0,1.1,6,1,0.4172,0.00047938638542665386,8344,7.689086033497006,2.3907399212475866,0,198.59535,,,0.8
drift-capacity,stackexchange,LRU,200,1,20000,1.0,1.1,6,1,0.3976,0.00025150905432595576,7952,9.05884696985595,2.907459915149957,0,198.69615,,,0.8
drift-capacity,stackexchange,LRU,200,2,20000,1.0,1.1,6,1,0.40825,0.00036742192284139623,8165,9.425668604671955,3.253924264572561,0,198.59975,,,0.8
drift-capacity,stackexchange,LRU,200,3,20000,1.0,1.1,6,1,0.3903,0.00025621316935690495,7806,10.74871364980936,3.650569368619472,0,198.8185,,,0.8
drift-capacity,stackexchange,LRU,200,4,20000,1.0,1.1,6,1,0.38865,0.0007719027402547279,7773,8.494702650932595,2.815054194070399,0,198.63935,,,0.8
drift-capacity,stackexchange,LRU,400,0,20000,1.0,1.1,6,1,0.4837,0.0008269588587967748,9674,11.067779012955725,2.6122222130652517,0,393.70535,,,0.8
drift-capacity,stackexchange,ARC-exact,800,2,20000,0.75,1.1,6,1,0.4761,0.0023104389834068474,9522,20.903551118681207,7.509483827743679,1599,771.9282,0.0,0.0,0.8
drift-capacity,stackexchange,ARC-exact,800,3,20000,0.75,1.1,6,1,0.4512,0.0017730496453900709,9024,18.454229057533666,6.692466966342181,1599,776.36595,0.0,0.0,0.8
drift-capacity,stackexchange,ARC-exact,800,4,20000,0.75,1.1,6,1,0.4919,0.00477739377922342,9838,21.432933578034863,7.509584166109562,1593,771.95475,0.0,0.0,0.8
drift-capacity,stackexchange,ARC-exact,1600,0,20000,0.75,1.1,6,1,0.5517,0.0030813848105854633,11034,31.564676854759455,7.93711511651054,2929,1472.271,0.0,0.0,0.8
drift-capacity,stackexchange,LRU,400,1,20000,1.0,1.1,6,1,0.46455,0.00043052416316865784,9291,12.471176905091852,3.158166306093335,0,394.01975,,,0.8
drift-capacity,stackexchange,LRU,400,2,20000,1.0,1.1,6,1,0.4759,0.0006303845345660853,9518,10.777203284669667,2.6897638861555606,0,393.80925,,,0.8
drift-capacity,stackexchange,LRU,400,3,20000,1.0,1.1,6,1,0.45985,0.0007611177557899315,9197,10.197643819265068,2.5466670689638704,0,394.77585,,,0.8
drift-capacity,stackexchange,LRU,400,4,20000,1.0,1.1,6,1,0.46185,0.0007578218036158926,9237,12.82470322912559,3.4266097063664347,0,393.70195,,,0.8
drift-capacity,stackexchange,LRU,800,0,20000,1.0,1.1,6,1,0.53435,0.0028071488724618694,10687,16.581683390541002,2.729273372096941,0,772.4007,,,0.8
drift-capacity,stackexchange,LRU,800,1,20000,1.0,1.1,6,1,0.5158,0.0023264831329972858,10316,15.430812945123762,3.000189451267943,0,772.45885,,,0.8
drift-capacity,stackexchange,LRU,800,2,20000,1.0,1.1,6,1,0.5274,0.0009480470231323473,10548,17.55326767452061,3.2883904699701816,0,772.3367,,,0.8
drift-capacity,stackexchange,LRU,800,3,20000,1.0,1.1,6,1,0.5139,0.003599922163845106,10278,13.665459054755047,2.310800238046795,0,776.37525,,,0.8
drift-capacity,stackexchange,ARC-exact,1600,1,20000,0.75,1.1,6,1,0.5585,0.002506714413607878,11170,27.71909490111284,6.962643028236926,2935,1474.60345,0.0,0.0,0.8
drift-capacity,stackexchange,ARC-exact,1600,2,20000,0.75,1.1,6,1,0.5509,0.0036304229442730078,11018,39.84545666608028,11.1354329099413,2972,1473.13815,0.0,0.0,0.8
drift-capacity,stackexchange,ARC-exact,1600,3,20000,0.75,1.1,6,1,0.53145,0.0023520556966788973,10629,31.992960924981162,8.063219650648534,2978,1487.68165,0.0,0.0,0.8
drift-capacity,stackexchange,ARC-exact,1600,4,20000,0.75,1.1,6,1,0.5547,0.005498467640165855,11094,24.42557645845227,5.902662582229823,2951,1473.5168,0.0,0.0,0.8
drift-capacity,stackexchange,ARC,50,2,20000,1.0,1.1,6,1,0.3572,0.00013997760358342665,7144,15.34546262701042,10.794915171572939,100,49.9259,2.4444444444444446,7.5934727212964415,0.8
drift-capacity,stackexchange,ARC,50,3,20000,1.0,1.1,6,1,0.338,0.0,6760,17.23648906336166,12.414653808809817,100,49.93875,3.0,7.210605980577828,0.8
drift-capacity,stackexchange,ARC,50,4,20000,1.0,1.1,6,1,0.3355,0.0,6710,13.61997930216603,9.797947551123798,100,49.92855,1.0,6.953824812043135,0.8
drift-capacity,stackexchange,ARC,100,0,20000,1.0,1.1,6,1,0.41935,0.0002384642899725766,8387,14.118399319704622,9.554310992825776,200,99.6852,4.0,20.566124153930165,0.8
drift-capacity,stackexchange,ARC,100,1,20000,1.0,1.1,6,1,0.4009,0.0002494387627837366,8018,15.175148693379015,10.379169677617028,200,99.713,4.0,22.30010713527816,0.8
drift-capacity,stackexchange,ARC,100,2,20000,1.0,1.1,6,1,0.4063,0.0002461235540241201,8126,17.60482484824024,11.93029765272513,200,99.67475,2.0,25.081006990154556,0.8
drift-capacity,stackexchange,ARC,100,3,20000,1.0,1.1,6,1,0.3891,0.00025700334104343357,7782,14.025042083812878,9.546945063630119,200,99.73265,4.0,21.921372901841956,0.8
drift-capacity,stackexchange,ARC,100,4,20000,1.0,1.1,6,1,0.3909,0.00025581990278843696,7818,14.458320545963943,9.911747422302142,200,99.6882,1.0,19.59613485315035,0.8
drift-capacity,stackexchange,ARC,200,0,20000,1.0,1.1,6,1,0.4564,0.0006573181419807187,9128,16.642836877144873,10.379136563278735,400,198.59535,83.40007083553205,84.89158181539493,0.8
drift-capacity,stackexchange,ARC,200,1,20000,1.0,1.1,6,1,0.4362,0.000343878954607978,8724,17.78214401565492,11.392709956271574,400,198.69615,80.33716913375015,89.61580565857402,0.8
drift-capacity,stackexchange,ARC,200,2,20000,1.0,1.1,6,1,0.4418,0.0007922136713444998,8836,14.619011944159865,9.257353260181844,400,198.59975,88.48610651625287,91.59435725764604,0.8
drift-capacity,stackexchange,ARC,200,3,20000,1.0,1.1,6,1,0.42735,0.000351000351000351,8547,15.391420596279204,9.941994055407122,400,198.8185,85.02143564233798,85.03136141878288,0.8
drift-capacity,stackexchange,LRU,800,4,20000,1.0,1.1,6,1,0.51755,0.002705052651917689,10351,14.217802259372547,2.453565603354946,0,771.91665,,,0.8
drift-capacity,stackexchange,LRU,1600,0,20000,1.0,1.1,6,1,0.5541,0.003519220357336221,11082,25.84804103244096,3.442914626793936,0,1472.0991,,,0.8
drift-capacity,stackexchange,LRU,1600,1,20000,1.0,1.1,6,1,0.53885,0.0036188178528347406,10777,20.516565529396757,2.3923004744574428,0,1473.66225,,,0.8
drift-capacity,stackexchange,LRU,1600,2,20000,1.0,1.1,6,1,0.5491,0.0020032780914223274,10982,19.813241250813007,2.5895107770338655,0,1474.40435,,,0.8
drift-capacity,stackexchange,LFU,50,0,20000,1.0,1.1,6,1,0.1133,0.00088261253309797,2266,7.159695291193202,3.1091424636542797,0,49.92555,,,0.8
drift-capacity,stackexchange,LFU,50,1,20000,1.0,1.1,6,1,0.1075,0.0,2150,7.415719865821302,3.3109654614236206,0,49.93325,,,0.8
drift-capacity,stackexchange,LFU,50,2,20000,1.0,1.1,6,1,0.12685,0.0,2537,7.0008500188123435,3.1349500524811447,0,49.9259,,,0.8
drift-capacity,stackexchange,LFU,50,3,20000,1.0,1.1,6,1,0.07145,0.0,1429,7.984754559583962,3.609115321887657,0,49.93875,,,0.8
drift-capacity,stackexchange,LRU,1600,3,20000,1.0,1.1,6,1,0.53985,0.006575900713161063,10797,24.001532077090815,2.8275250282604247,0,1487.55345,,,0.8
drift-capacity,stackexchange,LRU,1600,4,20000,1.0,1.1,6,1,0.54125,0.0042494226327944576,10825,24.869045458035544,3.4237291722092777,0,1472.863,,,0.8
drift-capacity,stackexchange,ARC,50,0,20000,1.0,1.1,6,1,0.3648,0.00027412280701754384,7296,13.38543689926155,9.516324586002156,100,49.92555,4.0,6.360403102884179,0.8
drift-capacity,stackexchange,ARC,50,1,20000,1.0,1.1,6,1,0.34905,0.0,6981,14.220696402480826,10.242405481403694,100,49.93325,1.0,6.2530551359826,0.8
drift-capacity,stackexchange,ARC,200,4,20000,1.0,1.1,6,1,0.4327,0.0009244280101687081,8654,18.12133348430507,11.712969141080976,400,198.63935,72.95362290980756,81.22990489265587,0.8
drift-capacity,stackexchange,ARC,400,0,20000,1.0,1.1,6,1,0.493,0.0011156186612576065,9860,18.026464071590453,10.246157640358433,800,393.70535,269.2438859441648,179.4914686050245,0.8
drift-capacity,stackexchange,ARC,400,1,20000,1.0,1.1,6,1,0.47215,0.0007412898443291327,9443,17.38611578475684,10.08532716659829,800,394.01975,249.27908377070656,187.0708614973411,0.8
drift-capacity,stackexchange,ARC,400,2,20000,1.0,1.1,6,1,0.48175,0.0004151530877010898,9635,18.00736386794597,10.302948439493775,800,393.80925,260.13029396964424,189.32770309732118,0.8
drift-capacity,stackexchange,LFU,50,4,20000,1.0,1.1,6,1,0.1112,0.0004496402877697842,2224,7.044543180381879,3.109817736549303,0,49.92855,,,0.8
drift-capacity,stackexchange,LFU,100,0,20000,1.0,1.1,6,1,0.1941,0.00025759917568263783,3882,7.557793543674052,3.0387670907657593,0,99.6852,,,0.8
drift-capacity,stackexchange,LFU,100,1,20000,1.0,1.1,6,1,0.165,0.0009090909090909091,3300,7.449452928267419,3.0137418303638697,0,99.713,,,0.8
drift-capacity,stackexchange,LFU,100,2,20000,1.0,1.1,6,1,0.18985,0.0,3797,7.741538365371525,3.049452987033874,0,99.67475,,,0.8
drift-capacity,stackexchange,ARC,400,3,20000,1.0,1.1,6,1,0.47085,0.002654773282361686,9417,22.21172678982839,12.977361207595095,800,394.77585,266.0189842266379,202.66026518695546,0.8
drift-capacity,stackexchange,ARC,400,4,20000,1.0,1.1,6,1,0.47205,0.0010592098294672175,9441,17.86479300353676,10.245213250163943,800,393.70195,252.7690527125296,183.66915791597762,0.8
drift-capacity,stackexchange,ARC,800,0,20000,1.0,1.1,6,1,0.5227,0.002487086282762579,10454,23.05965111590922,11.411616712575778,1600,772.4007,473.17094486526753,215.82455755676958,0.8
drift-capacity,stackexchange,ARC,800,1,20000,1.0,1.1,6,1,0.50415,0.0017851829812555787,10083,24.067145260050893,11.897343880264089,1600,772.45885,485.1714222109762,216.4520156438166,0.8
drift-capacity,stackexchange,LFU,100,3,20000,1.0,1.1,6,1,0.1392,0.00035919540229885057,2784,8.276355831185356,3.444723814027384,0,99.73265,,,0.8
drift-capacity,stackexchange,LFU,100,4,20000,1.0,1.1,6,1,0.1757,0.0022766078542970974,3514,7.136939815245569,2.83654899103567,0,99.6882,,,0.8
drift-capacity,stackexchange,LFU,200,0,20000,1.0,1.1,6,1,0.2428,0.00020593080724876442,4856,7.968088780762628,2.6370280189439654,0,198.59535,,,0.8
drift-capacity,stackexchange,LFU,200,1,20000,1.0,1.1,6,1,0.2231,0.0017929179740026895,4462,9.191310650203377,3.044333145953715,0,198.69615,,,0.8
drift-capacity,stackexchange,LFU,200,2,20000,1.0,1.1,6,1,0.24385,0.0006151322534344885,4877,8.053666795603931,2.7245007222518325,0,198.59975,,,0.8
drift-capacity,stackexchange,LFU,200,3,20000,1.0,1.1,6,1,0.2089,0.005026328386787937,4178,8.453584037488326,2.8172236285172403,0,198.8185,,,0.8
drift-capacity,stackexchange,LFU,200,4,20000,1.0,1.1,6,1,0.2228,0.0020197486535008975,4456,8.507470920449123,2.896600542590022,0,198.63935,,,0.8
drift-capacity,stackexchange,LFU,400,0,20000,1.0,1.1,6,1,0.2942,0.0010197144799456153,5884,12.974121182924137,3.6864060966763645,0,393.70535,,,0.8
drift-capacity,stackexchange,LFU,400,1,20000,1.0,1.1,6,1,0.26165,0.0007643798968087139,5233,10.519500588998199,2.8772694582585245,0,394.01975,,,0.8
drift-capacity,stackexchange,LFU,400,2,20000,1.0,1.1,6,1,0.2842,0.0003518648838845883,5684,10.294402675935999,2.710449224105105,0,393.80925,,,0.8
drift-capacity,stackexchange,LFU,400,3,20000,1.0,1.1,6,1,0.26815,0.004102181614767854,5363,11.394996149465442,3.1736764241941273,0,394.77585,,,0.8
drift-capacity,stackexchange,LFU,400,4,20000,1.0,1.1,6,1,0.26325,0.0036087369420702755,5265,12.281765893567353,3.360765369143337,0,393.70195,,,0.8
drift-capacity,stackexchange,ARC,800,2,20000,1.0,1.1,6,1,0.51525,0.0021348859776807376,10305,27.451978746103123,14.239372161682695,1600,772.3367,490.9378040894468,230.82277510920895,0.8
drift-capacity,stackexchange,ARC,800,3,20000,1.0,1.1,6,1,0.5033,0.0032783628054838068,10066,23.201365588465706,11.839794117258862,1600,776.37525,541.8346283485172,258.91840219610344,0.8
drift-capacity,stackexchange,ARC,800,4,20000,1.0,1.1,6,1,0.5073,0.0027597082594125765,10146,24.049193045357242,11.98315701331012,1600,771.91665,523.1753819883778,235.77422047257917,0.8
drift-capacity,stackexchange,ARC,1600,0,20000,1.0,1.1,6,1,0.54085,0.004160118332254784,10817,37.1127168124076,14.876921469112858,3200,1472.0991,340.17797454344213,83.05723689541114,0.8
drift-capacity,stackexchange,ARC-exact,50,2,20000,1.0,1.1,6,1,0.2136,0.0,4272,11.01762656471692,7.050245115533471,100,49.9259,0.0,0.0,0.8
drift-capacity,stackexchange,ARC-exact,50,3,20000,1.0,1.1,6,1,0.16965,0.0002947244326554671,3393,11.754782038042322,7.62986166519113,100,49.93875,0.0,0.0,0.8
drift-capacity,stackexchange,ARC-exact,50,4,20000,1.0,1.1,6,1,0.18375,0.0,3675,14.127148903207853,9.234151954296976,100,49.92855,0.0,0.0,0.8
drift-capacity,stackexchange,ARC-exact,100,0,20000,1.0,1.1,6,1,0.23635,0.0006346519991537973,4727,11.015389079693705,6.647338776383549,200,99.6852,0.0,0.0,0.8
drift-capacity,stackexchange,LFU,800,0,20000,1.0,1.1,6,1,0.36595,0.003552397868561279,7319,15.026178496191278,2.781932067591697,0,772.4007,,,0.8
drift-capacity,stackexchange,LFU,800,1,20000,1.0,1.1,6,1,0.33995,0.00529489630828063,6799,15.574783476768062,3.3179358928464353,0,772.45885,,,0.8
drift-capacity,stackexchange,LFU,800,2,20000,1.0,1.1,6,1,0.3657,0.0027344818156959257,7314,16.28159136744216,3.183413721853867,0,772.3367,,,0.8
drift-capacity,stackexchange,LFU,800,3,20000,1.0,1.1,6,1,0.3363,0.009961344038061254,6726,13.575245829997584,2.757434727391228,0,776.37525,,,0.8
drift-capacity,stackexchange,ARC-exact,100,1,20000,1.0,1.1,6,1,0.20045,0.0,4009,11.753014696296304,7.273133058333769,200,99.713,0.0,0.0,0.8
drift-capacity,stackexchange,ARC-exact,100,2,20000,1.0,1.1,6,1,0.2365,0.0,4730,14.867846586275846,8.987409324618056,200,99.67475,0.0,0.0,0.8
drift-capacity,stackexchange,ARC-exact,100,3,20000,1.0,1.1,6,1,0.1936,0.00025826446280991736,3872,11.736860388191417,7.1611635852605104,200,99.73265,0.0,0.0,0.8
drift-capacity,stackexchange,ARC-exact,100,4,20000,1.0,1.1,6,1,0.20735,0.0019291053773812395,4147,11.451818165369332,7.083374483045191,200,99.6882,0.0,0.0,0.8
drift-capacity,stackexchange,LFU,1600,3,20000,1.0,1.1,6,1,0.3889,0.012213936744664438,7778,21.46891464944929,3.148698416771367,0,1487.55345,,,0.8
drift-capacity,stackexchange,LFU,1600,4,20000,1.0,1.1,6,1,0.5164,0.004647560030983733,10328,25.96451076096855,3.737949568312615,0,1472.863,,,0.8
drift-capacity,stackexchange,ARC-exact,50,0,20000,1.0,1.1,6,1,0.2105,0.0,4210,10.99003532435745,7.067745394306257,100,49.92555,0.0,0.0,0.8
drift-capacity,stackexchange,ARC-exact,50,1,20000,1.0,1.1,6,1,0.1796,0.0,3592,10.640143562341109,6.940256949746981,100,49.93325,0.0,0.0,0.8
drift-capacity,stackexchange,ARC-exact,200,0,20000,1.0,1.1,6,1,0.26915,0.0005573100501579045,5383,13.527838699519634,7.458243431756273,400,198.59535,0.0,0.0,0.8
drift-capacity,stackexchange,ARC-exact,200,1,20000,1.0,1.1,6,1,0.23665,0.001690259877456159,4733,15.284106525359675,8.620772120775655,400,198.69615,0.0,0.0,0.8
drift-capacity,stackexchange,ARC-exact,200,2,20000,1.0,1.1,6,1,0.27945,0.0001789228842368939,5589,12.574893445707858,6.939573318231851,400,198.59975,0.0,0.0,0.8
drift-capacity,stackexchange,ARC-exact,200,3,20000,1.0,1.1,6,1,0.2288,0.00043706293706293706,4576,12.08887041429989,6.645300571108237,400,198.8185,0.0,0.0,0.8
drift-capacity,stackexchange,LFU,800,4,20000,1.0,1.1,6,1,0.3501,0.003998857469294488,7002,14.598192000994459,2.795171062462032,0,771.91665,,,0.8
drift-capacity,stackexchange,LFU,1600,0,20000,1.0,1.1,6,1,0.53605,0.004290644529428225,10721,24.6644651342649,3.5765244683716446,0,1472.0991,,,0.8
drift-capacity,stackexchange,LFU,1600,1,20000,1.0,1.1,6,1,0.5127,0.004876145894285157,10254,21.507906465558335,2.811141178244725,0,1473.66225,,,0.8
drift-capacity,stackexchange,LFU,1600,2,20000,1.0,1.1,6,1,0.5261,0.0033263638091617564,10522,23.004749277606606,2.58917921455577,0,1474.40435,,,0.8
drift-capacity,stackexchange,ARC-exact,200,4,20000,1.0,1.1,6,1,0.2407,0.002077274615704196,4814,15.001540270168334,8.311288797995076,400,198.63935,0.0,0.0,0.8
drift-capacity,stackexchange,ARC-exact,400,0,20000,1.0,1.1,6,1,0.33635,0.0026757841534116246,6727,14.627814304549247,6.739893968915567,800,393.70535,0.0,0.0,0.8
drift-capacity,stackexchange,ARC-exact,400,1,20000,1.0,1.1,6,1,0.3132,0.002075351213282248,6264,13.38200744939968,6.330642430111766,800,394.01975,0.0,0.0,0.8
drift-capacity,stackexchange,ARC-exact,400,2,20000,1.0,1.1,6,1,0.3388,0.00029515938606847696,6776,12.827989587094635,5.198018526425585,800,393.80925,0.0,0.0,0.8
drift-capacity,stackexchange,ARC,1600,1,20000,1.0,1.1,6,1,0.5217,0.004600345025876941,10434,31.886177946580574,12.90177091723308,3200,1473.66225,391.21398351689584,98.18076593329019,0.8
drift-capacity,stackexchange,ARC,1600,2,20000,1.0,1.1,6,1,0.53255,0.003473852220448784,10651,33.12035980634391,13.242571521550417,3200,1474.40435,380.2130175236929,87.27838173204124,0.8
drift-capacity,stackexchange,ARC,1600,3,20000,1.0,1.1,6,1,0.52025,0.009610764055742432,10405,38.80221376311965,15.730451478157194,3200,1487.55345,433.85648090040814,129.37790402967246,0.8
drift-capacity,stackexchange,ARC,1600,4,20000,1.0,1.1,6,1,0.5245,0.004861773117254528,10490,32.38000484998338,12.027717311866581,3200,1472.863,368.6055594894616,96.23797485585865,0.8
drift-capacity,stackexchange,ARC-exact,400,3,20000,1.0,1.1,6,1,0.2843,0.0038691523039043265,5686,17.78791499673389,8.735082927159965,800,394.77585,0.0,0.0,0.8
drift-capacity,stackexchange,ARC-exact,400,4,20000,1.0,1.1,6,1,0.30785,0.0034107519896053274,6157,14.02424486586824,6.678054021904245,800,393.70195,0.0,0.0,0.8
drift-capacity,stackexchange,ARC-exact,800,0,20000,1.0,1.1,6,1,0.4364,0.003093492208982585,8728,18.45737596740946,5.972512572770938,1600,772.4007,0.0,0.0,0.8
drift-capacity,stackexchange,ARC-exact,800,1,20000,1.0,1.1,6,1,0.4319,0.0028941884695531375,8638,14.581095066387206,4.939180845394731,1600,772.45885,0.0,0.0,0.8
drift-capacity,stackexchange,ARC-exact,800,2,20000,1.0,1.1,6,1,0.43015,0.002324770428920144,8603,18.689827440539375,6.304971926147118,1600,772.3367,0.0,0.0,0.8
drift-capacity,stackexchange,ARC-exact,800,3,20000,1.0,1.1,6,1,0.3855,0.008560311284046693,7710,18.473657954018563,6.373451114632189,1600,776.37525,0.0,0.0,0.8
drift-capacity,stackexchange,ARC-exact,800,4,20000,1.0,1.1,6,1,0.40815,0.0031851035158642657,8163,16.380600258708,4.951047658687457,1600,771.91665,0.0,0.0,0.8
drift-capacity,stackexchange,ARC-exact,1600,0,20000,1.0,1.1,6,1,0.53985,0.004260442715569139,10797,15.410544839687645,4.581683897413313,3029,1472.0991,0.0,0.0,0.8
drift-capacity,stackexchange,ARC-exact,1600,1,20000,1.0,1.1,6,1,0.51965,0.004810930433945925,10393,23.311126802582294,5.760798882693052,3038,1473.66225,0.0,0.0,0.8
drift-capacity,stackexchange,ARC-exact,1600,2,20000,1.0,1.1,6,1,0.52955,0.003115853082806156,10591,25.343382672872394,5.050129082519561,3065,1474.40435,0.0,0.0,0.8
drift-capacity,stackexchange,ARC-exact,1600,3,20000,1.0,1.1,6,1,0.5129,0.00935854942483915,10258,13.355945353396237,4.150001681409776,3121,1487.55345,0.0,0.0,0.8
drift-capacity,stackexchange,ARC-exact,1600,4,20000,1.0,1.1,6,1,0.5213,0.004699788989065797,10426,12.057685264153406,3.773051156895235,3079,1472.863,0.0,0.0,0.8
