trace,policy,capacity,seed,step,p
quora-drift,ARC,400,0,0,0.0
quora-drift,ARC,400,0,10,0.0
quora-drift,ARC,400,0,20,0.0
quora-drift,ARC,400,0,30,0.0
quora-drift,ARC,400,0,40,0.0
quora-drift,ARC,400,0,50,0.0
quora-drift,ARC,400,0,60,0.0
quora-drift,ARC,400,0,70,0.0
quora-drift,ARC,400,0,80,0.0
quora-drift,ARC,400,0,90,0.0
quora-drift,ARC,400,0,100,0.0
quora-drift,ARC,400,0,110,0.0
quora-drift,ARC,400,0,120,0.0
quora-drift,ARC,400,0,130,0.0
quora-drift,ARC,400,0,140,0.0
quora-drift,ARC,400,0,150,0.0
quora-drift,ARC,400,0,160,0.0
quora-drift,ARC,400,0,170,0.0
quora-drift,ARC,400,0,180,0.0
quora-drift,ARC,400,0,190,0.0
quora-drift,ARC,400,0,200,0.0
quora-drift,ARC,400,0,210,0.0
quora-drift,ARC,400,0,220,0.0
quora-drift,ARC,400,0,230,0.0
quora-drift,ARC,400,0,240,0.0
quora-drift,ARC,400,0,250,0.0
quora-drift,ARC,400,0,260,0.0
quora-drift,ARC,400,0,270,0.0
quora-drift,ARC,400,0,280,0.0
quora-drift,ARC,400,0,290,0.0
quora-drift,ARC,400,0,300,0.0
quora-drift,ARC,400,0,310,0.0
quora-drift,ARC,400,0,320,0.0
quora-drift,ARC,400,0,330,0.0
quora-drift,ARC,400,0,340,0.0
quora-drift,ARC,400,0,350,0.0
quora-drift,ARC,400,0,360,0.0
quora-drift,ARC,400,0,370,0.0
quora-drift,ARC,400,0,380,0.0
quora-drift,ARC,400,0,390,0.0
quora-drift,ARC,400,0,400,0.0
quora-drift,ARC,400,0,410,0.0
quora-drift,ARC,400,0,420,0.0
quora-drift,ARC,400,0,430,0.0
quora-drift,ARC,400,0,440,0.0
quora-drift,ARC,400,0,450,0.0
quora-drift,ARC,400,0,460,0.0
quora-drift,ARC,400,0,470,0.0
quora-drift,ARC,400,0,480,0.0
quora-drift,ARC,400,0,490,0.0
quora-drift,ARC,400,0,500,0.0
quora-drift,ARC,400,0,510,0.0
quora-drift,ARC,400,0,520,0.0
quora-drift,ARC,400,0,530,0.0
quora-drift,ARC,400,0,540,0.0
quora-drift,ARC,400,0,550,0.0
quora-drift,ARC,400,0,560,0.0
quora-drift,ARC,400,0,570,0.0
quora-drift,ARC,400,0,580,0.0
quora-drift,ARC,400,0,590,0.0
quora-drift,ARC,400,0,600,0.0
quora-drift,ARC,400,0,610,0.0
quora-drift,ARC,400,0,620,0.0
quora-drift,ARC,400,0,630,0.0
quora-drift,ARC,400,0,640,0.0
quora-drift,ARC,400,0,650,0.0
quora-drift,ARC,400,0,660,0.0
quora-drift,ARC,400,0,670,0.0
quora-drift,ARC,400,0,680,0.0
quora-drift,ARC,400,0,690,0.0
quora-drift,ARC,400,0,700,0.0
quora-drift,ARC,400,0,710,0.0
quora-drift,ARC,400,0,720,0.0
quora-drift,ARC,400,0,730,0.0
quora-drift,ARC,400,0,740,0.0
quora-drift,ARC,400,0,750,0.0
quora-drift,ARC,400,0,760,0.0
quora-drift,ARC,400,0,770,0.0
quora-drift,ARC,400,0,780,0.0
quora-drift,ARC,400,0,790,0.0
quora-drift,ARC,400,0,800,0.0
quora-drift,ARC,400,0,810,0.0
quora-drift,ARC,400,0,820,0.0
quora-drift,ARC,400,0,830,0.0
quora-drift,ARC,400,0,840,0.0
quora-drift,ARC,400,0,850,0.0
quora-drift,ARC,400,0,860,0.0
quora-drift,ARC,400,0,870,0.0
quora-drift,ARC,400,0,880,0.0
quora-drift,ARC,400,0,890,0.0
quora-drift,ARC,400,0,900,0.0
quora-drift,ARC,400,0,910,0.0
quora-drift,ARC,400,0,920,0.0
quora-drift,ARC,400,0,930,0.0
quora-drift,ARC,400,0,940,0.0
quora-drift,ARC,400,0,950,0.0
quora-drift,ARC,400,0,960,0.0
quora-drift,ARC,400,0,970,0.0
quora-drift,ARC,400,0,980,0.0
quora-drift,ARC,400,0,990,0.0
quora-drift,ARC,400,0,1000,0.0
quora-drift,ARC,400,0,1010,0.0
quora-drift,ARC,400,0,1020,0.0
quora-drift,ARC,400,0,1030,0.0
quora-drift,ARC,400,0,1040,0.0
quora-drift,ARC,400,0,1050,1.0
quora-drift,ARC,400,0,1060,1.0
quora-drift,ARC,400,0,1070,2.0
quora-drift,ARC,400,0,1080,2.0
quora-drift,ARC,400,0,1090,2.0
quora-drift,ARC,400,0,1100,2.0
quora-drift,ARC,400,0,1110,2.0
quora-drift,ARC,400,0,1120,3.0
quora-drift,ARC,400,0,1130,3.0
quora-drift,ARC,400,0,1140,3.0
quora-drift,ARC,400,0,1150,4.0
quora-drift,ARC,400,0,1160,4.0
quora-drift,ARC,400,0,1170,4.0
quora-drift,ARC,400,0,1180,4.0
quora-drift,ARC,400,0,1190,4.0
quora-drift,ARC,400,0,1200,4.0
quora-drift,ARC,400,0,1210,4.0
quora-drift,ARC,400,0,1220,4.0
quora-drift,ARC,400,0,1230,4.0
quora-drift,ARC,400,0,1240,4.0
quora-drift,ARC,400,0,1250,4.0
quora-drift,ARC,400,0,1260,4.0
quora-drift,ARC,400,0,1270,4.0
quora-drift,ARC,400,0,1280,5.0
quora-drift,ARC,400,0,1290,5.0
quora-drift,ARC,400,0,1300,5.0
quora-drift,ARC,400,0,1310,5.0
quora-drift,ARC,400,0,1320,6.0
quora-drift,ARC,400,0,1330,6.0
quora-drift,ARC,400,0,1340,6.0
quora-drift,ARC,400,0,1350,6.0
quora-drift,ARC,400,0,1360,6.0
quora-drift,ARC,400,0,1370,6.0
quora-drift,ARC,400,0,1380,6.0
quora-drift,ARC,400,0,1390,6.0
quora-drift,ARC,400,0,1400,7.0
quora-drift,ARC,400,0,1410,7.0
quora-drift,ARC,400,0,1420,7.0
quora-drift,ARC,400,0,1430,7.0
quora-drift,ARC,400,0,1440,7.0
quora-drift,ARC,400,0,1450,7.0
quora-drift,ARC,400,0,1460,7.0
quora-drift,ARC,400,0,1470,7.0
quora-drift,ARC,400,0,1480,8.0
quora-drift,ARC,400,0,1490,8.0
quora-drift,ARC,400,0,1500,9.0
quora-drift,ARC,400,0,1510,9.0
quora-drift,ARC,400,0,1520,11.0
quora-drift,ARC,400,0,1530,11.0
quora-drift,ARC,400,0,1540,11.0
quora-drift,ARC,400,0,1550,11.0
quora-drift,ARC,400,0,1560,12.0
quora-drift,ARC,400,0,1570,12.0
quora-drift,ARC,400,0,1580,12.0
quora-drift,ARC,400,0,1590,13.0
quora-drift,ARC,400,0,1600,14.0
quora-drift,ARC,400,0,1610,14.0
quora-drift,ARC,400,0,1620,14.0
quora-drift,ARC,400,0,1630,14.0
quora-drift,ARC,400,0,1640,14.0
quora-drift,ARC,400,0,1650,14.0
quora-drift,ARC,400,0,1660,14.0
quora-drift,ARC,400,0,1670,15.0
quora-drift,ARC,400,0,1680,16.0
quora-drift,ARC,400,0,1690,17.0
quora-drift,ARC,400,0,1700,17.0
quora-drift,ARC,400,0,1710,18.0
quora-drift,ARC,400,0,1720,18.0
quora-drift,ARC,400,0,1730,18.0
quora-drift,ARC,400,0,1740,18.0
quora-drift,ARC,400,0,1750,18.0
quora-drift,ARC,400,0,1760,19.0
quora-drift,ARC,400,0,1770,19.0
quora-drift,ARC,400,0,1780,19.0
quora-drift,ARC,400,0,1790,19.0
quora-drift,ARC,400,0,1800,20.0
quora-drift,ARC,400,0,1810,20.0
quora-drift,ARC,400,0,1820,21.0
quora-drift,ARC,400,0,1830,22.0
quora-drift,ARC,400,0,1840,22.0
quora-drift,ARC,400,0,1850,22.0
quora-drift,ARC,400,0,1860,22.0
quora-drift,ARC,400,0,1870,25.0
quora-drift,ARC,400,0,1880,25.0
quora-drift,ARC,400,0,1890,25.0
quora-drift,ARC,400,0,1900,25.0
quora-drift,ARC,400,0,1910,25.0
quora-drift,ARC,400,0,1920,25.0
quora-drift,ARC,400,0,1930,25.0
quora-drift,ARC,400,0,1940,25.0
quora-drift,ARC,400,0,1950,26.0
quora-drift,ARC,400,0,1960,26.0
quora-drift,ARC,400,0,1970,28.0
quora-drift,ARC,400,0,1980,28.0
quora-drift,ARC,400,0,1990,29.0
quora-drift,ARC,400,0,2000,30.0
quora-drift,ARC,400,0,2010,30.0
quora-drift,ARC,400,0,2020,30.0
quora-drift,ARC,400,0,2030,30.0
quora-drift,ARC,400,0,2040,30.0
quora-drift,ARC,400,0,2050,31.0
quora-drift,ARC,400,0,2060,31.0
quora-drift,ARC,400,0,2070,31.0
quora-drift,ARC,400,0,2080,31.0
quora-drift,ARC,400,0,2090,31.0
quora-drift,ARC,400,0,2100,31.0
quora-drift,ARC,400,0,2110,31.0
quora-drift,ARC,400,0,2120,31.0
quora-drift,ARC,400,0,2130,31.0
quora-drift,ARC,400,0,2140,31.0
quora-drift,ARC,400,0,2150,31.0
quora-drift,ARC,400,0,2160,31.0
quora-drift,ARC,400,0,2170,31.0
quora-drift,ARC,400,0,2180,31.0
quora-drift,ARC,400,0,2190,31.0
quora-drift,ARC,400,0,2200,31.0
quora-drift,ARC,400,0,2210,31.0
quora-drift,ARC,400,0,2220,31.0
quora-drift,ARC,400,0,2230,31.0
quora-drift,ARC,400,0,2240,32.0
quora-drift,ARC,400,0,2250,32.0
quora-drift,ARC,400,0,2260,33.0
quora-drift,ARC,400,0,2270,33.0
quora-drift,ARC,400,0,2280,33.0
quora-drift,ARC,400,0,2290,33.0
quora-drift,ARC,400,0,2300,33.0
quora-drift,ARC,400,0,2310,34.0
quora-drift,ARC,400,0,2320,34.0
quora-drift,ARC,400,0,2330,34.0
quora-drift,ARC,400,0,2340,34.0
quora-drift,ARC,400,0,2350,34.0
quora-drift,ARC,400,0,2360,34.0
quora-drift,ARC,400,0,2370,34.0
quora-drift,ARC,400,0,2380,34.0
quora-drift,ARC,400,0,2390,34.0
quora-drift,ARC,400,0,2400,35.0
quora-drift,ARC,400,0,2410,36.0
quora-drift,ARC,400,0,2420,37.0
quora-drift,ARC,400,0,2430,37.0
quora-drift,ARC,400,0,2440,37.0
quora-drift,ARC,400,0,2450,37.0
quora-drift,ARC,400,0,2460,37.0
quora-drift,ARC,400,0,2470,37.0
quora-drift,ARC,400,0,2480,37.0
quora-drift,ARC,400,0,2490,37.0
quora-drift,ARC,400,0,2500,37.0
quora-drift,ARC,400,0,2510,38.0
quora-drift,ARC,400,0,2520,38.0
quora-drift,ARC,400,0,2530,38.0
quora-drift,ARC,400,0,2540,38.0
quora-drift,ARC,400,0,2550,39.0
quora-drift,ARC,400,0,2560,39.0
quora-drift,ARC,400,0,2570,39.0
quora-drift,ARC,400,0,2580,39.0
quora-drift,ARC,400,0,2590,40.0
quora-drift,ARC,400,0,2600,40.0
quora-drift,ARC,400,0,2610,40.0
quora-drift,ARC,400,0,2620,40.0
quora-drift,ARC,400,0,2630,40.0
quora-drift,ARC,400,0,2640,40.0
quora-drift,ARC,400,0,2650,40.0
quora-drift,ARC,400,0,2660,41.0
quora-drift,ARC,400,0,2670,41.0
quora-drift,ARC,400,0,2680,41.0
quora-drift,ARC,400,0,2690,41.0
quora-drift,ARC,400,0,2700,41.0
quora-drift,ARC,400,0,2710,41.0
quora-drift,ARC,400,0,2720,41.0
quora-drift,ARC,400,0,2730,41.0
quora-drift,ARC,400,0,2740,41.0
quora-drift,ARC,400,0,2750,41.0
quora-drift,ARC,400,0,2760,41.0
quora-drift,ARC,400,0,2770,41.0
quora-drift,ARC,400,0,2780,42.0
quora-drift,ARC,400,0,2790,42.0
quora-drift,ARC,400,0,2800,44.0
quora-drift,ARC,400,0,2810,44.0
quora-drift,ARC,400,0,2820,44.0
quora-drift,ARC,400,0,2830,44.0
quora-drift,ARC,400,0,2840,44.0
quora-drift,ARC,400,0,2850,44.0
quora-drift,ARC,400,0,2860,45.0
quora-drift,ARC,400,0,2870,47.0
quora-drift,ARC,400,0,2880,48.0
quora-drift,ARC,400,0,2890,48.0
quora-drift,ARC,400,0,2900,48.0
quora-drift,ARC,400,0,2910,48.0
quora-drift,ARC,400,0,2920,48.0
quora-drift,ARC,400,0,2930,48.0
quora-drift,ARC,400,0,2940,48.0
quora-drift,ARC,400,0,2950,48.0
quora-drift,ARC,400,0,2960,48.0
quora-drift,ARC,400,0,2970,49.0
quora-drift,ARC,400,0,2980,50.0
quora-drift,ARC,400,0,2990,51.0
quora-drift,ARC,400,0,3000,52.0
quora-drift,ARC,400,0,3010,52.0
quora-drift,ARC,400,0,3020,52.0
quora-drift,ARC,400,0,3030,53.0
quora-drift,ARC,400,0,3040,53.0
quora-drift,ARC,400,0,3050,54.0
quora-drift,ARC,400,0,3060,54.0
quora-drift,ARC,400,0,3070,54.0
quora-drift,ARC,400,0,3080,54.0
quora-drift,ARC,400,0,3090,54.0
quora-drift,ARC,400,0,3100,54.0
quora-drift,ARC,400,0,3110,54.0
quora-drift,ARC,400,0,3120,55.0
quora-drift,ARC,400,0,3130,55.0
quora-drift,ARC,400,0,3140,55.0
quora-drift,ARC,400,0,3150,55.0
quora-drift,ARC,400,0,3160,55.0
quora-drift,ARC,400,0,3170,55.0
quora-drift,ARC,400,0,3180,55.0
quora-drift,ARC,400,0,3190,55.0
quora-drift,ARC,400,0,3200,55.0
quora-drift,ARC,400,0,3210,56.0
quora-drift,ARC,400,0,3220,56.0
quora-drift,ARC,400,0,3230,56.0
quora-drift,ARC,400,0,3240,56.0
quora-drift,ARC,400,0,3250,57.0
quora-drift,ARC,400,0,3260,57.0
quora-drift,ARC,400,0,3270,57.0
quora-drift,ARC,400,0,3280,58.0
quora-drift,ARC,400,0,3290,58.0
quora-drift,ARC,400,0,3300,58.0
quora-drift,ARC,400,0,3310,58.0
quora-drift,ARC,400,0,3320,58.0
quora-drift,ARC,400,0,3330,58.0
quora-drift,ARC,400,0,3340,58.0
quora-drift,ARC,400,0,3350,58.0
quora-drift,ARC,400,0,3360,58.0
quora-drift,ARC,400,0,3370,58.0
quora-drift,ARC,400,0,3380,58.0
quora-drift,ARC,400,0,3390,58.0
quora-drift,ARC,400,0,3400,58.0
quora-drift,ARC,400,0,3410,58.0
quora-drift,ARC,400,0,3420,58.0
quora-drift,ARC,400,0,3430,58.0
quora-drift,ARC,400,0,3440,58.0
quora-drift,ARC,400,0,3450,58.0
quora-drift,ARC,400,0,3460,58.0
quora-drift,ARC,400,0,3470,59.0
quora-drift,ARC,400,0,3480,59.0
quora-drift,ARC,400,0,3490,59.0
quora-drift,ARC,400,0,3500,59.0
quora-drift,ARC,400,0,3510,59.0
quora-drift,ARC,400,0,3520,59.0
quora-drift,ARC,400,0,3530,59.0
quora-drift,ARC,400,0,3540,59.0
quora-drift,ARC,400,0,3550,59.0
quora-drift,ARC,400,0,3560,59.0
quora-drift,ARC,400,0,3570,59.0
quora-drift,ARC,400,0,3580,59.0
quora-drift,ARC,400,0,3590,59.0
quora-drift,ARC,400,0,3600,59.0
quora-drift,ARC,400,0,3610,59.0
quora-drift,ARC,400,0,3620,59.0
quora-drift,ARC,400,0,3630,59.0
quora-drift,ARC,400,0,3640,60.0
quora-drift,ARC,400,0,3650,60.0
quora-drift,ARC,400,0,3660,60.0
quora-drift,ARC,400,0,3670,60.0
quora-drift,ARC,400,0,3680,60.0
quora-drift,ARC,400,0,3690,60.0
quora-drift,ARC,400,0,3700,60.0
quora-drift,ARC,400,0,3710,60.0
quora-drift,ARC,400,0,3720,60.0
quora-drift,ARC,400,0,3730,60.0
quora-drift,ARC,400,0,3740,61.0
quora-drift,ARC,400,0,3750,61.0
quora-drift,ARC,400,0,3760,61.0
quora-drift,ARC,400,0,3770,62.0
quora-drift,ARC,400,0,3780,64.0
quora-drift,ARC,400,0,3790,65.0
quora-drift,ARC,400,0,3800,65.0
quora-drift,ARC,400,0,3810,67.0
quora-drift,ARC,400,0,3820,67.0
quora-drift,ARC,400,0,3830,67.0
quora-drift,ARC,400,0,3840,68.0
quora-drift,ARC,400,0,3850,68.0
quora-drift,ARC,400,0,3860,70.0
quora-drift,ARC,400,0,3870,71.0
quora-drift,ARC,400,0,3880,72.0
quora-drift,ARC,400,0,3890,72.0
quora-drift,ARC,400,0,3900,72.0
quora-drift,ARC,400,0,3910,72.0
quora-drift,ARC,400,0,3920,72.0
quora-drift,ARC,400,0,3930,72.0
quora-drift,ARC,400,0,3940,72.0
quora-drift,ARC,400,0,3950,73.0
quora-drift,ARC,400,0,3960,74.0
quora-drift,ARC,400,0,3970,74.0
quora-drift,ARC,400,0,3980,75.0
quora-drift,ARC,400,0,3990,76.0
quora-drift,ARC,400,0,4000,76.0
quora-drift,ARC,400,0,4010,77.0
quora-drift,ARC,400,0,4020,77.0
quora-drift,ARC,400,0,4030,77.0
quora-drift,ARC,400,0,4040,77.0
quora-drift,ARC,400,0,4050,77.0
quora-drift,ARC,400,0,4060,78.0
quora-drift,ARC,400,0,4070,79.0
quora-drift,ARC,400,0,4080,79.0
quora-drift,ARC,400,0,4090,79.0
quora-drift,ARC,400,0,4100,79.0
quora-drift,ARC,400,0,4110,79.0
quora-drift,ARC,400,0,4120,80.0
quora-drift,ARC,400,0,4130,80.0
quora-drift,ARC,400,0,4140,80.0
quora-drift,ARC,400,0,4150,82.0
quora-drift,ARC,400,0,4160,83.0
quora-drift,ARC,400,0,4170,83.0
quora-drift,ARC,400,0,4180,83.0
quora-drift,ARC,400,0,4190,85.0
quora-drift,ARC,400,0,4200,85.0
quora-drift,ARC,400,0,4210,85.0
quora-drift,ARC,400,0,4220,86.0
quora-drift,ARC,400,0,4230,87.0
quora-drift,ARC,400,0,4240,88.0
quora-drift,ARC,400,0,4250,88.0
quora-drift,ARC,400,0,4260,89.0
quora-drift,ARC,400,0,4270,89.0
quora-drift,ARC,400,0,4280,89.0
quora-drift,ARC,400,0,4290,91.0
quora-drift,ARC,400,0,4300,91.0
quora-drift,ARC,400,0,4310,91.0
quora-drift,ARC,400,0,4320,91.0
quora-drift,ARC,400,0,4330,91.0
quora-drift,ARC,400,0,4340,92.0
quora-drift,ARC,400,0,4350,93.0
quora-drift,ARC,400,0,4360,93.0
quora-drift,ARC,400,0,4370,95.0
quora-drift,ARC,400,0,4380,95.0
quora-drift,ARC,400,0,4390,96.0
quora-drift,ARC,400,0,4400,96.0
quora-drift,ARC,400,0,4410,97.0
quora-drift,ARC,400,0,4420,97.0
quora-drift,ARC,400,0,4430,99.0
quora-drift,ARC,400,0,4440,99.0
quora-drift,ARC,400,0,4450,99.0
quora-drift,ARC,400,0,4460,100.0
quora-drift,ARC,400,0,4470,100.0
quora-drift,ARC,400,0,4480,100.0
quora-drift,ARC,400,0,4490,100.0
quora-drift,ARC,400,0,4500,101.0
quora-drift,ARC,400,0,4510,102.0
quora-drift,ARC,400,0,4520,103.0
quora-drift,ARC,400,0,4530,103.0
quora-drift,ARC,400,0,4540,103.0
quora-drift,ARC,400,0,4550,104.0
quora-drift,ARC,400,0,4560,104.0
quora-drift,ARC,400,0,4570,105.0
quora-drift,ARC,400,0,4580,107.0
quora-drift,ARC,400,0,4590,107.0
quora-drift,ARC,400,0,4600,108.0
quora-drift,ARC,400,0,4610,108.0
quora-drift,ARC,400,0,4620,108.0
quora-drift,ARC,400,0,4630,108.0
quora-drift,ARC,400,0,4640,108.0
quora-drift,ARC,400,0,4650,109.0
quora-drift,ARC,400,0,4660,109.0
quora-drift,ARC,400,0,4670,109.0
quora-drift,ARC,400,0,4680,109.0
quora-drift,ARC,400,0,4690,109.0
quora-drift,ARC,400,0,4700,104.60606060606061
quora-drift,ARC,400,0,4710,106.60606060606061
quora-drift,ARC,400,0,4720,106.60606060606061
quora-drift,ARC,400,0,4730,106.60606060606061
quora-drift,ARC,400,0,4740,106.60606060606061
quora-drift,ARC,400,0,4750,106.60606060606061
quora-drift,ARC,400,0,4760,106.60606060606061
quora-drift,ARC,400,0,4770,107.60606060606061
quora-drift,ARC,400,0,4780,107.60606060606061
quora-drift,ARC,400,0,4790,107.60606060606061
quora-drift,ARC,400,0,4800,107.60606060606061
quora-drift,ARC,400,0,4810,109.60606060606061
quora-drift,ARC,400,0,4820,109.60606060606061
quora-drift,ARC,400,0,4830,110.60606060606061
quora-drift,ARC,400,0,4840,110.60606060606061
quora-drift,ARC,400,0,4850,110.60606060606061
quora-drift,ARC,400,0,4860,110.60606060606061
quora-drift,ARC,400,0,4870,110.60606060606061
quora-drift,ARC,400,0,4880,111.60606060606061
quora-drift,ARC,400,0,4890,112.60606060606061
quora-drift,ARC,400,0,4900,112.60606060606061
quora-drift,ARC,400,0,4910,113.60606060606061
quora-drift,ARC,400,0,4920,115.60606060606061
quora-drift,ARC,400,0,4930,116.60606060606061
quora-drift,ARC,400,0,4940,116.60606060606061
quora-drift,ARC,400,0,4950,117.60606060606061
quora-drift,ARC,400,0,4960,118.60606060606061
quora-drift,ARC,400,0,4970,119.60606060606061
quora-drift,ARC,400,0,4980,119.60606060606061
quora-drift,ARC,400,0,4990,119.60606060606061
quora-drift,ARC,400,0,5000,119.60606060606061
quora-drift,ARC,400,0,5010,120.60606060606061
quora-drift,ARC,400,0,5020,120.60606060606061
quora-drift,ARC,400,0,5030,121.60606060606061
quora-drift,ARC,400,0,5040,121.60606060606061
quora-drift,ARC,400,0,5050,121.60606060606061
quora-drift,ARC,400,0,5060,123.60606060606061
quora-drift,ARC,400,0,5070,124.60606060606061
quora-drift,ARC,400,0,5080,125.60606060606061
quora-drift,ARC,400,0,5090,126.60606060606061
quora-drift,ARC,400,0,5100,126.60606060606061
quora-drift,ARC,400,0,5110,127.60606060606061
quora-drift,ARC,400,0,5120,127.60606060606061
quora-drift,ARC,400,0,5130,127.60606060606061
quora-drift,ARC,400,0,5140,127.60606060606061
quora-drift,ARC,400,0,5150,128.60606060606062
quora-drift,ARC,400,0,5160,128.60606060606062
quora-drift,ARC,400,0,5170,126.32874968169088
quora-drift,ARC,400,0,5180,126.32874968169088
quora-drift,ARC,400,0,5190,126.32874968169088
quora-drift,ARC,400,0,5200,127.32874968169088
quora-drift,ARC,400,0,5210,127.32874968169088
quora-drift,ARC,400,0,5220,128.32874968169088
quora-drift,ARC,400,0,5230,126.08908026020327
quora-drift,ARC,400,0,5240,128.08908026020327
quora-drift,ARC,400,0,5250,129.08908026020327
quora-drift,ARC,400,0,5260,131.08908026020327
quora-drift,ARC,400,0,5270,131.08908026020327
quora-drift,ARC,400,0,5280,133.08908026020327
quora-drift,ARC,400,0,5290,133.08908026020327
quora-drift,ARC,400,0,5300,133.08908026020327
quora-drift,ARC,400,0,5310,133.08908026020327
quora-drift,ARC,400,0,5320,131.1040056333376
quora-drift,ARC,400,0,5330,131.1040056333376
quora-drift,ARC,400,0,5340,132.1040056333376
quora-drift,ARC,400,0,5350,132.1040056333376
quora-drift,ARC,400,0,5360,132.1040056333376
quora-drift,ARC,400,0,5370,132.1040056333376
quora-drift,ARC,400,0,5380,132.1040056333376
quora-drift,ARC,400,0,5390,132.1040056333376
quora-drift,ARC,400,0,5400,132.1040056333376
quora-drift,ARC,400,0,5410,133.1040056333376
quora-drift,ARC,400,0,5420,133.1040056333376
quora-drift,ARC,400,0,5430,133.1040056333376
quora-drift,ARC,400,0,5440,133.1040056333376
quora-drift,ARC,400,0,5450,134.1040056333376
quora-drift,ARC,400,0,5460,134.1040056333376
quora-drift,ARC,400,0,5470,134.1040056333376
quora-drift,ARC,400,0,5480,136.1040056333376
quora-drift,ARC,400,0,5490,136.1040056333376
quora-drift,ARC,400,0,5500,136.1040056333376
quora-drift,ARC,400,0,5510,137.1040056333376
quora-drift,ARC,400,0,5520,138.1040056333376
quora-drift,ARC,400,0,5530,139.1040056333376
quora-drift,ARC,400,0,5540,142.1040056333376
quora-drift,ARC,400,0,5550,143.1040056333376
quora-drift,ARC,400,0,5560,145.1040056333376
quora-drift,ARC,400,0,5570,145.1040056333376
quora-drift,ARC,400,0,5580,145.1040056333376
quora-drift,ARC,400,0,5590,145.1040056333376
quora-drift,ARC,400,0,5600,145.1040056333376
quora-drift,ARC,400,0,5610,145.1040056333376
quora-drift,ARC,400,0,5620,145.1040056333376
quora-drift,ARC,400,0,5630,145.1040056333376
quora-drift,ARC,400,0,5640,145.1040056333376
quora-drift,ARC,400,0,5650,145.1040056333376
quora-drift,ARC,400,0,5660,145.1040056333376
quora-drift,ARC,400,0,5670,146.1040056333376
quora-drift,ARC,400,0,5680,146.1040056333376
quora-drift,ARC,400,0,5690,146.1040056333376
quora-drift,ARC,400,0,5700,146.1040056333376
quora-drift,ARC,400,0,5710,147.1040056333376
quora-drift,ARC,400,0,5720,148.1040056333376
quora-drift,ARC,400,0,5730,148.1040056333376
quora-drift,ARC,400,0,5740,148.1040056333376
quora-drift,ARC,400,0,5750,148.1040056333376
quora-drift,ARC,400,0,5760,148.1040056333376
quora-drift,ARC,400,0,5770,148.1040056333376
quora-drift,ARC,400,0,5780,148.1040056333376
quora-drift,ARC,400,0,5790,148.1040056333376
quora-drift,ARC,400,0,5800,146.41944187494835
quora-drift,ARC,400,0,5810,146.41944187494835
quora-drift,ARC,400,0,5820,146.41944187494835
quora-drift,ARC,400,0,5830,146.41944187494835
quora-drift,ARC,400,0,5840,148.41944187494835
quora-drift,ARC,400,0,5850,148.41944187494835
quora-drift,ARC,400,0,5860,148.41944187494835
quora-drift,ARC,400,0,5870,148.41944187494835
quora-drift,ARC,400,0,5880,148.41944187494835
quora-drift,ARC,400,0,5890,148.41944187494835
quora-drift,ARC,400,0,5900,148.41944187494835
quora-drift,ARC,400,0,5910,149.41944187494835
quora-drift,ARC,400,0,5920,150.41944187494835
quora-drift,ARC,400,0,5930,151.41944187494835
quora-drift,ARC,400,0,5940,152.41944187494835
quora-drift,ARC,400,0,5950,153.41944187494835
quora-drift,ARC,400,0,5960,153.41944187494835
quora-drift,ARC,400,0,5970,155.41944187494835
quora-drift,ARC,400,0,5980,155.41944187494835
quora-drift,ARC,400,0,5990,155.41944187494835
quora-drift,ARC,400,0,6000,155.41944187494835
quora-drift,ARC,400,0,6010,155.41944187494835
quora-drift,ARC,400,0,6020,155.41944187494835
quora-drift,ARC,400,0,6030,156.41944187494835
quora-drift,ARC,400,0,6040,156.41944187494835
quora-drift,ARC,400,0,6050,157.41944187494835
quora-drift,ARC,400,0,6060,157.41944187494835
quora-drift,ARC,400,0,6070,157.41944187494835
quora-drift,ARC,400,0,6080,157.41944187494835
quora-drift,ARC,400,0,6090,157.41944187494835
quora-drift,ARC,400,0,6100,157.41944187494835
quora-drift,ARC,400,0,6110,157.41944187494835
quora-drift,ARC,400,0,6120,158.41944187494835
quora-drift,ARC,400,0,6130,157.91944187494835
quora-drift,ARC,400,0,6140,158.91944187494835
quora-drift,ARC,400,0,6150,159.91944187494835
quora-drift,ARC,400,0,6160,159.91944187494835
quora-drift,ARC,400,0,6170,160.91944187494835
quora-drift,ARC,400,0,6180,160.91944187494835
quora-drift,ARC,400,0,6190,160.91944187494835
quora-drift,ARC,400,0,6200,161.91944187494835
quora-drift,ARC,400,0,6210,161.91944187494835
quora-drift,ARC,400,0,6220,161.91944187494835
quora-drift,ARC,400,0,6230,161.91944187494835
quora-drift,ARC,400,0,6240,164.91944187494835
quora-drift,ARC,400,0,6250,165.91944187494835
quora-drift,ARC,400,0,6260,166.91944187494835
quora-drift,ARC,400,0,6270,166.91944187494835
quora-drift,ARC,400,0,6280,167.91944187494835
quora-drift,ARC,400,0,6290,167.91944187494835
quora-drift,ARC,400,0,6300,167.91944187494835
quora-drift,ARC,400,0,6310,167.91944187494835
quora-drift,ARC,400,0,6320,167.91944187494835
quora-drift,ARC,400,0,6330,167.91944187494835
quora-drift,ARC,400,0,6340,167.91944187494835
quora-drift,ARC,400,0,6350,168.91944187494835
quora-drift,ARC,400,0,6360,168.91944187494835
quora-drift,ARC,400,0,6370,168.91944187494835
quora-drift,ARC,400,0,6380,168.91944187494835
quora-drift,ARC,400,0,6390,167.55257796962292
quora-drift,ARC,400,0,6400,167.55257796962292
quora-drift,ARC,400,0,6410,167.55257796962292
quora-drift,ARC,400,0,6420,167.55257796962292
quora-drift,ARC,400,0,6430,168.55257796962292
quora-drift,ARC,400,0,6440,168.55257796962292
quora-drift,ARC,400,0,6450,168.55257796962292
quora-drift,ARC,400,0,6460,168.55257796962292
quora-drift,ARC,400,0,6470,167.18571406429749
quora-drift,ARC,400,0,6480,167.18571406429749
quora-drift,ARC,400,0,6490,167.18571406429749
quora-drift,ARC,400,0,6500,165.8047616833451
quora-drift,ARC,400,0,6510,165.8047616833451
quora-drift,ARC,400,0,6520,165.8047616833451
quora-drift,ARC,400,0,6530,166.8047616833451
quora-drift,ARC,400,0,6540,166.8047616833451
quora-drift,ARC,400,0,6550,167.8047616833451
quora-drift,ARC,400,0,6560,167.42380930239273
quora-drift,ARC,400,0,6570,167.04285692144035
quora-drift,ARC,400,0,6580,168.04285692144035
quora-drift,ARC,400,0,6590,166.67599301611492
quora-drift,ARC,400,0,6600,166.67599301611492
quora-drift,ARC,400,0,6610,166.67599301611492
quora-drift,ARC,400,0,6620,166.67599301611492
quora-drift,ARC,400,0,6630,167.67599301611492
quora-drift,ARC,400,0,6640,167.67599301611492
quora-drift,ARC,400,0,6650,167.67599301611492
quora-drift,ARC,400,0,6660,167.67599301611492
quora-drift,ARC,400,0,6670,167.67599301611492
quora-drift,ARC,400,0,6680,166.29504063516254
quora-drift,ARC,400,0,6690,166.29504063516254
quora-drift,ARC,400,0,6700,166.29504063516254
quora-drift,ARC,400,0,6710,166.29504063516254
quora-drift,ARC,400,0,6720,166.29504063516254
quora-drift,ARC,400,0,6730,166.29504063516254
quora-drift,ARC,400,0,6740,166.29504063516254
quora-drift,ARC,400,0,6750,166.29504063516254
quora-drift,ARC,400,0,6760,167.29504063516254
quora-drift,ARC,400,0,6770,167.29504063516254
quora-drift,ARC,400,0,6780,167.29504063516254
quora-drift,ARC,400,0,6790,167.29504063516254
quora-drift,ARC,400,0,6800,167.29504063516254
quora-drift,ARC,400,0,6810,167.29504063516254
quora-drift,ARC,400,0,6820,167.29504063516254
quora-drift,ARC,400,0,6830,167.29504063516254
quora-drift,ARC,400,0,6840,167.29504063516254
quora-drift,ARC,400,0,6850,167.29504063516254
quora-drift,ARC,400,0,6860,167.29504063516254
quora-drift,ARC,400,0,6870,167.29504063516254
quora-drift,ARC,400,0,6880,167.29504063516254
quora-drift,ARC,400,0,6890,167.29504063516254
quora-drift,ARC,400,0,6900,168.29504063516254
quora-drift,ARC,400,0,6910,168.29504063516254
quora-drift,ARC,400,0,6920,168.29504063516254
quora-drift,ARC,400,0,6930,168.29504063516254
quora-drift,ARC,400,0,6940,168.29504063516254
quora-drift,ARC,400,0,6950,168.29504063516254
quora-drift,ARC,400,0,6960,168.29504063516254
quora-drift,ARC,400,0,6970,168.29504063516254
quora-drift,ARC,400,0,6980,168.29504063516254
quora-drift,ARC,400,0,6990,168.29504063516254
quora-drift,ARC,400,0,7000,168.29504063516254
quora-drift,ARC,400,0,7010,168.29504063516254
quora-drift,ARC,400,0,7020,165.54722434888473
quora-drift,ARC,400,0,7030,165.54722434888473
quora-drift,ARC,400,0,7040,165.54722434888473
quora-drift,ARC,400,0,7050,165.54722434888473
quora-drift,ARC,400,0,7060,165.54722434888473
quora-drift,ARC,400,0,7070,165.54722434888473
quora-drift,ARC,400,0,7080,165.54722434888473
quora-drift,ARC,400,0,7090,166.54722434888473
quora-drift,ARC,400,0,7100,166.54722434888473
quora-drift,ARC,400,0,7110,166.54722434888473
quora-drift,ARC,400,0,7120,167.54722434888473
quora-drift,ARC,400,0,7130,167.54722434888473
quora-drift,ARC,400,0,7140,167.54722434888473
quora-drift,ARC,400,0,7150,167.54722434888473
quora-drift,ARC,400,0,7160,167.54722434888473
quora-drift,ARC,400,0,7170,167.54722434888473
quora-drift,ARC,400,0,7180,167.54722434888473
quora-drift,ARC,400,0,7190,167.54722434888473
quora-drift,ARC,400,0,7200,167.54722434888473
quora-drift,ARC,400,0,7210,167.54722434888473
quora-drift,ARC,400,0,7220,167.54722434888473
quora-drift,ARC,400,0,7230,167.54722434888473
quora-drift,ARC,400,0,7240,167.54722434888473
quora-drift,ARC,400,0,7250,168.54722434888473
quora-drift,ARC,400,0,7260,168.54722434888473
quora-drift,ARC,400,0,7270,168.54722434888473
quora-drift,ARC,400,0,7280,168.54722434888473
quora-drift,ARC,400,0,7290,168.54722434888473
quora-drift,ARC,400,0,7300,170.54722434888473
quora-drift,ARC,400,0,7310,171.54722434888473
quora-drift,ARC,400,0,7320,171.54722434888473
quora-drift,ARC,400,0,7330,171.54722434888473
quora-drift,ARC,400,0,7340,172.54722434888473
quora-drift,ARC,400,0,7350,172.54722434888473
quora-drift,ARC,400,0,7360,172.54722434888473
quora-drift,ARC,400,0,7370,172.54722434888473
quora-drift,ARC,400,0,7380,173.54722434888473
quora-drift,ARC,400,0,7390,174.54722434888473
quora-drift,ARC,400,0,7400,174.54722434888473
quora-drift,ARC,400,0,7410,174.54722434888473
quora-drift,ARC,400,0,7420,175.54722434888473
quora-drift,ARC,400,0,7430,175.54722434888473
quora-drift,ARC,400,0,7440,175.54722434888473
quora-drift,ARC,400,0,7450,176.54722434888473
quora-drift,ARC,400,0,7460,176.54722434888473
quora-drift,ARC,400,0,7470,177.54722434888473
quora-drift,ARC,400,0,7480,177.54722434888473
quora-drift,ARC,400,0,7490,177.54722434888473
quora-drift,ARC,400,0,7500,177.54722434888473
quora-drift,ARC,400,0,7510,177.54722434888473
quora-drift,ARC,400,0,7520,177.54722434888473
quora-drift,ARC,400,0,7530,177.54722434888473
quora-drift,ARC,400,0,7540,176.30003333764878
quora-drift,ARC,400,0,7550,177.30003333764878
quora-drift,ARC,400,0,7560,177.30003333764878
quora-drift,ARC,400,0,7570,177.30003333764878
quora-drift,ARC,400,0,7580,178.30003333764878
quora-drift,ARC,400,0,7590,179.30003333764878
quora-drift,ARC,400,0,7600,180.30003333764878
quora-drift,ARC,400,0,7610,180.30003333764878
quora-drift,ARC,400,0,7620,182.30003333764878
quora-drift,ARC,400,0,7630,183.30003333764878
quora-drift,ARC,400,0,7640,184.30003333764878
quora-drift,ARC,400,0,7650,184.30003333764878
quora-drift,ARC,400,0,7660,185.30003333764878
quora-drift,ARC,400,0,7670,185.30003333764878
quora-drift,ARC,400,0,7680,186.30003333764878
quora-drift,ARC,400,0,7690,186.30003333764878
quora-drift,ARC,400,0,7700,188.30003333764878
quora-drift,ARC,400,0,7710,190.30003333764878
quora-drift,ARC,400,0,7720,191.30003333764878
quora-drift,ARC,400,0,7730,191.30003333764878
quora-drift,ARC,400,0,7740,191.30003333764878
quora-drift,ARC,400,0,7750,191.30003333764878
quora-drift,ARC,400,0,7760,191.30003333764878
quora-drift,ARC,400,0,7770,193.30003333764878
quora-drift,ARC,400,0,7780,193.30003333764878
quora-drift,ARC,400,0,7790,193.30003333764878
quora-drift,ARC,400,0,7800,193.30003333764878
quora-drift,ARC,400,0,7810,193.30003333764878
quora-drift,ARC,400,0,7820,194.30003333764878
quora-drift,ARC,400,0,7830,195.30003333764878
quora-drift,ARC,400,0,7840,195.30003333764878
quora-drift,ARC,400,0,7850,195.30003333764878
quora-drift,ARC,400,0,7860,196.30003333764878
quora-drift,ARC,400,0,7870,196.30003333764878
quora-drift,ARC,400,0,7880,196.30003333764878
quora-drift,ARC,400,0,7890,197.30003333764878
quora-drift,ARC,400,0,7900,197.30003333764878
quora-drift,ARC,400,0,7910,198.30003333764878
quora-drift,ARC,400,0,7920,198.30003333764878
quora-drift,ARC,400,0,7930,199.30003333764878
quora-drift,ARC,400,0,7940,199.30003333764878
quora-drift,ARC,400,0,7950,199.30003333764878
quora-drift,ARC,400,0,7960,200.30003333764878
quora-drift,ARC,400,0,7970,200.30003333764878
quora-drift,ARC,400,0,7980,200.30003333764878
quora-drift,ARC,400,0,7990,200.30003333764878
quora-drift,ARC,400,0,8000,202.33028560910708
quora-drift,ARC,400,0,8010,202.33028560910708
quora-drift,ARC,400,0,8020,202.33028560910708
quora-drift,ARC,400,0,8030,202.33028560910708
quora-drift,ARC,400,0,8040,202.33028560910708
quora-drift,ARC,400,0,8050,202.3504876293091
quora-drift,ARC,400,0,8060,202.3504876293091
quora-drift,ARC,400,0,8070,203.38094448210097
quora-drift,ARC,400,0,8080,203.38094448210097
quora-drift,ARC,400,0,8090,203.38094448210097
quora-drift,ARC,400,0,8100,202.38094448210097
quora-drift,ARC,400,0,8110,203.41140133489284
quora-drift,ARC,400,0,8120,203.41140133489284
quora-drift,ARC,400,0,8130,203.41140133489284
quora-drift,ARC,400,0,8140,203.41140133489284
quora-drift,ARC,400,0,8150,203.41140133489284
quora-drift,ARC,400,0,8160,203.41140133489284
quora-drift,ARC,400,0,8170,203.41140133489284
quora-drift,ARC,400,0,8180,203.41140133489284
quora-drift,ARC,400,0,8190,203.41140133489284
quora-drift,ARC,400,0,8200,203.41140133489284
quora-drift,ARC,400,0,8210,204.45221766142345
quora-drift,ARC,400,0,8220,204.45221766142345
quora-drift,ARC,400,0,8230,205.5034997127055
quora-drift,ARC,400,0,8240,205.5034997127055
quora-drift,ARC,400,0,8250,205.5034997127055
quora-drift,ARC,400,0,8260,205.5034997127055
quora-drift,ARC,400,0,8270,206.56535538280858
quora-drift,ARC,400,0,8280,206.56535538280858
quora-drift,ARC,400,0,8290,206.56535538280858
quora-drift,ARC,400,0,8300,205.56535538280858
quora-drift,ARC,400,0,8310,206.62721105291166
quora-drift,ARC,400,0,8320,206.62721105291166
quora-drift,ARC,400,0,8330,206.62721105291166
quora-drift,ARC,400,0,8340,206.62721105291166
quora-drift,ARC,400,0,8350,206.62721105291166
quora-drift,ARC,400,0,8360,207.6997499130153
quora-drift,ARC,400,0,8370,207.6997499130153
quora-drift,ARC,400,0,8380,207.6997499130153
quora-drift,ARC,400,0,8390,207.6997499130153
quora-drift,ARC,400,0,8400,208.78308324634864
quora-drift,ARC,400,0,8410,208.78308324634864
quora-drift,ARC,400,0,8420,209.87732408404497
quora-drift,ARC,400,0,8430,209.87732408404497
quora-drift,ARC,400,0,8440,209.87732408404497
quora-drift,ARC,400,0,8450,209.87732408404497
quora-drift,ARC,400,0,8460,210.9825872419397
quora-drift,ARC,400,0,8470,210.9825872419397
quora-drift,ARC,400,0,8480,210.9825872419397
quora-drift,ARC,400,0,8490,210.9825872419397
quora-drift,ARC,400,0,8500,210.9825872419397
quora-drift,ARC,400,0,8510,210.9825872419397
quora-drift,ARC,400,0,8520,210.9825872419397
quora-drift,ARC,400,0,8530,210.9825872419397
quora-drift,ARC,400,0,8540,212.09898935834184
quora-drift,ARC,400,0,8550,212.09898935834184
quora-drift,ARC,400,0,8560,214.3885644259055
quora-drift,ARC,400,0,8570,215.55072658806768
quora-drift,ARC,400,0,8580,215.55072658806768
quora-drift,ARC,400,0,8590,215.55072658806768
quora-drift,ARC,400,0,8600,216.72463963154593
quora-drift,ARC,400,0,8610,216.72463963154593
quora-drift,ARC,400,0,8620,216.72463963154593
quora-drift,ARC,400,0,8630,216.72463963154593
quora-drift,ARC,400,0,8640,216.72463963154593
quora-drift,ARC,400,0,8650,216.72463963154593
quora-drift,ARC,400,0,8660,216.72463963154593
quora-drift,ARC,400,0,8670,217.9104319812727
quora-drift,ARC,400,0,8680,219.10823417907488
quora-drift,ARC,400,0,8690,221.56509327280548
quora-drift,ARC,400,0,8700,220.56509327280548
quora-drift,ARC,400,0,8710,220.56509327280548
quora-drift,ARC,400,0,8720,220.56509327280548
quora-drift,ARC,400,0,8730,220.56509327280548
quora-drift,ARC,400,0,8740,220.56509327280548
quora-drift,ARC,400,0,8750,220.56509327280548
quora-drift,ARC,400,0,8760,221.79973014431386
quora-drift,ARC,400,0,8770,221.79973014431386
quora-drift,ARC,400,0,8780,223.0469211555498
quora-drift,ARC,400,0,8790,222.0469211555498
quora-drift,ARC,400,0,8800,222.0469211555498
quora-drift,ARC,400,0,8810,223.3068081611995
quora-drift,ARC,400,0,8820,224.5795354339268
quora-drift,ARC,400,0,8830,224.86524971964107
quora-drift,ARC,400,0,8840,226.15096400535535
quora-drift,ARC,400,0,8850,227.449814580068
quora-drift,ARC,400,0,8860,227.449814580068
quora-drift,ARC,400,0,8870,227.77539597541684
quora-drift,ARC,400,0,8880,228.1009773707657
quora-drift,ARC,400,0,8890,228.1009773707657
quora-drift,ARC,400,0,8900,228.1009773707657
quora-drift,ARC,400,0,8910,229.4401586573154
quora-drift,ARC,400,0,8920,229.4401586573154
quora-drift,ARC,400,0,8930,228.4401586573154
quora-drift,ARC,400,0,8940,229.77933994386512
quora-drift,ARC,400,0,8950,229.77933994386512
quora-drift,ARC,400,0,8960,228.77933994386512
quora-drift,ARC,400,0,8970,228.77933994386512
quora-drift,ARC,400,0,8980,229.10492133921397
quora-drift,ARC,400,0,8990,229.10492133921397
quora-drift,ARC,400,0,9000,229.10492133921397
quora-drift,ARC,400,0,9010,229.10492133921397
quora-drift,ARC,400,0,9020,231.82472642100998
quora-drift,ARC,400,0,9030,230.82472642100998
quora-drift,ARC,400,0,9040,230.82472642100998
quora-drift,ARC,400,0,9050,230.82472642100998
quora-drift,ARC,400,0,9060,232.19159032633542
quora-drift,ARC,400,0,9070,231.19159032633542
quora-drift,ARC,400,0,9080,230.19159032633542
quora-drift,ARC,400,0,9090,230.19159032633542
quora-drift,ARC,400,0,9100,230.19159032633542
quora-drift,ARC,400,0,9110,230.19159032633542
quora-drift,ARC,400,0,9120,230.19159032633542
quora-drift,ARC,400,0,9130,230.19159032633542
quora-drift,ARC,400,0,9140,231.55845423166085
quora-drift,ARC,400,0,9150,231.55845423166085
quora-drift,ARC,400,0,9160,231.55845423166085
quora-drift,ARC,400,0,9170,231.55845423166085
quora-drift,ARC,400,0,9180,231.55845423166085
quora-drift,ARC,400,0,9190,231.55845423166085
quora-drift,ARC,400,0,9200,231.55845423166085
quora-drift,ARC,400,0,9210,230.55845423166085
quora-drift,ARC,400,0,9220,231.92531813698628
quora-drift,ARC,400,0,9230,230.92531813698628
quora-drift,ARC,400,0,9240,231.2921820423117
quora-drift,ARC,400,0,9250,230.2921820423117
quora-drift,ARC,400,0,9260,229.2921820423117
quora-drift,ARC,400,0,9270,229.2921820423117
quora-drift,ARC,400,0,9280,229.2921820423117
quora-drift,ARC,400,0,9290,229.2921820423117
quora-drift,ARC,400,0,9300,229.2921820423117
quora-drift,ARC,400,0,9310,229.2921820423117
quora-drift,ARC,400,0,9320,228.63136332886143
quora-drift,ARC,400,0,9330,228.63136332886143
quora-drift,ARC,400,0,9340,228.63136332886143
quora-drift,ARC,400,0,9350,227.63136332886143
quora-drift,ARC,400,0,9360,227.63136332886143
quora-drift,ARC,400,0,9370,227.63136332886143
quora-drift,ARC,400,0,9380,227.63136332886143
quora-drift,ARC,400,0,9390,227.63136332886143
quora-drift,ARC,400,0,9400,228.95694472421027
quora-drift,ARC,400,0,9410,228.95694472421027
quora-drift,ARC,400,0,9420,228.95694472421027
quora-drift,ARC,400,0,9430,228.95694472421027
quora-drift,ARC,400,0,9440,228.95694472421027
quora-drift,ARC,400,0,9450,228.95694472421027
quora-drift,ARC,400,0,9460,227.95694472421027
quora-drift,ARC,400,0,9470,227.95694472421027
quora-drift,ARC,400,0,9480,227.95694472421027
quora-drift,ARC,400,0,9490,226.95694472421027
quora-drift,ARC,400,0,9500,226.95694472421027
quora-drift,ARC,400,0,9510,226.95694472421027
quora-drift,ARC,400,0,9520,225.95694472421027
quora-drift,ARC,400,0,9530,225.95694472421027
quora-drift,ARC,400,0,9540,225.95694472421027
quora-drift,ARC,400,0,9550,225.95694472421027
quora-drift,ARC,400,0,9560,225.95694472421027
quora-drift,ARC,400,0,9570,224.95694472421027
quora-drift,ARC,400,0,9580,224.95694472421027
quora-drift,ARC,400,0,9590,224.95694472421027
quora-drift,ARC,400,0,9600,223.95694472421027
quora-drift,ARC,400,0,9610,223.95694472421027
quora-drift,ARC,400,0,9620,223.95694472421027
quora-drift,ARC,400,0,9630,225.22967199693755
quora-drift,ARC,400,0,9640,225.22967199693755
quora-drift,ARC,400,0,9650,225.22967199693755
quora-drift,ARC,400,0,9660,225.22967199693755
quora-drift,ARC,400,0,9670,225.22967199693755
quora-drift,ARC,400,0,9680,225.22967199693755
quora-drift,ARC,400,0,9690,225.22967199693755
quora-drift,ARC,400,0,9700,224.22967199693755
quora-drift,ARC,400,0,9710,224.22967199693755
quora-drift,ARC,400,0,9720,223.22967199693755
quora-drift,ARC,400,0,9730,223.22967199693755
quora-drift,ARC,400,0,9740,223.22967199693755
quora-drift,ARC,400,0,9750,224.50239926966483
quora-drift,ARC,400,0,9760,224.50239926966483
quora-drift,ARC,400,0,9770,223.50239926966483
quora-drift,ARC,400,0,9780,224.77512654239212
quora-drift,ARC,400,0,9790,225.0478538151194
quora-drift,ARC,400,0,9800,226.33356810083367
quora-drift,ARC,400,0,9810,225.63241867554632
quora-drift,ARC,400,0,9820,226.93126925025896
quora-drift,ARC,400,0,9830,228.24340797858267
quora-drift,ARC,400,0,9840,228.24340797858267
quora-drift,ARC,400,0,9850,228.24340797858267
quora-drift,ARC,400,0,9860,228.24340797858267
quora-drift,ARC,400,0,9870,228.24340797858267
quora-drift,ARC,400,0,9880,227.24340797858267
quora-drift,ARC,400,0,9890,227.24340797858267
quora-drift,ARC,400,0,9900,228.56898937393152
quora-drift,ARC,400,0,9910,228.56898937393152
quora-drift,ARC,400,0,9920,228.56898937393152
quora-drift,ARC,400,0,9930,228.56898937393152
quora-drift,ARC,400,0,9940,226.56898937393152
quora-drift,ARC,400,0,9950,224.56898937393152
quora-drift,ARC,400,0,9960,223.56898937393152
quora-drift,ARC,400,0,9970,223.56898937393152
quora-drift,ARC,400,0,9980,223.56898937393152
quora-drift,ARC,400,0,9990,222.56898937393152
quora-drift,ARC,400,0,10000,223.82887637958123
quora-drift,ARC,400,0,10010,224.08876338523095
quora-drift,ARC,400,0,10020,225.37447767094523
quora-drift,ARC,400,0,10030,224.37447767094523
quora-drift,ARC,400,0,10040,224.37447767094523
quora-drift,ARC,400,0,10050,225.6601919566595
quora-drift,ARC,400,0,10060,225.6601919566595
quora-drift,ARC,400,0,10070,225.6601919566595
quora-drift,ARC,400,0,10080,225.6601919566595
quora-drift,ARC,400,0,10090,225.6601919566595
quora-drift,ARC,400,0,10100,225.6601919566595
quora-drift,ARC,400,0,10110,225.6601919566595
quora-drift,ARC,400,0,10120,225.6601919566595
quora-drift,ARC,400,0,10130,225.6601919566595
quora-drift,ARC,400,0,10140,225.6601919566595
quora-drift,ARC,400,0,10150,225.6601919566595
quora-drift,ARC,400,0,10160,225.6601919566595
quora-drift,ARC,400,0,10170,225.6601919566595
quora-drift,ARC,400,0,10180,225.6601919566595
quora-drift,ARC,400,0,10190,225.6601919566595
quora-drift,ARC,400,0,10200,225.6601919566595
quora-drift,ARC,400,0,10210,225.6601919566595
quora-drift,ARC,400,0,10220,225.6601919566595
quora-drift,ARC,400,0,10230,225.6601919566595
quora-drift,ARC,400,0,10240,225.6601919566595
quora-drift,ARC,400,0,10250,225.6601919566595
quora-drift,ARC,400,0,10260,225.6601919566595
quora-drift,ARC,400,0,10270,225.6601919566595
quora-drift,ARC,400,0,10280,225.6601919566595
quora-drift,ARC,400,0,10290,226.95904253137215
quora-drift,ARC,400,0,10300,226.95904253137215
quora-drift,ARC,400,0,10310,226.95904253137215
quora-drift,ARC,400,0,10320,226.95904253137215
quora-drift,ARC,400,0,10330,226.95904253137215
quora-drift,ARC,400,0,10340,226.95904253137215
quora-drift,ARC,400,0,10350,225.95904253137215
quora-drift,ARC,400,0,10360,225.95904253137215
quora-drift,ARC,400,0,10370,225.95904253137215
quora-drift,ARC,400,0,10380,225.95904253137215
quora-drift,ARC,400,0,10390,225.95904253137215
quora-drift,ARC,400,0,10400,225.95904253137215
quora-drift,ARC,400,0,10410,225.95904253137215
quora-drift,ARC,400,0,10420,225.95904253137215
quora-drift,ARC,400,0,10430,225.95904253137215
quora-drift,ARC,400,0,10440,225.95904253137215
quora-drift,ARC,400,0,10450,225.95904253137215
quora-drift,ARC,400,0,10460,224.95904253137215
quora-drift,ARC,400,0,10470,224.95904253137215
quora-drift,ARC,400,0,10480,224.95904253137215
quora-drift,ARC,400,0,10490,224.95904253137215
quora-drift,ARC,400,0,10500,224.95904253137215
quora-drift,ARC,400,0,10510,224.95904253137215
quora-drift,ARC,400,0,10520,223.95904253137215
quora-drift,ARC,400,0,10530,223.95904253137215
quora-drift,ARC,400,0,10540,223.95904253137215
quora-drift,ARC,400,0,10550,223.95904253137215
quora-drift,ARC,400,0,10560,223.95904253137215
quora-drift,ARC,400,0,10570,223.95904253137215
quora-drift,ARC,400,0,10580,223.95904253137215
quora-drift,ARC,400,0,10590,223.95904253137215
quora-drift,ARC,400,0,10600,223.95904253137215
quora-drift,ARC,400,0,10610,223.95904253137215
quora-drift,ARC,400,0,10620,223.95904253137215
quora-drift,ARC,400,0,10630,223.95904253137215
quora-drift,ARC,400,0,10640,223.95904253137215
quora-drift,ARC,400,0,10650,222.95904253137215
quora-drift,ARC,400,0,10660,221.95904253137215
quora-drift,ARC,400,0,10670,221.95904253137215
quora-drift,ARC,400,0,10680,221.95904253137215
quora-drift,ARC,400,0,10690,221.95904253137215
quora-drift,ARC,400,0,10700,223.2062335426081
quora-drift,ARC,400,0,10710,223.2062335426081
quora-drift,ARC,400,0,10720,223.2062335426081
quora-drift,ARC,400,0,10730,223.2062335426081
quora-drift,ARC,400,0,10740,223.2062335426081
quora-drift,ARC,400,0,10750,224.47896081533537
quora-drift,ARC,400,0,10760,223.47896081533537
quora-drift,ARC,400,0,10770,224.75168808806265
quora-drift,ARC,400,0,10780,224.75168808806265
quora-drift,ARC,400,0,10790,224.75168808806265
quora-drift,ARC,400,0,10800,224.75168808806265
quora-drift,ARC,400,0,10810,224.75168808806265
quora-drift,ARC,400,0,10820,226.03740237377693
quora-drift,ARC,400,0,10830,226.03740237377693
quora-drift,ARC,400,0,10840,226.03740237377693
quora-drift,ARC,400,0,10850,226.03740237377693
quora-drift,ARC,400,0,10860,226.03740237377693
quora-drift,ARC,400,0,10870,226.03740237377693
quora-drift,ARC,400,0,10880,227.34954110210063
quora-drift,ARC,400,0,10890,228.67512249744948
quora-drift,ARC,400,0,10900,228.67512249744948
quora-drift,ARC,400,0,10910,228.67512249744948
quora-drift,ARC,400,0,10920,229.00070389279833
quora-drift,ARC,400,0,10930,230.33988517934804
quora-drift,ARC,400,0,10940,231.70674908467348
quora-drift,ARC,400,0,10950,231.70674908467348
quora-drift,ARC,400,0,10960,231.70674908467348
quora-drift,ARC,400,0,10970,231.70674908467348
quora-drift,ARC,400,0,10980,233.08770146562586
quora-drift,ARC,400,0,10990,234.4973400198427
quora-drift,ARC,400,0,11000,234.4973400198427
quora-drift,ARC,400,0,11010,234.4973400198427
quora-drift,ARC,400,0,11020,234.4973400198427
quora-drift,ARC,400,0,11030,234.4973400198427
quora-drift,ARC,400,0,11040,234.4973400198427
quora-drift,ARC,400,0,11050,234.4973400198427
quora-drift,ARC,400,0,11060,234.4973400198427
quora-drift,ARC,400,0,11070,234.4973400198427
quora-drift,ARC,400,0,11080,234.4973400198427
quora-drift,ARC,400,0,11090,234.4973400198427
quora-drift,ARC,400,0,11100,234.4973400198427
quora-drift,ARC,400,0,11110,234.4973400198427
quora-drift,ARC,400,0,11120,234.4973400198427
quora-drift,ARC,400,0,11130,234.4973400198427
quora-drift,ARC,400,0,11140,234.4973400198427
quora-drift,ARC,400,0,11150,234.4973400198427
quora-drift,ARC,400,0,11160,235.92158244408515
quora-drift,ARC,400,0,11170,235.92158244408515
quora-drift,ARC,400,0,11180,237.36060683432905
quora-drift,ARC,400,0,11190,237.36060683432905
quora-drift,ARC,400,0,11200,237.36060683432905
quora-drift,ARC,400,0,11210,237.36060683432905
quora-drift,ARC,400,0,11220,237.36060683432905
quora-drift,ARC,400,0,11230,237.36060683432905
quora-drift,ARC,400,0,11240,237.36060683432905
quora-drift,ARC,400,0,11250,237.36060683432905
quora-drift,ARC,400,0,11260,236.36060683432905
quora-drift,ARC,400,0,11270,236.36060683432905
quora-drift,ARC,400,0,11280,237.8145945643904
quora-drift,ARC,400,0,11290,237.8145945643904
quora-drift,ARC,400,0,11300,237.8145945643904
quora-drift,ARC,400,0,11310,237.8145945643904
quora-drift,ARC,400,0,11320,237.8145945643904
quora-drift,ARC,400,0,11330,237.8145945643904
quora-drift,ARC,400,0,11340,237.8145945643904
quora-drift,ARC,400,0,11350,237.8145945643904
quora-drift,ARC,400,0,11360,239.28373036685954
quora-drift,ARC,400,0,11370,239.28373036685954
quora-drift,ARC,400,0,11380,239.28373036685954
quora-drift,ARC,400,0,11390,239.28373036685954
quora-drift,ARC,400,0,11400,239.28373036685954
quora-drift,ARC,400,0,11410,239.28373036685954
quora-drift,ARC,400,0,11420,239.28373036685954
quora-drift,ARC,400,0,11430,239.28373036685954
quora-drift,ARC,400,0,11440,239.28373036685954
quora-drift,ARC,400,0,11450,239.28373036685954
quora-drift,ARC,400,0,11460,239.28373036685954
quora-drift,ARC,400,0,11470,238.28373036685954
quora-drift,ARC,400,0,11480,238.28373036685954
quora-drift,ARC,400,0,11490,238.28373036685954
quora-drift,ARC,400,0,11500,238.28373036685954
quora-drift,ARC,400,0,11510,238.28373036685954
quora-drift,ARC,400,0,11520,237.28373036685954
quora-drift,ARC,400,0,11530,237.28373036685954
quora-drift,ARC,400,0,11540,237.28373036685954
quora-drift,ARC,400,0,11550,237.28373036685954
quora-drift,ARC,400,0,11560,237.28373036685954
quora-drift,ARC,400,0,11570,237.28373036685954
quora-drift,ARC,400,0,11580,238.75286616932868
quora-drift,ARC,400,0,11590,238.75286616932868
quora-drift,ARC,400,0,11600,238.75286616932868
quora-drift,ARC,400,0,11610,238.75286616932868
quora-drift,ARC,400,0,11620,238.75286616932868
quora-drift,ARC,400,0,11630,238.75286616932868
quora-drift,ARC,400,0,11640,238.75286616932868
quora-drift,ARC,400,0,11650,240.2373382190181
quora-drift,ARC,400,0,11660,241.7373382190181
quora-drift,ARC,400,0,11670,243.26898378863837
quora-drift,ARC,400,0,11680,244.83308635274093
quora-drift,ARC,400,0,11690,243.83308635274093
quora-drift,ARC,400,0,11700,243.83308635274093
quora-drift,ARC,400,0,11710,243.83308635274093
quora-drift,ARC,400,0,11720,243.83308635274093
quora-drift,ARC,400,0,11730,243.83308635274093
quora-drift,ARC,400,0,11740,243.83308635274093
quora-drift,ARC,400,0,11750,241.83308635274093
quora-drift,ARC,400,0,11760,241.83308635274093
quora-drift,ARC,400,0,11770,241.83308635274093
quora-drift,ARC,400,0,11780,241.83308635274093
quora-drift,ARC,400,0,11790,240.83308635274093
quora-drift,ARC,400,0,11800,240.83308635274093
quora-drift,ARC,400,0,11810,240.83308635274093
quora-drift,ARC,400,0,11820,240.83308635274093
quora-drift,ARC,400,0,11830,242.34880962318118
quora-drift,ARC,400,0,11840,242.34880962318118
quora-drift,ARC,400,0,11850,243.8965803238181
quora-drift,ARC,400,0,11860,243.8965803238181
quora-drift,ARC,400,0,11870,243.8965803238181
quora-drift,ARC,400,0,11880,243.8965803238181
quora-drift,ARC,400,0,11890,242.8965803238181
quora-drift,ARC,400,0,11900,242.8965803238181
quora-drift,ARC,400,0,11910,242.8965803238181
quora-drift,ARC,400,0,11920,241.8965803238181
quora-drift,ARC,400,0,11930,241.8965803238181
quora-drift,ARC,400,0,11940,241.41230359425836
quora-drift,ARC,400,0,11950,241.41230359425836
quora-drift,ARC,400,0,11960,241.41230359425836
quora-drift,ARC,400,0,11970,241.41230359425836
quora-drift,ARC,400,0,11980,241.41230359425836
quora-drift,ARC,400,0,11990,241.41230359425836
quora-drift,ARC,400,0,12000,241.41230359425836
quora-drift,ARC,400,0,12010,242.9439491638786
quora-drift,ARC,400,0,12020,242.9439491638786
quora-drift,ARC,400,0,12030,241.9439491638786
quora-drift,ARC,400,0,12040,241.9439491638786
quora-drift,ARC,400,0,12050,241.9439491638786
quora-drift,ARC,400,0,12060,243.47559473349887
quora-drift,ARC,400,0,12070,245.0233654341358
quora-drift,ARC,400,0,12080,245.0233654341358
quora-drift,ARC,400,0,12090,245.0233654341358
quora-drift,ARC,400,0,12100,245.0233654341358
quora-drift,ARC,400,0,12110,246.6207680315384
quora-drift,ARC,400,0,12120,247.23514711650571
quora-drift,ARC,400,0,12130,247.23514711650571
quora-drift,ARC,400,0,12140,247.23514711650571
quora-drift,ARC,400,0,12150,247.23514711650571
quora-drift,ARC,400,0,12160,248.86672606387413
quora-drift,ARC,400,0,12170,248.86672606387413
quora-drift,ARC,400,0,12180,248.86672606387413
quora-drift,ARC,400,0,12190,248.86672606387413
quora-drift,ARC,400,0,12200,249.5157326863907
quora-drift,ARC,400,0,12210,251.16473930890726
quora-drift,ARC,400,0,12220,251.16473930890726
quora-drift,ARC,400,0,12230,251.16473930890726
quora-drift,ARC,400,0,12240,251.16473930890726
quora-drift,ARC,400,0,12250,251.16473930890726
quora-drift,ARC,400,0,12260,251.16473930890726
quora-drift,ARC,400,0,12270,250.16473930890726
quora-drift,ARC,400,0,12280,250.16473930890726
quora-drift,ARC,400,0,12290,251.84930306729652
quora-drift,ARC,400,0,12300,251.84930306729652
quora-drift,ARC,400,0,12310,251.84930306729652
quora-drift,ARC,400,0,12320,251.84930306729652
quora-drift,ARC,400,0,12330,251.84930306729652
quora-drift,ARC,400,0,12340,251.84930306729652
quora-drift,ARC,400,0,12350,253.55200576999923
quora-drift,ARC,400,0,12360,252.55200576999923
quora-drift,ARC,400,0,12370,252.55200576999923
quora-drift,ARC,400,0,12380,252.55200576999923
quora-drift,ARC,400,0,12390,252.55200576999923
quora-drift,ARC,400,0,12400,252.55200576999923
quora-drift,ARC,400,0,12410,252.55200576999923
quora-drift,ARC,400,0,12420,252.55200576999923
quora-drift,ARC,400,0,12430,251.55200576999923
quora-drift,ARC,400,0,12440,253.25470847270194
quora-drift,ARC,400,0,12450,253.25470847270194
quora-drift,ARC,400,0,12460,253.25470847270194
quora-drift,ARC,400,0,12470,253.25470847270194
quora-drift,ARC,400,0,12480,254.9944345000992
quora-drift,ARC,400,0,12490,256.7530551897544
quora-drift,ARC,400,0,12500,256.7530551897544
quora-drift,ARC,400,0,12510,253.75305518975438
quora-drift,ARC,400,0,12520,253.75305518975438
quora-drift,ARC,400,0,12530,253.75305518975438
quora-drift,ARC,400,0,12540,251.75305518975438
quora-drift,ARC,400,0,12550,250.75305518975438
quora-drift,ARC,400,0,12560,250.75305518975438
quora-drift,ARC,400,0,12570,248.75305518975438
quora-drift,ARC,400,0,12580,248.75305518975438
quora-drift,ARC,400,0,12590,247.75305518975438
quora-drift,ARC,400,0,12600,246.75305518975438
quora-drift,ARC,400,0,12610,246.75305518975438
quora-drift,ARC,400,0,12620,245.75305518975438
quora-drift,ARC,400,0,12630,244.75305518975438
quora-drift,ARC,400,0,12640,244.75305518975438
quora-drift,ARC,400,0,12650,244.75305518975438
quora-drift,ARC,400,0,12660,244.75305518975438
quora-drift,ARC,400,0,12670,244.75305518975438
quora-drift,ARC,400,0,12680,246.3337003510447
quora-drift,ARC,400,0,12690,246.3337003510447
quora-drift,ARC,400,0,12700,246.3337003510447
quora-drift,ARC,400,0,12710,245.3337003510447
quora-drift,ARC,400,0,12720,245.3337003510447
quora-drift,ARC,400,0,12730,244.3337003510447
quora-drift,ARC,400,0,12740,244.3337003510447
quora-drift,ARC,400,0,12750,244.3337003510447
quora-drift,ARC,400,0,12760,244.3337003510447
quora-drift,ARC,400,0,12770,244.3337003510447
quora-drift,ARC,400,0,12780,244.3337003510447
quora-drift,ARC,400,0,12790,244.3337003510447
quora-drift,ARC,400,0,12800,245.91434551233505
quora-drift,ARC,400,0,12810,244.91434551233505
quora-drift,ARC,400,0,12820,244.91434551233505
quora-drift,ARC,400,0,12830,244.91434551233505
quora-drift,ARC,400,0,12840,242.91434551233505
quora-drift,ARC,400,0,12850,244.46211621297198
quora-drift,ARC,400,0,12860,244.46211621297198
quora-drift,ARC,400,0,12870,243.46211621297198
quora-drift,ARC,400,0,12880,243.46211621297198
quora-drift,ARC,400,0,12890,242.46211621297198
quora-drift,ARC,400,0,12900,242.46211621297198
quora-drift,ARC,400,0,12910,242.46211621297198
quora-drift,ARC,400,0,12920,242.46211621297198
quora-drift,ARC,400,0,12930,242.46211621297198
quora-drift,ARC,400,0,12940,244.55765761424584
quora-drift,ARC,400,0,12950,244.55765761424584
quora-drift,ARC,400,0,12960,244.55765761424584
quora-drift,ARC,400,0,12970,244.55765761424584
quora-drift,ARC,400,0,12980,244.55765761424584
quora-drift,ARC,400,0,12990,246.13830277553618
quora-drift,ARC,400,0,13000,246.13830277553618
quora-drift,ARC,400,0,13010,247.7526818605035
quora-drift,ARC,400,0,13020,248.3670609454708
quora-drift,ARC,400,0,13030,247.3670609454708
quora-drift,ARC,400,0,13040,247.3670609454708
quora-drift,ARC,400,0,13050,246.3670609454708
quora-drift,ARC,400,0,13060,246.3670609454708
quora-drift,ARC,400,0,13070,244.3670609454708
quora-drift,ARC,400,0,13080,243.3670609454708
quora-drift,ARC,400,0,13090,243.3670609454708
quora-drift,ARC,400,0,13100,243.3670609454708
quora-drift,ARC,400,0,13110,243.3670609454708
quora-drift,ARC,400,0,13120,242.3670609454708
quora-drift,ARC,400,0,13130,243.91483164610773
quora-drift,ARC,400,0,13140,243.91483164610773
quora-drift,ARC,400,0,13150,244.4789342102103
quora-drift,ARC,400,0,13160,244.4789342102103
quora-drift,ARC,400,0,13170,244.4789342102103
quora-drift,ARC,400,0,13180,242.4789342102103
quora-drift,ARC,400,0,13190,240.4789342102103
quora-drift,ARC,400,0,13200,240.4789342102103
quora-drift,ARC,400,0,13210,240.4789342102103
quora-drift,ARC,400,0,13220,241.99465748065055
quora-drift,ARC,400,0,13230,240.99465748065055
quora-drift,ARC,400,0,13240,240.99465748065055
quora-drift,ARC,400,0,13250,239.99465748065055
quora-drift,ARC,400,0,13260,240.49465748065055
quora-drift,ARC,400,0,13270,240.49465748065055
quora-drift,ARC,400,0,13280,240.49465748065055
quora-drift,ARC,400,0,13290,240.49465748065055
quora-drift,ARC,400,0,13300,240.49465748065055
quora-drift,ARC,400,0,13310,239.49465748065055
quora-drift,ARC,400,0,13320,240.99465748065055
quora-drift,ARC,400,0,13330,241.49465748065055
quora-drift,ARC,400,0,13340,241.49465748065055
quora-drift,ARC,400,0,13350,241.49465748065055
quora-drift,ARC,400,0,13360,241.49465748065055
quora-drift,ARC,400,0,13370,241.49465748065055
quora-drift,ARC,400,0,13380,241.49465748065055
quora-drift,ARC,400,0,13390,241.49465748065055
quora-drift,ARC,400,0,13400,241.49465748065055
quora-drift,ARC,400,0,13410,241.49465748065055
quora-drift,ARC,400,0,13420,241.49465748065055
quora-drift,ARC,400,0,13430,242.0103807510908
quora-drift,ARC,400,0,13440,242.0103807510908
quora-drift,ARC,400,0,13450,242.0103807510908
quora-drift,ARC,400,0,13460,242.0103807510908
quora-drift,ARC,400,0,13470,242.0103807510908
quora-drift,ARC,400,0,13480,242.0103807510908
quora-drift,ARC,400,0,13490,243.55815145172772
quora-drift,ARC,400,0,13500,243.55815145172772
quora-drift,ARC,400,0,13510,243.55815145172772
quora-drift,ARC,400,0,13520,243.55815145172772
quora-drift,ARC,400,0,13530,243.55815145172772
quora-drift,ARC,400,0,13540,243.55815145172772
quora-drift,ARC,400,0,13550,243.55815145172772
quora-drift,ARC,400,0,13560,242.55815145172772
quora-drift,ARC,400,0,13570,241.55815145172772
quora-drift,ARC,400,0,13580,241.55815145172772
quora-drift,ARC,400,0,13590,243.08979702134798
quora-drift,ARC,400,0,13600,243.08979702134798
quora-drift,ARC,400,0,13610,243.08979702134798
quora-drift,ARC,400,0,13620,243.08979702134798
quora-drift,ARC,400,0,13630,243.08979702134798
quora-drift,ARC,400,0,13640,243.08979702134798
quora-drift,ARC,400,0,13650,244.65389958545055
quora-drift,ARC,400,0,13660,244.65389958545055
quora-drift,ARC,400,0,13670,244.65389958545055
quora-drift,ARC,400,0,13680,244.65389958545055
quora-drift,ARC,400,0,13690,244.65389958545055
quora-drift,ARC,400,0,13700,243.65389958545055
quora-drift,ARC,400,0,13710,242.65389958545055
quora-drift,ARC,400,0,13720,242.65389958545055
quora-drift,ARC,400,0,13730,242.65389958545055
quora-drift,ARC,400,0,13740,242.65389958545055
quora-drift,ARC,400,0,13750,242.65389958545055
quora-drift,ARC,400,0,13760,242.65389958545055
quora-drift,ARC,400,0,13770,242.65389958545055
quora-drift,ARC,400,0,13780,244.20167028608748
quora-drift,ARC,400,0,13790,244.20167028608748
quora-drift,ARC,400,0,13800,244.20167028608748
quora-drift,ARC,400,0,13810,244.20167028608748
quora-drift,ARC,400,0,13820,244.20167028608748
quora-drift,ARC,400,0,13830,244.20167028608748
quora-drift,ARC,400,0,13840,243.20167028608748
quora-drift,ARC,400,0,13850,243.20167028608748
quora-drift,ARC,400,0,13860,243.20167028608748
quora-drift,ARC,400,0,13870,243.20167028608748
quora-drift,ARC,400,0,13880,242.20167028608748
quora-drift,ARC,400,0,13890,242.20167028608748
quora-drift,ARC,400,0,13900,242.20167028608748
quora-drift,ARC,400,0,13910,242.20167028608748
quora-drift,ARC,400,0,13920,242.20167028608748
quora-drift,ARC,400,0,13930,242.20167028608748
quora-drift,ARC,400,0,13940,242.20167028608748
quora-drift,ARC,400,0,13950,242.20167028608748
quora-drift,ARC,400,0,13960,242.20167028608748
quora-drift,ARC,400,0,13970,242.20167028608748
quora-drift,ARC,400,0,13980,242.20167028608748
quora-drift,ARC,400,0,13990,243.7494409867244
quora-drift,ARC,400,0,14000,243.7494409867244
quora-drift,ARC,400,0,14010,243.7494409867244
quora-drift,ARC,400,0,14020,243.7494409867244
quora-drift,ARC,400,0,14030,243.7494409867244
quora-drift,ARC,400,0,14040,243.7494409867244
quora-drift,ARC,400,0,14050,243.7494409867244
quora-drift,ARC,400,0,14060,243.7494409867244
quora-drift,ARC,400,0,14070,245.31354355082698
quora-drift,ARC,400,0,14080,245.31354355082698
quora-drift,ARC,400,0,14090,245.31354355082698
quora-drift,ARC,400,0,14100,244.31354355082698
quora-drift,ARC,400,0,14110,244.31354355082698
quora-drift,ARC,400,0,14120,244.31354355082698
quora-drift,ARC,400,0,14130,244.31354355082698
quora-drift,ARC,400,0,14140,244.31354355082698
quora-drift,ARC,400,0,14150,243.31354355082698
quora-drift,ARC,400,0,14160,243.31354355082698
quora-drift,ARC,400,0,14170,243.31354355082698
quora-drift,ARC,400,0,14180,243.31354355082698
quora-drift,ARC,400,0,14190,243.31354355082698
quora-drift,ARC,400,0,14200,243.31354355082698
quora-drift,ARC,400,0,14210,244.87764611492955
quora-drift,ARC,400,0,14220,244.87764611492955
quora-drift,ARC,400,0,14230,243.87764611492955
quora-drift,ARC,400,0,14240,243.87764611492955
quora-drift,ARC,400,0,14250,243.87764611492955
quora-drift,ARC,400,0,14260,245.44174867903212
quora-drift,ARC,400,0,14270,245.44174867903212
quora-drift,ARC,400,0,14280,245.44174867903212
quora-drift,ARC,400,0,14290,245.44174867903212
quora-drift,ARC,400,0,14300,247.03915127643472
quora-drift,ARC,400,0,14310,247.03915127643472
quora-drift,ARC,400,0,14320,247.03915127643472
quora-drift,ARC,400,0,14330,247.03915127643472
quora-drift,ARC,400,0,14340,247.03915127643472
quora-drift,ARC,400,0,14350,247.03915127643472
quora-drift,ARC,400,0,14360,247.03915127643472
quora-drift,ARC,400,0,14370,247.03915127643472
quora-drift,ARC,400,0,14380,247.03915127643472
quora-drift,ARC,400,0,14390,247.03915127643472
quora-drift,ARC,400,0,14400,248.67073022380313
quora-drift,ARC,400,0,14410,248.67073022380313
quora-drift,ARC,400,0,14420,250.3197368463197
quora-drift,ARC,400,0,14430,250.3197368463197
quora-drift,ARC,400,0,14440,250.3197368463197
quora-drift,ARC,400,0,14450,250.3197368463197
quora-drift,ARC,400,0,14460,252.00430060470896
quora-drift,ARC,400,0,14470,252.00430060470896
quora-drift,ARC,400,0,14480,252.00430060470896
quora-drift,ARC,400,0,14490,252.00430060470896
quora-drift,ARC,400,0,14500,252.00430060470896
quora-drift,ARC,400,0,14510,252.00430060470896
quora-drift,ARC,400,0,14520,251.00430060470896
quora-drift,ARC,400,0,14530,250.00430060470896
quora-drift,ARC,400,0,14540,250.00430060470896
quora-drift,ARC,400,0,14550,250.00430060470896
quora-drift,ARC,400,0,14560,250.00430060470896
quora-drift,ARC,400,0,14570,249.00430060470896
quora-drift,ARC,400,0,14580,249.00430060470896
quora-drift,ARC,400,0,14590,252.35553102976488
quora-drift,ARC,400,0,14600,252.35553102976488
quora-drift,ARC,400,0,14610,252.35553102976488
quora-drift,ARC,400,0,14620,252.35553102976488
quora-drift,ARC,400,0,14630,254.07661946513903
quora-drift,ARC,400,0,14640,254.07661946513903
quora-drift,ARC,400,0,14650,254.07661946513903
quora-drift,ARC,400,0,14660,257.613017932572
quora-drift,ARC,400,0,14670,257.613017932572
quora-drift,ARC,400,0,14680,256.613017932572
quora-drift,ARC,400,0,14690,256.613017932572
quora-drift,ARC,400,0,14700,256.613017932572
quora-drift,ARC,400,0,14710,256.613017932572
quora-drift,ARC,400,0,14720,258.4102207297748
quora-drift,ARC,400,0,14730,258.4102207297748
quora-drift,ARC,400,0,14740,258.4102207297748
quora-drift,ARC,400,0,14750,257.4102207297748
quora-drift,ARC,400,0,14760,257.4102207297748
quora-drift,ARC,400,0,14770,258.20742352697755
quora-drift,ARC,400,0,14780,256.20742352697755
quora-drift,ARC,400,0,14790,258.0046263241803
quora-drift,ARC,400,0,14800,258.0046263241803
quora-drift,ARC,400,0,14810,258.0046263241803
quora-drift,ARC,400,0,14820,258.0046263241803
quora-drift,ARC,400,0,14830,257.0046263241803
quora-drift,ARC,400,0,14840,257.0046263241803
quora-drift,ARC,400,0,14850,260.65840716525514
quora-drift,ARC,400,0,14860,260.65840716525514
quora-drift,ARC,400,0,14870,259.65840716525514
quora-drift,ARC,400,0,14880,258.65840716525514
quora-drift,ARC,400,0,14890,257.65840716525514
quora-drift,ARC,400,0,14900,257.65840716525514
quora-drift,ARC,400,0,14910,255.65840716525514
quora-drift,ARC,400,0,14920,254.65840716525514
quora-drift,ARC,400,0,14930,253.65840716525514
quora-drift,ARC,400,0,14940,253.65840716525514
quora-drift,ARC,400,0,14950,252.65840716525514
quora-drift,ARC,400,0,14960,253.3794956006293
quora-drift,ARC,400,0,14970,253.3794956006293
quora-drift,ARC,400,0,14980,253.3794956006293
quora-drift,ARC,400,0,14990,253.3794956006293
quora-drift,ARC,400,0,15000,253.3794956006293
quora-drift,ARC,400,0,15010,255.87784231768174
quora-drift,ARC,400,0,15020,255.87784231768174
quora-drift,ARC,400,0,15030,255.87784231768174
quora-drift,ARC,400,0,15040,257.65562009545954
quora-drift,ARC,400,0,15050,257.65562009545954
quora-drift,ARC,400,0,15060,257.65562009545954
quora-drift,ARC,400,0,15070,256.65562009545954
quora-drift,ARC,400,0,15080,256.65562009545954
quora-drift,ARC,400,0,15090,256.65562009545954
quora-drift,ARC,400,0,15100,256.65562009545954
quora-drift,ARC,400,0,15110,255.65562009545954
quora-drift,ARC,400,0,15120,255.65562009545954
quora-drift,ARC,400,0,15130,255.65562009545954
quora-drift,ARC,400,0,15140,255.65562009545954
quora-drift,ARC,400,0,15150,253.65562009545954
quora-drift,ARC,400,0,15160,252.65562009545954
quora-drift,ARC,400,0,15170,251.65562009545954
quora-drift,ARC,400,0,15180,251.65562009545954
quora-drift,ARC,400,0,15190,251.65562009545954
quora-drift,ARC,400,0,15200,253.35832279816225
quora-drift,ARC,400,0,15210,255.09804882555952
quora-drift,ARC,400,0,15220,255.09804882555952
quora-drift,ARC,400,0,15230,255.09804882555952
quora-drift,ARC,400,0,15240,254.8566695152147
quora-drift,ARC,400,0,15250,256.61529020486984
quora-drift,ARC,400,0,15260,256.61529020486984
quora-drift,ARC,400,0,15270,257.4124930020726
quora-drift,ARC,400,0,15280,255.4124930020726
quora-drift,ARC,400,0,15290,255.4124930020726
quora-drift,ARC,400,0,15300,254.4124930020726
quora-drift,ARC,400,0,15310,254.4124930020726
quora-drift,ARC,400,0,15320,254.4124930020726
quora-drift,ARC,400,0,15330,254.4124930020726
quora-drift,ARC,400,0,15340,256.1711136917278
quora-drift,ARC,400,0,15350,256.1711136917278
quora-drift,ARC,400,0,15360,257.96831648893055
quora-drift,ARC,400,0,15370,256.96831648893055
quora-drift,ARC,400,0,15380,254.96831648893055
quora-drift,ARC,400,0,15390,254.96831648893055
quora-drift,ARC,400,0,15400,254.96831648893055
quora-drift,ARC,400,0,15410,254.96831648893055
quora-drift,ARC,400,0,15420,254.96831648893055
quora-drift,ARC,400,0,15430,254.96831648893055
quora-drift,ARC,400,0,15440,254.96831648893055
quora-drift,ARC,400,0,15450,254.96831648893055
quora-drift,ARC,400,0,15460,254.96831648893055
quora-drift,ARC,400,0,15470,256.72693717858573
quora-drift,ARC,400,0,15480,255.72693717858573
quora-drift,ARC,400,0,15490,255.72693717858573
quora-drift,ARC,400,0,15500,254.72693717858573
quora-drift,ARC,400,0,15510,253.72693717858573
quora-drift,ARC,400,0,15520,254.466663205983
quora-drift,ARC,400,0,15530,252.466663205983
quora-drift,ARC,400,0,15540,252.466663205983
quora-drift,ARC,400,0,15550,252.466663205983
quora-drift,ARC,400,0,15560,251.466663205983
quora-drift,ARC,400,0,15570,253.1693659086857
quora-drift,ARC,400,0,15580,251.1693659086857
quora-drift,ARC,400,0,15590,250.1693659086857
quora-drift,ARC,400,0,15600,250.1693659086857
quora-drift,ARC,400,0,15610,250.1693659086857
quora-drift,ARC,400,0,15620,250.1693659086857
quora-drift,ARC,400,0,15630,249.1693659086857
quora-drift,ARC,400,0,15640,249.1693659086857
quora-drift,ARC,400,0,15650,249.1693659086857
quora-drift,ARC,400,0,15660,248.1693659086857
quora-drift,ARC,400,0,15670,247.1693659086857
quora-drift,ARC,400,0,15680,247.1693659086857
quora-drift,ARC,400,0,15690,247.1693659086857
quora-drift,ARC,400,0,15700,246.1693659086857
quora-drift,ARC,400,0,15710,245.1693659086857
quora-drift,ARC,400,0,15720,246.7667685060883
quora-drift,ARC,400,0,15730,245.7667685060883
quora-drift,ARC,400,0,15740,245.7667685060883
quora-drift,ARC,400,0,15750,245.7667685060883
quora-drift,ARC,400,0,15760,247.36417110349092
quora-drift,ARC,400,0,15770,246.36417110349092
quora-drift,ARC,400,0,15780,245.36417110349092
quora-drift,ARC,400,0,15790,245.36417110349092
quora-drift,ARC,400,0,15800,245.36417110349092
quora-drift,ARC,400,0,15810,244.36417110349092
quora-drift,ARC,400,0,15820,244.36417110349092
quora-drift,ARC,400,0,15830,247.54221886218386
quora-drift,ARC,400,0,15840,246.54221886218386
quora-drift,ARC,400,0,15850,246.54221886218386
quora-drift,ARC,400,0,15860,245.54221886218386
quora-drift,ARC,400,0,15870,243.54221886218386
quora-drift,ARC,400,0,15880,242.54221886218386
quora-drift,ARC,400,0,15890,241.54221886218386
quora-drift,ARC,400,0,15900,239.54221886218386
quora-drift,ARC,400,0,15910,239.54221886218386
quora-drift,ARC,400,0,15920,239.54221886218386
quora-drift,ARC,400,0,15930,239.54221886218386
quora-drift,ARC,400,0,15940,238.54221886218386
quora-drift,ARC,400,0,15950,240.04221886218386
quora-drift,ARC,400,0,15960,240.04221886218386
quora-drift,ARC,400,0,15970,238.04221886218386
quora-drift,ARC,400,0,15980,236.04221886218386
quora-drift,ARC,400,0,15990,236.04221886218386
quora-drift,ARC,400,0,16000,237.49620659224522
quora-drift,ARC,400,0,16010,237.49620659224522
quora-drift,ARC,400,0,16020,237.95019432230657
quora-drift,ARC,400,0,16030,236.95019432230657
quora-drift,ARC,400,0,16040,236.95019432230657
quora-drift,ARC,400,0,16050,235.95019432230657
quora-drift,ARC,400,0,16060,235.95019432230657
quora-drift,ARC,400,0,16070,235.95019432230657
quora-drift,ARC,400,0,16080,237.38921871255047
quora-drift,ARC,400,0,16090,237.38921871255047
quora-drift,ARC,400,0,16100,236.38921871255047
quora-drift,ARC,400,0,16110,237.84320644261183
quora-drift,ARC,400,0,16120,237.84320644261183
quora-drift,ARC,400,0,16130,237.84320644261183
quora-drift,ARC,400,0,16140,235.84320644261183
quora-drift,ARC,400,0,16150,235.84320644261183
quora-drift,ARC,400,0,16160,236.28223083285573
quora-drift,ARC,400,0,16170,235.28223083285573
quora-drift,ARC,400,0,16180,235.70647325709817
quora-drift,ARC,400,0,16190,234.70647325709817
quora-drift,ARC,400,0,16200,233.70647325709817
quora-drift,ARC,400,0,16210,233.70647325709817
quora-drift,ARC,400,0,16220,235.11611181131502
quora-drift,ARC,400,0,16230,233.11611181131502
quora-drift,ARC,400,0,16240,232.11611181131502
quora-drift,ARC,400,0,16250,230.11611181131502
quora-drift,ARC,400,0,16260,228.11611181131502
quora-drift,ARC,400,0,16270,229.45529309786474
quora-drift,ARC,400,0,16280,230.80823427433532
quora-drift,ARC,400,0,16290,231.17509817966075
quora-drift,ARC,400,0,16300,230.17509817966075
quora-drift,ARC,400,0,16310,230.17509817966075
quora-drift,ARC,400,0,16320,230.17509817966075
quora-drift,ARC,400,0,16330,230.17509817966075
quora-drift,ARC,400,0,16340,229.17509817966075
quora-drift,ARC,400,0,16350,228.17509817966075
quora-drift,ARC,400,0,16360,227.17509817966075
quora-drift,ARC,400,0,16370,228.5006795750096
quora-drift,ARC,400,0,16380,228.5006795750096
quora-drift,ARC,400,0,16390,227.5006795750096
quora-drift,ARC,400,0,16400,227.5006795750096
quora-drift,ARC,400,0,16410,227.5006795750096
quora-drift,ARC,400,0,16420,226.5006795750096
quora-drift,ARC,400,0,16430,226.5006795750096
quora-drift,ARC,400,0,16440,226.5006795750096
quora-drift,ARC,400,0,16450,226.5006795750096
quora-drift,ARC,400,0,16460,226.5006795750096
quora-drift,ARC,400,0,16470,225.5006795750096
quora-drift,ARC,400,0,16480,223.5006795750096
quora-drift,ARC,400,0,16490,223.5006795750096
quora-drift,ARC,400,0,16500,223.5006795750096
quora-drift,ARC,400,0,16510,223.5006795750096
quora-drift,ARC,400,0,16520,222.5006795750096
quora-drift,ARC,400,0,16530,222.5006795750096
quora-drift,ARC,400,0,16540,223.76056658065932
quora-drift,ARC,400,0,16550,223.76056658065932
quora-drift,ARC,400,0,16560,225.0332938533866
quora-drift,ARC,400,0,16570,225.0332938533866
quora-drift,ARC,400,0,16580,225.0332938533866
quora-drift,ARC,400,0,16590,224.33214442809924
quora-drift,ARC,400,0,16600,224.61785871381352
quora-drift,ARC,400,0,16610,223.61785871381352
quora-drift,ARC,400,0,16620,222.61785871381352
quora-drift,ARC,400,0,16630,222.61785871381352
quora-drift,ARC,400,0,16640,222.61785871381352
quora-drift,ARC,400,0,16650,222.61785871381352
quora-drift,ARC,400,0,16660,221.61785871381352
quora-drift,ARC,400,0,16670,220.61785871381352
quora-drift,ARC,400,0,16680,220.61785871381352
quora-drift,ARC,400,0,16690,219.61785871381352
quora-drift,ARC,400,0,16700,219.61785871381352
quora-drift,ARC,400,0,16710,219.61785871381352
quora-drift,ARC,400,0,16720,219.61785871381352
quora-drift,ARC,400,0,16730,219.61785871381352
quora-drift,ARC,400,0,16740,218.61785871381352
quora-drift,ARC,400,0,16750,218.61785871381352
quora-drift,ARC,400,0,16760,218.61785871381352
quora-drift,ARC,400,0,16770,218.61785871381352
quora-drift,ARC,400,0,16780,218.61785871381352
quora-drift,ARC,400,0,16790,218.61785871381352
quora-drift,ARC,400,0,16800,218.61785871381352
quora-drift,ARC,400,0,16810,218.61785871381352
quora-drift,ARC,400,0,16820,219.82780346519473
quora-drift,ARC,400,0,16830,219.82780346519473
quora-drift,ARC,400,0,16840,219.82780346519473
quora-drift,ARC,400,0,16850,219.82780346519473
quora-drift,ARC,400,0,16860,218.82780346519473
quora-drift,ARC,400,0,16870,218.82780346519473
quora-drift,ARC,400,0,16880,218.82780346519473
quora-drift,ARC,400,0,16890,217.82780346519473
quora-drift,ARC,400,0,16900,219.02560566299692
quora-drift,ARC,400,0,16910,219.02560566299692
quora-drift,ARC,400,0,16920,219.02560566299692
quora-drift,ARC,400,0,16930,219.02560566299692
quora-drift,ARC,400,0,16940,219.02560566299692
quora-drift,ARC,400,0,16950,219.02560566299692
quora-drift,ARC,400,0,16960,219.02560566299692
quora-drift,ARC,400,0,16970,219.02560566299692
quora-drift,ARC,400,0,16980,219.02560566299692
quora-drift,ARC,400,0,16990,220.24782788521915
quora-drift,ARC,400,0,17000,221.48246475672752
quora-drift,ARC,400,0,17010,221.48246475672752
quora-drift,ARC,400,0,17020,221.48246475672752
quora-drift,ARC,400,0,17030,221.48246475672752
quora-drift,ARC,400,0,17040,222.72965576796346
quora-drift,ARC,400,0,17050,222.72965576796346
quora-drift,ARC,400,0,17060,221.72965576796346
quora-drift,ARC,400,0,17070,220.72965576796346
quora-drift,ARC,400,0,17080,221.96429263947184
quora-drift,ARC,400,0,17090,221.96429263947184
quora-drift,ARC,400,0,17100,221.96429263947184
quora-drift,ARC,400,0,17110,221.96429263947184
quora-drift,ARC,400,0,17120,220.96429263947184
quora-drift,ARC,400,0,17130,221.1989295109802
quora-drift,ARC,400,0,17140,220.1989295109802
quora-drift,ARC,400,0,17150,220.1989295109802
quora-drift,ARC,400,0,17160,220.1989295109802
quora-drift,ARC,400,0,17170,220.1989295109802
quora-drift,ARC,400,0,17180,220.1989295109802
quora-drift,ARC,400,0,17190,220.1989295109802
quora-drift,ARC,400,0,17200,220.1989295109802
quora-drift,ARC,400,0,17210,219.1989295109802
quora-drift,ARC,400,0,17220,218.1989295109802
quora-drift,ARC,400,0,17230,218.1989295109802
quora-drift,ARC,400,0,17240,218.1989295109802
quora-drift,ARC,400,0,17250,218.1989295109802
quora-drift,ARC,400,0,17260,218.1989295109802
quora-drift,ARC,400,0,17270,218.1989295109802
quora-drift,ARC,400,0,17280,219.40887426236142
quora-drift,ARC,400,0,17290,219.40887426236142
quora-drift,ARC,400,0,17300,219.40887426236142
quora-drift,ARC,400,0,17310,219.40887426236142
quora-drift,ARC,400,0,17320,219.40887426236142
quora-drift,ARC,400,0,17330,219.40887426236142
quora-drift,ARC,400,0,17340,218.40887426236142
quora-drift,ARC,400,0,17350,218.40887426236142
quora-drift,ARC,400,0,17360,219.61881901374264
quora-drift,ARC,400,0,17370,219.61881901374264
quora-drift,ARC,400,0,17380,220.84104123596487
quora-drift,ARC,400,0,17390,222.07567810747324
quora-drift,ARC,400,0,17400,221.07567810747324
quora-drift,ARC,400,0,17410,221.07567810747324
quora-drift,ARC,400,0,17420,221.07567810747324
quora-drift,ARC,400,0,17430,221.07567810747324
quora-drift,ARC,400,0,17440,222.32286911870918
quora-drift,ARC,400,0,17450,222.32286911870918
quora-drift,ARC,400,0,17460,223.5827561243589
quora-drift,ARC,400,0,17470,222.5827561243589
quora-drift,ARC,400,0,17480,223.8426431300086
quora-drift,ARC,400,0,17490,223.8426431300086
quora-drift,ARC,400,0,17500,223.8426431300086
quora-drift,ARC,400,0,17510,226.40108468845017
quora-drift,ARC,400,0,17520,226.40108468845017
quora-drift,ARC,400,0,17530,226.40108468845017
quora-drift,ARC,400,0,17540,226.40108468845017
quora-drift,ARC,400,0,17550,226.40108468845017
quora-drift,ARC,400,0,17560,226.40108468845017
quora-drift,ARC,400,0,17570,227.71322341677387
quora-drift,ARC,400,0,17580,229.03880481212272
quora-drift,ARC,400,0,17590,230.37798609867244
quora-drift,ARC,400,0,17600,230.37798609867244
quora-drift,ARC,400,0,17610,231.74485000399787
quora-drift,ARC,400,0,17620,233.12580238495025
quora-drift,ARC,400,0,17630,233.12580238495025
quora-drift,ARC,400,0,17640,233.12580238495025
quora-drift,ARC,400,0,17650,233.12580238495025
quora-drift,ARC,400,0,17660,233.12580238495025
quora-drift,ARC,400,0,17670,234.5354409391671
quora-drift,ARC,400,0,17680,237.39870775365344
quora-drift,ARC,400,0,17690,238.8526954837148
quora-drift,ARC,400,0,17700,238.8526954837148
quora-drift,ARC,400,0,17710,237.8526954837148
quora-drift,ARC,400,0,17720,237.8526954837148
quora-drift,ARC,400,0,17730,236.8526954837148
quora-drift,ARC,400,0,17740,236.8526954837148
quora-drift,ARC,400,0,17750,236.8526954837148
quora-drift,ARC,400,0,17760,236.8526954837148
quora-drift,ARC,400,0,17770,236.8526954837148
quora-drift,ARC,400,0,17780,238.30668321377615
quora-drift,ARC,400,0,17790,238.30668321377615
quora-drift,ARC,400,0,17800,238.30668321377615
quora-drift,ARC,400,0,17810,238.30668321377615
quora-drift,ARC,400,0,17820,239.79115526346558
quora-drift,ARC,400,0,17830,239.79115526346558
quora-drift,ARC,400,0,17840,239.79115526346558
quora-drift,ARC,400,0,17850,239.79115526346558
quora-drift,ARC,400,0,17860,239.79115526346558
quora-drift,ARC,400,0,17870,239.79115526346558
quora-drift,ARC,400,0,17880,242.80687853390583
quora-drift,ARC,400,0,17890,242.80687853390583
quora-drift,ARC,400,0,17900,242.80687853390583
quora-drift,ARC,400,0,17910,242.80687853390583
quora-drift,ARC,400,0,17920,242.80687853390583
quora-drift,ARC,400,0,17930,242.80687853390583
quora-drift,ARC,400,0,17940,244.35464923454276
quora-drift,ARC,400,0,17950,245.91875179864533
quora-drift,ARC,400,0,17960,247.51615439604794
quora-drift,ARC,400,0,17970,249.14773334341635
quora-drift,ARC,400,0,17980,249.14773334341635
quora-drift,ARC,400,0,17990,254.20166647117497
quora-drift,ARC,400,0,18000,254.20166647117497
quora-drift,ARC,400,0,18010,254.20166647117497
quora-drift,ARC,400,0,18020,254.94139249857224
quora-drift,ARC,400,0,18030,256.7000131882274
quora-drift,ARC,400,0,18040,256.7000131882274
quora-drift,ARC,400,0,18050,258.49721598543016
quora-drift,ARC,400,0,18060,260.31411739388085
quora-drift,ARC,400,0,18070,260.31411739388085
quora-drift,ARC,400,0,18080,262.19181523560746
quora-drift,ARC,400,0,18090,262.19181523560746
quora-drift,ARC,400,0,18100,264.11152326480453
quora-drift,ARC,400,0,18110,265.05269973539276
quora-drift,ARC,400,0,18120,265.05269973539276
quora-drift,ARC,400,0,18130,265.05269973539276
quora-drift,ARC,400,0,18140,266.01566269835575
quora-drift,ARC,400,0,18150,266.01566269835575
quora-drift,ARC,400,0,18160,266.01566269835575
quora-drift,ARC,400,0,18170,266.01566269835575
quora-drift,ARC,400,0,18180,266.01566269835575
quora-drift,ARC,400,0,18190,266.01566269835575
quora-drift,ARC,400,0,18200,264.01566269835575
quora-drift,ARC,400,0,18210,266.94158862428174
quora-drift,ARC,400,0,18220,266.94158862428174
quora-drift,ARC,400,0,18230,266.94158862428174
quora-drift,ARC,400,0,18240,266.94158862428174
quora-drift,ARC,400,0,18250,264.94158862428174
quora-drift,ARC,400,0,18260,264.94158862428174
quora-drift,ARC,400,0,18270,264.94158862428174
quora-drift,ARC,400,0,18280,268.8896262141104
quora-drift,ARC,400,0,18290,268.8896262141104
quora-drift,ARC,400,0,18300,270.94306132861425
quora-drift,ARC,400,0,18310,269.94306132861425
quora-drift,ARC,400,0,18320,268.94306132861425
quora-drift,ARC,400,0,18330,268.94306132861425
quora-drift,ARC,400,0,18340,269.97336435891725
quora-drift,ARC,400,0,18350,268.97336435891725
quora-drift,ARC,400,0,18360,268.97336435891725
quora-drift,ARC,400,0,18370,267.97336435891725
quora-drift,ARC,400,0,18380,265.97336435891725
quora-drift,ARC,400,0,18390,265.97336435891725
quora-drift,ARC,400,0,18400,264.97336435891725
quora-drift,ARC,400,0,18410,264.97336435891725
quora-drift,ARC,400,0,18420,268.92140194874594
quora-drift,ARC,400,0,18430,268.92140194874594
quora-drift,ARC,400,0,18440,268.92140194874594
quora-drift,ARC,400,0,18450,268.92140194874594
quora-drift,ARC,400,0,18460,269.95170497904894
quora-drift,ARC,400,0,18470,269.95170497904894
quora-drift,ARC,400,0,18480,267.95170497904894
quora-drift,ARC,400,0,18490,267.95170497904894
quora-drift,ARC,400,0,18500,266.95170497904894
quora-drift,ARC,400,0,18510,266.95170497904894
quora-drift,ARC,400,0,18520,266.95170497904894
quora-drift,ARC,400,0,18530,266.95170497904894
quora-drift,ARC,400,0,18540,266.9592237760414
quora-drift,ARC,400,0,18550,268.9667425730339
quora-drift,ARC,400,0,18560,268.9667425730339
quora-drift,ARC,400,0,18570,267.9667425730339
quora-drift,ARC,400,0,18580,267.9667425730339
quora-drift,ARC,400,0,18590,269.9970456033369
quora-drift,ARC,400,0,18600,269.9970456033369
quora-drift,ARC,400,0,18610,269.9970456033369
quora-drift,ARC,400,0,18620,269.9970456033369
quora-drift,ARC,400,0,18630,269.9970456033369
quora-drift,ARC,400,0,18640,269.9970456033369
quora-drift,ARC,400,0,18650,267.9970456033369
quora-drift,ARC,400,0,18660,267.9970456033369
quora-drift,ARC,400,0,18670,267.9970456033369
quora-drift,ARC,400,0,18680,267.9970456033369
quora-drift,ARC,400,0,18690,266.9970456033369
quora-drift,ARC,400,0,18700,267.9821202302026
quora-drift,ARC,400,0,18710,267.9821202302026
quora-drift,ARC,400,0,18720,267.9821202302026
quora-drift,ARC,400,0,18730,267.9821202302026
quora-drift,ARC,400,0,18740,270.0124232605056
quora-drift,ARC,400,0,18750,274.26280475351666
quora-drift,ARC,400,0,18760,274.26280475351666
quora-drift,ARC,400,0,18770,276.46280475351665
quora-drift,ARC,400,0,18780,274.46280475351665
quora-drift,ARC,400,0,18790,273.46280475351665
quora-drift,ARC,400,0,18800,273.46280475351665
quora-drift,ARC,400,0,18810,272.46280475351665
quora-drift,ARC,400,0,18820,272.46280475351665
quora-drift,ARC,400,0,18830,271.46280475351665
quora-drift,ARC,400,0,18840,269.46280475351665
quora-drift,ARC,400,0,18850,268.46280475351665
quora-drift,ARC,400,0,18860,267.46280475351665
quora-drift,ARC,400,0,18870,267.46280475351665
quora-drift,ARC,400,0,18880,267.46280475351665
quora-drift,ARC,400,0,18890,267.46280475351665
quora-drift,ARC,400,0,18900,267.46280475351665
quora-drift,ARC,400,0,18910,269.49310778381965
quora-drift,ARC,400,0,18920,266.49310778381965
quora-drift,ARC,400,0,18930,266.49310778381965
quora-drift,ARC,400,0,18940,267.47818241068535
quora-drift,ARC,400,0,18950,269.50848544098835
quora-drift,ARC,400,0,18960,271.58540851791145
quora-drift,ARC,400,0,18970,271.58540851791145
quora-drift,ARC,400,0,18980,271.58540851791145
quora-drift,ARC,400,0,18990,272.6861837117099
quora-drift,ARC,400,0,19000,271.7869589055083
quora-drift,ARC,400,0,19010,270.7869589055083
quora-drift,ARC,400,0,19020,270.7869589055083
quora-drift,ARC,400,0,19030,270.7869589055083
quora-drift,ARC,400,0,19040,270.7869589055083
quora-drift,ARC,400,0,19050,270.7869589055083
quora-drift,ARC,400,0,19060,270.7869589055083
quora-drift,ARC,400,0,19070,269.7869589055083
quora-drift,ARC,400,0,19080,269.7869589055083
quora-drift,ARC,400,0,19090,268.7869589055083
quora-drift,ARC,400,0,19100,266.7869589055083
quora-drift,ARC,400,0,19110,266.7869589055083
quora-drift,ARC,400,0,19120,266.7869589055083
quora-drift,ARC,400,0,19130,266.7869589055083
quora-drift,ARC,400,0,19140,266.7869589055083
quora-drift,ARC,400,0,19150,266.7869589055083
quora-drift,ARC,400,0,19160,265.7869589055083
quora-drift,ARC,400,0,19170,264.7869589055083
quora-drift,ARC,400,0,19180,264.7869589055083
quora-drift,ARC,400,0,19190,265.7499218684713
quora-drift,ARC,400,0,19200,265.7499218684713
quora-drift,ARC,400,0,19210,267.734996495337
quora-drift,ARC,400,0,19220,265.734996495337
quora-drift,ARC,400,0,19230,264.734996495337
quora-drift,ARC,400,0,19240,263.734996495337
quora-drift,ARC,400,0,19250,261.734996495337
quora-drift,ARC,400,0,19260,261.734996495337
quora-drift,ARC,400,0,19270,261.734996495337
quora-drift,ARC,400,0,19280,259.734996495337
quora-drift,ARC,400,0,19290,261.5921393524798
quora-drift,ARC,400,0,19300,260.5921393524798
quora-drift,ARC,400,0,19310,262.46983719420643
quora-drift,ARC,400,0,19320,264.3683879188441
quora-drift,ARC,400,0,19330,264.3683879188441
quora-drift,ARC,400,0,19340,264.3683879188441
quora-drift,ARC,400,0,19350,264.3683879188441
quora-drift,ARC,400,0,19360,263.3683879188441
quora-drift,ARC,400,0,19370,263.3683879188441
quora-drift,ARC,400,0,19380,263.3683879188441
quora-drift,ARC,400,0,19390,262.3683879188441
quora-drift,ARC,400,0,19400,262.3683879188441
quora-drift,ARC,400,0,19410,262.3683879188441
quora-drift,ARC,400,0,19420,262.3683879188441
quora-drift,ARC,400,0,19430,262.3683879188441
quora-drift,ARC,400,0,19440,260.3683879188441
quora-drift,ARC,400,0,19450,262.24608576057074
quora-drift,ARC,400,0,19460,261.24608576057074
quora-drift,ARC,400,0,19470,261.24608576057074
quora-drift,ARC,400,0,19480,261.24608576057074
quora-drift,ARC,400,0,19490,261.24608576057074
quora-drift,ARC,400,0,19500,261.24608576057074
quora-drift,ARC,400,0,19510,261.24608576057074
quora-drift,ARC,400,0,19520,261.24608576057074
quora-drift,ARC,400,0,19530,261.24608576057074
quora-drift,ARC,400,0,19540,259.24608576057074
quora-drift,ARC,400,0,19550,259.24608576057074
quora-drift,ARC,400,0,19560,258.24608576057074
quora-drift,ARC,400,0,19570,258.24608576057074
quora-drift,ARC,400,0,19580,256.24608576057074
quora-drift,ARC,400,0,19590,255.24608576057074
quora-drift,ARC,400,0,19600,254.24608576057074
quora-drift,ARC,400,0,19610,253.24608576057074
quora-drift,ARC,400,0,19620,254.985811787968
quora-drift,ARC,400,0,19630,251.985811787968
quora-drift,ARC,400,0,19640,251.985811787968
quora-drift,ARC,400,0,19650,251.985811787968
quora-drift,ARC,400,0,19660,249.985811787968
quora-drift,ARC,400,0,19670,249.985811787968
quora-drift,ARC,400,0,19680,249.985811787968
quora-drift,ARC,400,0,19690,249.985811787968
quora-drift,ARC,400,0,19700,249.985811787968
quora-drift,ARC,400,0,19710,249.985811787968
quora-drift,ARC,400,0,19720,253.9860488355405
quora-drift,ARC,400,0,19730,251.9860488355405
quora-drift,ARC,400,0,19740,251.9860488355405
quora-drift,ARC,400,0,19750,250.9860488355405
quora-drift,ARC,400,0,19760,250.9860488355405
quora-drift,ARC,400,0,19770,251.67061259392975
quora-drift,ARC,400,0,19780,251.67061259392975
quora-drift,ARC,400,0,19790,250.67061259392975
quora-drift,ARC,400,0,19800,250.67061259392975
quora-drift,ARC,400,0,19810,249.67061259392975
quora-drift,ARC,400,0,19820,249.67061259392975
quora-drift,ARC,400,0,19830,250.3372792605964
quora-drift,ARC,400,0,19840,249.3372792605964
quora-drift,ARC,400,0,19850,248.3372792605964
quora-drift,ARC,400,0,19860,247.3372792605964
quora-drift,ARC,400,0,19870,246.3372792605964
quora-drift,ARC,400,0,19880,246.3372792605964
quora-drift,ARC,400,0,19890,245.3372792605964
quora-drift,ARC,400,0,19900,248.54906094296632
quora-drift,ARC,400,0,19910,248.54906094296632
quora-drift,ARC,400,0,19920,247.54906094296632
quora-drift,ARC,400,0,19930,246.54906094296632
quora-drift,ARC,400,0,19940,245.54906094296632
quora-drift,ARC,400,0,19950,245.54906094296632
quora-drift,ARC,400,0,19960,245.54906094296632
quora-drift,ARC,400,0,19970,245.54906094296632
quora-drift,ARC,400,0,19980,242.54906094296632
quora-drift,ARC,400,0,19990,242.54906094296632
quora-drift,ARC-exact,400,0,0,0.0
quora-drift,ARC-exact,400,0,10,0.0
quora-drift,ARC-exact,400,0,20,0.0
quora-drift,ARC-exact,400,0,30,0.0
quora-drift,ARC-exact,400,0,40,0.0
quora-drift,ARC-exact,400,0,50,0.0
quora-drift,ARC-exact,400,0,60,0.0
quora-drift,ARC-exact,400,0,70,0.0
quora-drift,ARC-exact,400,0,80,0.0
quora-drift,ARC-exact,400,0,90,0.0
quora-drift,ARC-exact,400,0,100,0.0
quora-drift,ARC-exact,400,0,110,0.0
quora-drift,ARC-exact,400,0,120,0.0
quora-drift,ARC-exact,400,0,130,0.0
quora-drift,ARC-exact,400,0,140,0.0
quora-drift,ARC-exact,400,0,150,0.0
quora-drift,ARC-exact,400,0,160,0.0
quora-drift,ARC-exact,400,0,170,0.0
quora-drift,ARC-exact,400,0,180,0.0
quora-drift,ARC-exact,400,0,190,0.0
quora-drift,ARC-exact,400,0,200,0.0
quora-drift,ARC-exact,400,0,210,0.0
quora-drift,ARC-exact,400,0,220,0.0
quora-drift,ARC-exact,400,0,230,0.0
quora-drift,ARC-exact,400,0,240,0.0
quora-drift,ARC-exact,400,0,250,0.0
quora-drift,ARC-exact,400,0,260,0.0
quora-drift,ARC-exact,400,0,270,0.0
quora-drift,ARC-exact,400,0,280,0.0
quora-drift,ARC-exact,400,0,290,0.0
quora-drift,ARC-exact,400,0,300,0.0
quora-drift,ARC-exact,400,0,310,0.0
quora-drift,ARC-exact,400,0,320,0.0
quora-drift,ARC-exact,400,0,330,0.0
quora-drift,ARC-exact,400,0,340,0.0
quora-drift,ARC-exact,400,0,350,0.0
quora-drift,ARC-exact,400,0,360,0.0
quora-drift,ARC-exact,400,0,370,0.0
quora-drift,ARC-exact,400,0,380,0.0
quora-drift,ARC-exact,400,0,390,0.0
quora-drift,ARC-exact,400,0,400,0.0
quora-drift,ARC-exact,400,0,410,0.0
quora-drift,ARC-exact,400,0,420,0.0
quora-drift,ARC-exact,400,0,430,0.0
quora-drift,ARC-exact,400,0,440,0.0
quora-drift,ARC-exact,400,0,450,0.0
quora-drift,ARC-exact,400,0,460,0.0
quora-drift,ARC-exact,400,0,470,0.0
quora-drift,ARC-exact,400,0,480,0.0
quora-drift,ARC-exact,400,0,490,0.0
quora-drift,ARC-exact,400,0,500,0.0
quora-drift,ARC-exact,400,0,510,0.0
quora-drift,ARC-exact,400,0,520,0.0
quora-drift,ARC-exact,400,0,530,0.0
quora-drift,ARC-exact,400,0,540,0.0
quora-drift,ARC-exact,400,0,550,0.0
quora-drift,ARC-exact,400,0,560,0.0
quora-drift,ARC-exact,400,0,570,0.0
quora-drift,ARC-exact,400,0,580,0.0
quora-drift,ARC-exact,400,0,590,0.0
quora-drift,ARC-exact,400,0,600,0.0
quora-drift,ARC-exact,400,0,610,0.0
quora-drift,ARC-exact,400,0,620,0.0
quora-drift,ARC-exact,400,0,630,0.0
quora-drift,ARC-exact,400,0,640,0.0
quora-drift,ARC-exact,400,0,650,0.0
quora-drift,ARC-exact,400,0,660,0.0
quora-drift,ARC-exact,400,0,670,0.0
quora-drift,ARC-exact,400,0,680,0.0
quora-drift,ARC-exact,400,0,690,0.0
quora-drift,ARC-exact,400,0,700,0.0
quora-drift,ARC-exact,400,0,710,0.0
quora-drift,ARC-exact,400,0,720,0.0
quora-drift,ARC-exact,400,0,730,0.0
quora-drift,ARC-exact,400,0,740,0.0
quora-drift,ARC-exact,400,0,750,0.0
quora-drift,ARC-exact,400,0,760,0.0
quora-drift,ARC-exact,400,0,770,0.0
quora-drift,ARC-exact,400,0,780,0.0
quora-drift,ARC-exact,400,0,790,0.0
quora-drift,ARC-exact,400,0,800,0.0
quora-drift,ARC-exact,400,0,810,0.0
quora-drift,ARC-exact,400,0,820,0.0
quora-drift,ARC-exact,400,0,830,0.0
quora-drift,ARC-exact,400,0,840,0.0
quora-drift,ARC-exact,400,0,850,0.0
quora-drift,ARC-exact,400,0,860,0.0
quora-drift,ARC-exact,400,0,870,0.0
quora-drift,ARC-exact,400,0,880,0.0
quora-drift,ARC-exact,400,0,890,0.0
quora-drift,ARC-exact,400,0,900,0.0
quora-drift,ARC-exact,400,0,910,0.0
quora-drift,ARC-exact,400,0,920,0.0
quora-drift,ARC-exact,400,0,930,0.0
quora-drift,ARC-exact,400,0,940,0.0
quora-drift,ARC-exact,400,0,950,0.0
quora-drift,ARC-exact,400,0,960,0.0
quora-drift,ARC-exact,400,0,970,0.0
quora-drift,ARC-exact,400,0,980,0.0
quora-drift,ARC-exact,400,0,990,0.0
quora-drift,ARC-exact,400,0,1000,0.0
quora-drift,ARC-exact,400,0,1010,0.0
quora-drift,ARC-exact,400,0,1020,0.0
quora-drift,ARC-exact,400,0,1030,0.0
quora-drift,ARC-exact,400,0,1040,0.0
quora-drift,ARC-exact,400,0,1050,0.0
quora-drift,ARC-exact,400,0,1060,0.0
quora-drift,ARC-exact,400,0,1070,0.0
quora-drift,ARC-exact,400,0,1080,0.0
quora-drift,ARC-exact,400,0,1090,0.0
quora-drift,ARC-exact,400,0,1100,0.0
quora-drift,ARC-exact,400,0,1110,0.0
quora-drift,ARC-exact,400,0,1120,0.0
quora-drift,ARC-exact,400,0,1130,0.0
quora-drift,ARC-exact,400,0,1140,0.0
quora-drift,ARC-exact,400,0,1150,0.0
quora-drift,ARC-exact,400,0,1160,0.0
quora-drift,ARC-exact,400,0,1170,0.0
quora-drift,ARC-exact,400,0,1180,0.0
quora-drift,ARC-exact,400,0,1190,0.0
quora-drift,ARC-exact,400,0,1200,0.0
quora-drift,ARC-exact,400,0,1210,0.0
quora-drift,ARC-exact,400,0,1220,0.0
quora-drift,ARC-exact,400,0,1230,0.0
quora-drift,ARC-exact,400,0,1240,0.0
quora-drift,ARC-exact,400,0,1250,0.0
quora-drift,ARC-exact,400,0,1260,0.0
quora-drift,ARC-exact,400,0,1270,0.0
quora-drift,ARC-exact,400,0,1280,0.0
quora-drift,ARC-exact,400,0,1290,0.0
quora-drift,ARC-exact,400,0,1300,0.0
quora-drift,ARC-exact,400,0,1310,0.0
quora-drift,ARC-exact,400,0,1320,0.0
quora-drift,ARC-exact,400,0,1330,0.0
quora-drift,ARC-exact,400,0,1340,0.0
quora-drift,ARC-exact,400,0,1350,0.0
quora-drift,ARC-exact,400,0,1360,0.0
quora-drift,ARC-exact,400,0,1370,0.0
quora-drift,ARC-exact,400,0,1380,0.0
quora-drift,ARC-exact,400,0,1390,0.0
quora-drift,ARC-exact,400,0,1400,0.0
quora-drift,ARC-exact,400,0,1410,0.0
quora-drift,ARC-exact,400,0,1420,0.0
quora-drift,ARC-exact,400,0,1430,0.0
quora-drift,ARC-exact,400,0,1440,0.0
quora-drift,ARC-exact,400,0,1450,0.0
quora-drift,ARC-exact,400,0,1460,0.0
quora-drift,ARC-exact,400,0,1470,0.0
quora-drift,ARC-exact,400,0,1480,0.0
quora-drift,ARC-exact,400,0,1490,0.0
quora-drift,ARC-exact,400,0,1500,0.0
quora-drift,ARC-exact,400,0,1510,0.0
quora-drift,ARC-exact,400,0,1520,0.0
quora-drift,ARC-exact,400,0,1530,0.0
quora-drift,ARC-exact,400,0,1540,0.0
quora-drift,ARC-exact,400,0,1550,0.0
quora-drift,ARC-exact,400,0,1560,0.0
quora-drift,ARC-exact,400,0,1570,0.0
quora-drift,ARC-exact,400,0,1580,0.0
quora-drift,ARC-exact,400,0,1590,0.0
quora-drift,ARC-exact,400,0,1600,0.0
quora-drift,ARC-exact,400,0,1610,0.0
quora-drift,ARC-exact,400,0,1620,0.0
quora-drift,ARC-exact,400,0,1630,0.0
quora-drift,ARC-exact,400,0,1640,0.0
quora-drift,ARC-exact,400,0,1650,0.0
quora-drift,ARC-exact,400,0,1660,0.0
quora-drift,ARC-exact,400,0,1670,0.0
quora-drift,ARC-exact,400,0,1680,0.0
quora-drift,ARC-exact,400,0,1690,0.0
quora-drift,ARC-exact,400,0,1700,0.0
quora-drift,ARC-exact,400,0,1710,0.0
quora-drift,ARC-exact,400,0,1720,0.0
quora-drift,ARC-exact,400,0,1730,0.0
quora-drift,ARC-exact,400,0,1740,0.0
quora-drift,ARC-exact,400,0,1750,0.0
quora-drift,ARC-exact,400,0,1760,0.0
quora-drift,ARC-exact,400,0,1770,0.0
quora-drift,ARC-exact,400,0,1780,0.0
quora-drift,ARC-exact,400,0,1790,0.0
quora-drift,ARC-exact,400,0,1800,0.0
quora-drift,ARC-exact,400,0,1810,0.0
quora-drift,ARC-exact,400,0,1820,0.0
quora-drift,ARC-exact,400,0,1830,0.0
quora-drift,ARC-exact,400,0,1840,0.0
quora-drift,ARC-exact,400,0,1850,0.0
quora-drift,ARC-exact,400,0,1860,0.0
quora-drift,ARC-exact,400,0,1870,0.0
quora-drift,ARC-exact,400,0,1880,0.0
quora-drift,ARC-exact,400,0,1890,0.0
quora-drift,ARC-exact,400,0,1900,0.0
quora-drift,ARC-exact,400,0,1910,0.0
quora-drift,ARC-exact,400,0,1920,0.0
quora-drift,ARC-exact,400,0,1930,0.0
quora-drift,ARC-exact,400,0,1940,0.0
quora-drift,ARC-exact,400,0,1950,0.0
quora-drift,ARC-exact,400,0,1960,0.0
quora-drift,ARC-exact,400,0,1970,0.0
quora-drift,ARC-exact,400,0,1980,0.0
quora-drift,ARC-exact,400,0,1990,0.0
quora-drift,ARC-exact,400,0,2000,0.0
quora-drift,ARC-exact,400,0,2010,0.0
quora-drift,ARC-exact,400,0,2020,0.0
quora-drift,ARC-exact,400,0,2030,0.0
quora-drift,ARC-exact,400,0,2040,0.0
quora-drift,ARC-exact,400,0,2050,0.0
quora-drift,ARC-exact,400,0,2060,0.0
quora-drift,ARC-exact,400,0,2070,0.0
quora-drift,ARC-exact,400,0,2080,0.0
quora-drift,ARC-exact,400,0,2090,0.0
quora-drift,ARC-exact,400,0,2100,0.0
quora-drift,ARC-exact,400,0,2110,0.0
quora-drift,ARC-exact,400,0,2120,0.0
quora-drift,ARC-exact,400,0,2130,0.0
quora-drift,ARC-exact,400,0,2140,0.0
quora-drift,ARC-exact,400,0,2150,0.0
quora-drift,ARC-exact,400,0,2160,0.0
quora-drift,ARC-exact,400,0,2170,0.0
quora-drift,ARC-exact,400,0,2180,0.0
quora-drift,ARC-exact,400,0,2190,0.0
quora-drift,ARC-exact,400,0,2200,0.0
quora-drift,ARC-exact,400,0,2210,0.0
quora-drift,ARC-exact,400,0,2220,0.0
quora-drift,ARC-exact,400,0,2230,0.0
quora-drift,ARC-exact,400,0,2240,0.0
quora-drift,ARC-exact,400,0,2250,0.0
quora-drift,ARC-exact,400,0,2260,0.0
quora-drift,ARC-exact,400,0,2270,0.0
quora-drift,ARC-exact,400,0,2280,0.0
quora-drift,ARC-exact,400,0,2290,0.0
quora-drift,ARC-exact,400,0,2300,0.0
quora-drift,ARC-exact,400,0,2310,0.0
quora-drift,ARC-exact,400,0,2320,0.0
quora-drift,ARC-exact,400,0,2330,0.0
quora-drift,ARC-exact,400,0,2340,0.0
quora-drift,ARC-exact,400,0,2350,0.0
quora-drift,ARC-exact,400,0,2360,0.0
quora-drift,ARC-exact,400,0,2370,0.0
quora-drift,ARC-exact,400,0,2380,0.0
quora-drift,ARC-exact,400,0,2390,0.0
quora-drift,ARC-exact,400,0,2400,0.0
quora-drift,ARC-exact,400,0,2410,0.0
quora-drift,ARC-exact,400,0,2420,0.0
quora-drift,ARC-exact,400,0,2430,0.0
quora-drift,ARC-exact,400,0,2440,0.0
quora-drift,ARC-exact,400,0,2450,0.0
quora-drift,ARC-exact,400,0,2460,0.0
quora-drift,ARC-exact,400,0,2470,0.0
quora-drift,ARC-exact,400,0,2480,0.0
quora-drift,ARC-exact,400,0,2490,0.0
quora-drift,ARC-exact,400,0,2500,0.0
quora-drift,ARC-exact,400,0,2510,0.0
quora-drift,ARC-exact,400,0,2520,0.0
quora-drift,ARC-exact,400,0,2530,0.0
quora-drift,ARC-exact,400,0,2540,0.0
quora-drift,ARC-exact,400,0,2550,0.0
quora-drift,ARC-exact,400,0,2560,0.0
quora-drift,ARC-exact,400,0,2570,0.0
quora-drift,ARC-exact,400,0,2580,0.0
quora-drift,ARC-exact,400,0,2590,0.0
quora-drift,ARC-exact,400,0,2600,0.0
quora-drift,ARC-exact,400,0,2610,0.0
quora-drift,ARC-exact,400,0,2620,0.0
quora-drift,ARC-exact,400,0,2630,0.0
quora-drift,ARC-exact,400,0,2640,0.0
quora-drift,ARC-exact,400,0,2650,0.0
quora-drift,ARC-exact,400,0,2660,0.0
quora-drift,ARC-exact,400,0,2670,0.0
quora-drift,ARC-exact,400,0,2680,0.0
quora-drift,ARC-exact,400,0,2690,0.0
quora-drift,ARC-exact,400,0,2700,0.0
quora-drift,ARC-exact,400,0,2710,0.0
quora-drift,ARC-exact,400,0,2720,0.0
quora-drift,ARC-exact,400,0,2730,0.0
quora-drift,ARC-exact,400,0,2740,0.0
quora-drift,ARC-exact,400,0,2750,0.0
quora-drift,ARC-exact,400,0,2760,0.0
quora-drift,ARC-exact,400,0,2770,0.0
quora-drift,ARC-exact,400,0,2780,0.0
quora-drift,ARC-exact,400,0,2790,0.0
quora-drift,ARC-exact,400,0,2800,0.0
quora-drift,ARC-exact,400,0,2810,0.0
quora-drift,ARC-exact,400,0,2820,0.0
quora-drift,ARC-exact,400,0,2830,0.0
quora-drift,ARC-exact,400,0,2840,0.0
quora-drift,ARC-exact,400,0,2850,0.0
quora-drift,ARC-exact,400,0,2860,0.0
quora-drift,ARC-exact,400,0,2870,0.0
quora-drift,ARC-exact,400,0,2880,0.0
quora-drift,ARC-exact,400,0,2890,0.0
quora-drift,ARC-exact,400,0,2900,0.0
quora-drift,ARC-exact,400,0,2910,0.0
quora-drift,ARC-exact,400,0,2920,0.0
quora-drift,ARC-exact,400,0,2930,0.0
quora-drift,ARC-exact,400,0,2940,0.0
quora-drift,ARC-exact,400,0,2950,0.0
quora-drift,ARC-exact,400,0,2960,0.0
quora-drift,ARC-exact,400,0,2970,0.0
quora-drift,ARC-exact,400,0,2980,0.0
quora-drift,ARC-exact,400,0,2990,0.0
quora-drift,ARC-exact,400,0,3000,0.0
quora-drift,ARC-exact,400,0,3010,0.0
quora-drift,ARC-exact,400,0,3020,0.0
quora-drift,ARC-exact,400,0,3030,0.0
quora-drift,ARC-exact,400,0,3040,0.0
quora-drift,ARC-exact,400,0,3050,0.0
quora-drift,ARC-exact,400,0,3060,0.0
quora-drift,ARC-exact,400,0,3070,0.0
quora-drift,ARC-exact,400,0,3080,0.0
quora-drift,ARC-exact,400,0,3090,0.0
quora-drift,ARC-exact,400,0,3100,0.0
quora-drift,ARC-exact,400,0,3110,0.0
quora-drift,ARC-exact,400,0,3120,0.0
quora-drift,ARC-exact,400,0,3130,0.0
quora-drift,ARC-exact,400,0,3140,0.0
quora-drift,ARC-exact,400,0,3150,0.0
quora-drift,ARC-exact,400,0,3160,0.0
quora-drift,ARC-exact,400,0,3170,0.0
quora-drift,ARC-exact,400,0,3180,0.0
quora-drift,ARC-exact,400,0,3190,0.0
quora-drift,ARC-exact,400,0,3200,0.0
quora-drift,ARC-exact,400,0,3210,0.0
quora-drift,ARC-exact,400,0,3220,0.0
quora-drift,ARC-exact,400,0,3230,0.0
quora-drift,ARC-exact,400,0,3240,0.0
quora-drift,ARC-exact,400,0,3250,0.0
quora-drift,ARC-exact,400,0,3260,0.0
quora-drift,ARC-exact,400,0,3270,0.0
quora-drift,ARC-exact,400,0,3280,0.0
quora-drift,ARC-exact,400,0,3290,0.0
quora-drift,ARC-exact,400,0,3300,0.0
quora-drift,ARC-exact,400,0,3310,0.0
quora-drift,ARC-exact,400,0,3320,0.0
quora-drift,ARC-exact,400,0,3330,0.0
quora-drift,ARC-exact,400,0,3340,0.0
quora-drift,ARC-exact,400,0,3350,0.0
quora-drift,ARC-exact,400,0,3360,0.0
quora-drift,ARC-exact,400,0,3370,0.0
quora-drift,ARC-exact,400,0,3380,0.0
quora-drift,ARC-exact,400,0,3390,0.0
quora-drift,ARC-exact,400,0,3400,0.0
quora-drift,ARC-exact,400,0,3410,0.0
quora-drift,ARC-exact,400,0,3420,0.0
quora-drift,ARC-exact,400,0,3430,0.0
quora-drift,ARC-exact,400,0,3440,0.0
quora-drift,ARC-exact,400,0,3450,0.0
quora-drift,ARC-exact,400,0,3460,0.0
quora-drift,ARC-exact,400,0,3470,0.0
quora-drift,ARC-exact,400,0,3480,0.0
quora-drift,ARC-exact,400,0,3490,0.0
quora-drift,ARC-exact,400,0,3500,0.0
quora-drift,ARC-exact,400,0,3510,0.0
quora-drift,ARC-exact,400,0,3520,0.0
quora-drift,ARC-exact,400,0,3530,0.0
quora-drift,ARC-exact,400,0,3540,0.0
quora-drift,ARC-exact,400,0,3550,0.0
quora-drift,ARC-exact,400,0,3560,0.0
quora-drift,ARC-exact,400,0,3570,0.0
quora-drift,ARC-exact,400,0,3580,0.0
quora-drift,ARC-exact,400,0,3590,0.0
quora-drift,ARC-exact,400,0,3600,0.0
quora-drift,ARC-exact,400,0,3610,0.0
quora-drift,ARC-exact,400,0,3620,0.0
quora-drift,ARC-exact,400,0,3630,0.0
quora-drift,ARC-exact,400,0,3640,0.0
quora-drift,ARC-exact,400,0,3650,0.0
quora-drift,ARC-exact,400,0,3660,0.0
quora-drift,ARC-exact,400,0,3670,0.0
quora-drift,ARC-exact,400,0,3680,0.0
quora-drift,ARC-exact,400,0,3690,0.0
quora-drift,ARC-exact,400,0,3700,0.0
quora-drift,ARC-exact,400,0,3710,0.0
quora-drift,ARC-exact,400,0,3720,0.0
quora-drift,ARC-exact,400,0,3730,0.0
quora-drift,ARC-exact,400,0,3740,0.0
quora-drift,ARC-exact,400,0,3750,0.0
quora-drift,ARC-exact,400,0,3760,0.0
quora-drift,ARC-exact,400,0,3770,0.0
quora-drift,ARC-exact,400,0,3780,0.0
quora-drift,ARC-exact,400,0,3790,0.0
quora-drift,ARC-exact,400,0,3800,0.0
quora-drift,ARC-exact,400,0,3810,0.0
quora-drift,ARC-exact,400,0,3820,0.0
quora-drift,ARC-exact,400,0,3830,0.0
quora-drift,ARC-exact,400,0,3840,0.0
quora-drift,ARC-exact,400,0,3850,0.0
quora-drift,ARC-exact,400,0,3860,0.0
quora-drift,ARC-exact,400,0,3870,0.0
quora-drift,ARC-exact,400,0,3880,0.0
quora-drift,ARC-exact,400,0,3890,0.0
quora-drift,ARC-exact,400,0,3900,0.0
quora-drift,ARC-exact,400,0,3910,0.0
quora-drift,ARC-exact,400,0,3920,0.0
quora-drift,ARC-exact,400,0,3930,0.0
quora-drift,ARC-exact,400,0,3940,0.0
quora-drift,ARC-exact,400,0,3950,0.0
quora-drift,ARC-exact,400,0,3960,0.0
quora-drift,ARC-exact,400,0,3970,0.0
quora-drift,ARC-exact,400,0,3980,0.0
quora-drift,ARC-exact,400,0,3990,0.0
quora-drift,ARC-exact,400,0,4000,0.0
quora-drift,ARC-exact,400,0,4010,0.0
quora-drift,ARC-exact,400,0,4020,0.0
quora-drift,ARC-exact,400,0,4030,0.0
quora-drift,ARC-exact,400,0,4040,0.0
quora-drift,ARC-exact,400,0,4050,0.0
quora-drift,ARC-exact,400,0,4060,0.0
quora-drift,ARC-exact,400,0,4070,0.0
quora-drift,ARC-exact,400,0,4080,0.0
quora-drift,ARC-exact,400,0,4090,0.0
quora-drift,ARC-exact,400,0,4100,0.0
quora-drift,ARC-exact,400,0,4110,0.0
quora-drift,ARC-exact,400,0,4120,0.0
quora-drift,ARC-exact,400,0,4130,0.0
quora-drift,ARC-exact,400,0,4140,0.0
quora-drift,ARC-exact,400,0,4150,0.0
quora-drift,ARC-exact,400,0,4160,0.0
quora-drift,ARC-exact,400,0,4170,0.0
quora-drift,ARC-exact,400,0,4180,0.0
quora-drift,ARC-exact,400,0,4190,0.0
quora-drift,ARC-exact,400,0,4200,0.0
quora-drift,ARC-exact,400,0,4210,0.0
quora-drift,ARC-exact,400,0,4220,0.0
quora-drift,ARC-exact,400,0,4230,0.0
quora-drift,ARC-exact,400,0,4240,0.0
quora-drift,ARC-exact,400,0,4250,0.0
quora-drift,ARC-exact,400,0,4260,0.0
quora-drift,ARC-exact,400,0,4270,0.0
quora-drift,ARC-exact,400,0,4280,0.0
quora-drift,ARC-exact,400,0,4290,0.0
quora-drift,ARC-exact,400,0,4300,0.0
quora-drift,ARC-exact,400,0,4310,0.0
quora-drift,ARC-exact,400,0,4320,0.0
quora-drift,ARC-exact,400,0,4330,0.0
quora-drift,ARC-exact,400,0,4340,0.0
quora-drift,ARC-exact,400,0,4350,0.0
quora-drift,ARC-exact,400,0,4360,0.0
quora-drift,ARC-exact,400,0,4370,0.0
quora-drift,ARC-exact,400,0,4380,0.0
quora-drift,ARC-exact,400,0,4390,0.0
quora-drift,ARC-exact,400,0,4400,0.0
quora-drift,ARC-exact,400,0,4410,0.0
quora-drift,ARC-exact,400,0,4420,0.0
quora-drift,ARC-exact,400,0,4430,0.0
quora-drift,ARC-exact,400,0,4440,0.0
quora-drift,ARC-exact,400,0,4450,0.0
quora-drift,ARC-exact,400,0,4460,0.0
quora-drift,ARC-exact,400,0,4470,0.0
quora-drift,ARC-exact,400,0,4480,0.0
quora-drift,ARC-exact,400,0,4490,0.0
quora-drift,ARC-exact,400,0,4500,0.0
quora-drift,ARC-exact,400,0,4510,0.0
quora-drift,ARC-exact,400,0,4520,0.0
quora-drift,ARC-exact,400,0,4530,0.0
quora-drift,ARC-exact,400,0,4540,0.0
quora-drift,ARC-exact,400,0,4550,0.0
quora-drift,ARC-exact,400,0,4560,0.0
quora-drift,ARC-exact,400,0,4570,0.0
quora-drift,ARC-exact,400,0,4580,0.0
quora-drift,ARC-exact,400,0,4590,0.0
quora-drift,ARC-exact,400,0,4600,0.0
quora-drift,ARC-exact,400,0,4610,0.0
quora-drift,ARC-exact,400,0,4620,0.0
quora-drift,ARC-exact,400,0,4630,0.0
quora-drift,ARC-exact,400,0,4640,0.0
quora-drift,ARC-exact,400,0,4650,0.0
quora-drift,ARC-exact,400,0,4660,0.0
quora-drift,ARC-exact,400,0,4670,0.0
quora-drift,ARC-exact,400,0,4680,0.0
quora-drift,ARC-exact,400,0,4690,0.0
quora-drift,ARC-exact,400,0,4700,0.0
quora-drift,ARC-exact,400,0,4710,0.0
quora-drift,ARC-exact,400,0,4720,0.0
quora-drift,ARC-exact,400,0,4730,0.0
quora-drift,ARC-exact,400,0,4740,0.0
quora-drift,ARC-exact,400,0,4750,0.0
quora-drift,ARC-exact,400,0,4760,0.0
quora-drift,ARC-exact,400,0,4770,0.0
quora-drift,ARC-exact,400,0,4780,0.0
quora-drift,ARC-exact,400,0,4790,0.0
quora-drift,ARC-exact,400,0,4800,0.0
quora-drift,ARC-exact,400,0,4810,0.0
quora-drift,ARC-exact,400,0,4820,0.0
quora-drift,ARC-exact,400,0,4830,0.0
quora-drift,ARC-exact,400,0,4840,0.0
quora-drift,ARC-exact,400,0,4850,0.0
quora-drift,ARC-exact,400,0,4860,0.0
quora-drift,ARC-exact,400,0,4870,0.0
quora-drift,ARC-exact,400,0,4880,0.0
quora-drift,ARC-exact,400,0,4890,0.0
quora-drift,ARC-exact,400,0,4900,0.0
quora-drift,ARC-exact,400,0,4910,0.0
quora-drift,ARC-exact,400,0,4920,0.0
quora-drift,ARC-exact,400,0,4930,0.0
quora-drift,ARC-exact,400,0,4940,0.0
quora-drift,ARC-exact,400,0,4950,0.0
quora-drift,ARC-exact,400,0,4960,0.0
quora-drift,ARC-exact,400,0,4970,0.0
quora-drift,ARC-exact,400,0,4980,0.0
quora-drift,ARC-exact,400,0,4990,0.0
quora-drift,ARC-exact,400,0,5000,0.0
quora-drift,ARC-exact,400,0,5010,0.0
quora-drift,ARC-exact,400,0,5020,0.0
quora-drift,ARC-exact,400,0,5030,0.0
quora-drift,ARC-exact,400,0,5040,0.0
quora-drift,ARC-exact,400,0,5050,0.0
quora-drift,ARC-exact,400,0,5060,0.0
quora-drift,ARC-exact,400,0,5070,0.0
quora-drift,ARC-exact,400,0,5080,0.0
quora-drift,ARC-exact,400,0,5090,0.0
quora-drift,ARC-exact,400,0,5100,0.0
quora-drift,ARC-exact,400,0,5110,0.0
quora-drift,ARC-exact,400,0,5120,0.0
quora-drift,ARC-exact,400,0,5130,0.0
quora-drift,ARC-exact,400,0,5140,0.0
quora-drift,ARC-exact,400,0,5150,0.0
quora-drift,ARC-exact,400,0,5160,0.0
quora-drift,ARC-exact,400,0,5170,0.0
quora-drift,ARC-exact,400,0,5180,0.0
quora-drift,ARC-exact,400,0,5190,0.0
quora-drift,ARC-exact,400,0,5200,0.0
quora-drift,ARC-exact,400,0,5210,0.0
quora-drift,ARC-exact,400,0,5220,0.0
quora-drift,ARC-exact,400,0,5230,0.0
quora-drift,ARC-exact,400,0,5240,0.0
quora-drift,ARC-exact,400,0,5250,0.0
quora-drift,ARC-exact,400,0,5260,0.0
quora-drift,ARC-exact,400,0,5270,0.0
quora-drift,ARC-exact,400,0,5280,0.0
quora-drift,ARC-exact,400,0,5290,0.0
quora-drift,ARC-exact,400,0,5300,0.0
quora-drift,ARC-exact,400,0,5310,0.0
quora-drift,ARC-exact,400,0,5320,0.0
quora-drift,ARC-exact,400,0,5330,0.0
quora-drift,ARC-exact,400,0,5340,0.0
quora-drift,ARC-exact,400,0,5350,0.0
quora-drift,ARC-exact,400,0,5360,0.0
quora-drift,ARC-exact,400,0,5370,0.0
quora-drift,ARC-exact,400,0,5380,0.0
quora-drift,ARC-exact,400,0,5390,0.0
quora-drift,ARC-exact,400,0,5400,0.0
quora-drift,ARC-exact,400,0,5410,0.0
quora-drift,ARC-exact,400,0,5420,0.0
quora-drift,ARC-exact,400,0,5430,0.0
quora-drift,ARC-exact,400,0,5440,0.0
quora-drift,ARC-exact,400,0,5450,0.0
quora-drift,ARC-exact,400,0,5460,0.0
quora-drift,ARC-exact,400,0,5470,0.0
quora-drift,ARC-exact,400,0,5480,0.0
quora-drift,ARC-exact,400,0,5490,0.0
quora-drift,ARC-exact,400,0,5500,0.0
quora-drift,ARC-exact,400,0,5510,0.0
quora-drift,ARC-exact,400,0,5520,0.0
quora-drift,ARC-exact,400,0,5530,0.0
quora-drift,ARC-exact,400,0,5540,0.0
quora-drift,ARC-exact,400,0,5550,0.0
quora-drift,ARC-exact,400,0,5560,0.0
quora-drift,ARC-exact,400,0,5570,0.0
quora-drift,ARC-exact,400,0,5580,0.0
quora-drift,ARC-exact,400,0,5590,0.0
quora-drift,ARC-exact,400,0,5600,0.0
quora-drift,ARC-exact,400,0,5610,0.0
quora-drift,ARC-exact,400,0,5620,0.0
quora-drift,ARC-exact,400,0,5630,0.0
quora-drift,ARC-exact,400,0,5640,0.0
quora-drift,ARC-exact,400,0,5650,0.0
quora-drift,ARC-exact,400,0,5660,0.0
quora-drift,ARC-exact,400,0,5670,0.0
quora-drift,ARC-exact,400,0,5680,0.0
quora-drift,ARC-exact,400,0,5690,0.0
quora-drift,ARC-exact,400,0,5700,0.0
quora-drift,ARC-exact,400,0,5710,0.0
quora-drift,ARC-exact,400,0,5720,0.0
quora-drift,ARC-exact,400,0,5730,0.0
quora-drift,ARC-exact,400,0,5740,0.0
quora-drift,ARC-exact,400,0,5750,0.0
quora-drift,ARC-exact,400,0,5760,0.0
quora-drift,ARC-exact,400,0,5770,0.0
quora-drift,ARC-exact,400,0,5780,0.0
quora-drift,ARC-exact,400,0,5790,0.0
quora-drift,ARC-exact,400,0,5800,0.0
quora-drift,ARC-exact,400,0,5810,0.0
quora-drift,ARC-exact,400,0,5820,0.0
quora-drift,ARC-exact,400,0,5830,0.0
quora-drift,ARC-exact,400,0,5840,0.0
quora-drift,ARC-exact,400,0,5850,0.0
quora-drift,ARC-exact,400,0,5860,0.0
quora-drift,ARC-exact,400,0,5870,0.0
quora-drift,ARC-exact,400,0,5880,0.0
quora-drift,ARC-exact,400,0,5890,0.0
quora-drift,ARC-exact,400,0,5900,0.0
quora-drift,ARC-exact,400,0,5910,0.0
quora-drift,ARC-exact,400,0,5920,0.0
quora-drift,ARC-exact,400,0,5930,0.0
quora-drift,ARC-exact,400,0,5940,0.0
quora-drift,ARC-exact,400,0,5950,0.0
quora-drift,ARC-exact,400,0,5960,0.0
quora-drift,ARC-exact,400,0,5970,0.0
quora-drift,ARC-exact,400,0,5980,0.0
quora-drift,ARC-exact,400,0,5990,0.0
quora-drift,ARC-exact,400,0,6000,0.0
quora-drift,ARC-exact,400,0,6010,0.0
quora-drift,ARC-exact,400,0,6020,0.0
quora-drift,ARC-exact,400,0,6030,0.0
quora-drift,ARC-exact,400,0,6040,0.0
quora-drift,ARC-exact,400,0,6050,0.0
quora-drift,ARC-exact,400,0,6060,0.0
quora-drift,ARC-exact,400,0,6070,0.0
quora-drift,ARC-exact,400,0,6080,0.0
quora-drift,ARC-exact,400,0,6090,0.0
quora-drift,ARC-exact,400,0,6100,0.0
quora-drift,ARC-exact,400,0,6110,0.0
quora-drift,ARC-exact,400,0,6120,0.0
quora-drift,ARC-exact,400,0,6130,0.0
quora-drift,ARC-exact,400,0,6140,0.0
quora-drift,ARC-exact,400,0,6150,0.0
quora-drift,ARC-exact,400,0,6160,0.0
quora-drift,ARC-exact,400,0,6170,0.0
quora-drift,ARC-exact,400,0,6180,0.0
quora-drift,ARC-exact,400,0,6190,0.0
quora-drift,ARC-exact,400,0,6200,0.0
quora-drift,ARC-exact,400,0,6210,0.0
quora-drift,ARC-exact,400,0,6220,0.0
quora-drift,ARC-exact,400,0,6230,0.0
quora-drift,ARC-exact,400,0,6240,0.0
quora-drift,ARC-exact,400,0,6250,0.0
quora-drift,ARC-exact,400,0,6260,0.0
quora-drift,ARC-exact,400,0,6270,0.0
quora-drift,ARC-exact,400,0,6280,0.0
quora-drift,ARC-exact,400,0,6290,0.0
quora-drift,ARC-exact,400,0,6300,0.0
quora-drift,ARC-exact,400,0,6310,0.0
quora-drift,ARC-exact,400,0,6320,0.0
quora-drift,ARC-exact,400,0,6330,0.0
quora-drift,ARC-exact,400,0,6340,0.0
quora-drift,ARC-exact,400,0,6350,0.0
quora-drift,ARC-exact,400,0,6360,0.0
quora-drift,ARC-exact,400,0,6370,0.0
quora-drift,ARC-exact,400,0,6380,0.0
quora-drift,ARC-exact,400,0,6390,0.0
quora-drift,ARC-exact,400,0,6400,0.0
quora-drift,ARC-exact,400,0,6410,0.0
quora-drift,ARC-exact,400,0,6420,0.0
quora-drift,ARC-exact,400,0,6430,0.0
quora-drift,ARC-exact,400,0,6440,0.0
quora-drift,ARC-exact,400,0,6450,0.0
quora-drift,ARC-exact,400,0,6460,0.0
quora-drift,ARC-exact,400,0,6470,0.0
quora-drift,ARC-exact,400,0,6480,0.0
quora-drift,ARC-exact,400,0,6490,0.0
quora-drift,ARC-exact,400,0,6500,0.0
quora-drift,ARC-exact,400,0,6510,0.0
quora-drift,ARC-exact,400,0,6520,0.0
quora-drift,ARC-exact,400,0,6530,0.0
quora-drift,ARC-exact,400,0,6540,0.0
quora-drift,ARC-exact,400,0,6550,0.0
quora-drift,ARC-exact,400,0,6560,0.0
quora-drift,ARC-exact,400,0,6570,0.0
quora-drift,ARC-exact,400,0,6580,0.0
quora-drift,ARC-exact,400,0,6590,0.0
quora-drift,ARC-exact,400,0,6600,0.0
quora-drift,ARC-exact,400,0,6610,0.0
quora-drift,ARC-exact,400,0,6620,0.0
quora-drift,ARC-exact,400,0,6630,0.0
quora-drift,ARC-exact,400,0,6640,0.0
quora-drift,ARC-exact,400,0,6650,0.0
quora-drift,ARC-exact,400,0,6660,0.0
quora-drift,ARC-exact,400,0,6670,0.0
quora-drift,ARC-exact,400,0,6680,0.0
quora-drift,ARC-exact,400,0,6690,0.0
quora-drift,ARC-exact,400,0,6700,0.0
quora-drift,ARC-exact,400,0,6710,0.0
quora-drift,ARC-exact,400,0,6720,0.0
quora-drift,ARC-exact,400,0,6730,0.0
quora-drift,ARC-exact,400,0,6740,0.0
quora-drift,ARC-exact,400,0,6750,0.0
quora-drift,ARC-exact,400,0,6760,0.0
quora-drift,ARC-exact,400,0,6770,0.0
quora-drift,ARC-exact,400,0,6780,0.0
quora-drift,ARC-exact,400,0,6790,0.0
quora-drift,ARC-exact,400,0,6800,0.0
quora-drift,ARC-exact,400,0,6810,0.0
quora-drift,ARC-exact,400,0,6820,0.0
quora-drift,ARC-exact,400,0,6830,0.0
quora-drift,ARC-exact,400,0,6840,0.0
quora-drift,ARC-exact,400,0,6850,0.0
quora-drift,ARC-exact,400,0,6860,0.0
quora-drift,ARC-exact,400,0,6870,0.0
quora-drift,ARC-exact,400,0,6880,0.0
quora-drift,ARC-exact,400,0,6890,0.0
quora-drift,ARC-exact,400,0,6900,0.0
quora-drift,ARC-exact,400,0,6910,0.0
quora-drift,ARC-exact,400,0,6920,0.0
quora-drift,ARC-exact,400,0,6930,0.0
quora-drift,ARC-exact,400,0,6940,0.0
quora-drift,ARC-exact,400,0,6950,0.0
quora-drift,ARC-exact,400,0,6960,0.0
quora-drift,ARC-exact,400,0,6970,0.0
quora-drift,ARC-exact,400,0,6980,0.0
quora-drift,ARC-exact,400,0,6990,0.0
quora-drift,ARC-exact,400,0,7000,0.0
quora-drift,ARC-exact,400,0,7010,0.0
quora-drift,ARC-exact,400,0,7020,0.0
quora-drift,ARC-exact,400,0,7030,0.0
quora-drift,ARC-exact,400,0,7040,0.0
quora-drift,ARC-exact,400,0,7050,0.0
quora-drift,ARC-exact,400,0,7060,0.0
quora-drift,ARC-exact,400,0,7070,0.0
quora-drift,ARC-exact,400,0,7080,0.0
quora-drift,ARC-exact,400,0,7090,0.0
quora-drift,ARC-exact,400,0,7100,0.0
quora-drift,ARC-exact,400,0,7110,0.0
quora-drift,ARC-exact,400,0,7120,0.0
quora-drift,ARC-exact,400,0,7130,0.0
quora-drift,ARC-exact,400,0,7140,0.0
quora-drift,ARC-exact,400,0,7150,0.0
quora-drift,ARC-exact,400,0,7160,0.0
quora-drift,ARC-exact,400,0,7170,0.0
quora-drift,ARC-exact,400,0,7180,0.0
quora-drift,ARC-exact,400,0,7190,0.0
quora-drift,ARC-exact,400,0,7200,0.0
quora-drift,ARC-exact,400,0,7210,0.0
quora-drift,ARC-exact,400,0,7220,0.0
quora-drift,ARC-exact,400,0,7230,0.0
quora-drift,ARC-exact,400,0,7240,0.0
quora-drift,ARC-exact,400,0,7250,0.0
quora-drift,ARC-exact,400,0,7260,0.0
quora-drift,ARC-exact,400,0,7270,0.0
quora-drift,ARC-exact,400,0,7280,0.0
quora-drift,ARC-exact,400,0,7290,0.0
quora-drift,ARC-exact,400,0,7300,0.0
quora-drift,ARC-exact,400,0,7310,0.0
quora-drift,ARC-exact,400,0,7320,0.0
quora-drift,ARC-exact,400,0,7330,0.0
quora-drift,ARC-exact,400,0,7340,0.0
quora-drift,ARC-exact,400,0,7350,0.0
quora-drift,ARC-exact,400,0,7360,0.0
quora-drift,ARC-exact,400,0,7370,0.0
quora-drift,ARC-exact,400,0,7380,0.0
quora-drift,ARC-exact,400,0,7390,0.0
quora-drift,ARC-exact,400,0,7400,0.0
quora-drift,ARC-exact,400,0,7410,0.0
quora-drift,ARC-exact,400,0,7420,0.0
quora-drift,ARC-exact,400,0,7430,0.0
quora-drift,ARC-exact,400,0,7440,0.0
quora-drift,ARC-exact,400,0,7450,0.0
quora-drift,ARC-exact,400,0,7460,0.0
quora-drift,ARC-exact,400,0,7470,0.0
quora-drift,ARC-exact,400,0,7480,0.0
quora-drift,ARC-exact,400,0,7490,0.0
quora-drift,ARC-exact,400,0,7500,0.0
quora-drift,ARC-exact,400,0,7510,0.0
quora-drift,ARC-exact,400,0,7520,0.0
quora-drift,ARC-exact,400,0,7530,0.0
quora-drift,ARC-exact,400,0,7540,0.0
quora-drift,ARC-exact,400,0,7550,0.0
quora-drift,ARC-exact,400,0,7560,0.0
quora-drift,ARC-exact,400,0,7570,0.0
quora-drift,ARC-exact,400,0,7580,0.0
quora-drift,ARC-exact,400,0,7590,0.0
quora-drift,ARC-exact,400,0,7600,0.0
quora-drift,ARC-exact,400,0,7610,0.0
quora-drift,ARC-exact,400,0,7620,0.0
quora-drift,ARC-exact,400,0,7630,0.0
quora-drift,ARC-exact,400,0,7640,0.0
quora-drift,ARC-exact,400,0,7650,0.0
quora-drift,ARC-exact,400,0,7660,0.0
quora-drift,ARC-exact,400,0,7670,0.0
quora-drift,ARC-exact,400,0,7680,0.0
quora-drift,ARC-exact,400,0,7690,0.0
quora-drift,ARC-exact,400,0,7700,0.0
quora-drift,ARC-exact,400,0,7710,0.0
quora-drift,ARC-exact,400,0,7720,0.0
quora-drift,ARC-exact,400,0,7730,0.0
quora-drift,ARC-exact,400,0,7740,0.0
quora-drift,ARC-exact,400,0,7750,0.0
quora-drift,ARC-exact,400,0,7760,0.0
quora-drift,ARC-exact,400,0,7770,0.0
quora-drift,ARC-exact,400,0,7780,0.0
quora-drift,ARC-exact,400,0,7790,0.0
quora-drift,ARC-exact,400,0,7800,0.0
quora-drift,ARC-exact,400,0,7810,0.0
quora-drift,ARC-exact,400,0,7820,0.0
quora-drift,ARC-exact,400,0,7830,0.0
quora-drift,ARC-exact,400,0,7840,0.0
quora-drift,ARC-exact,400,0,7850,0.0
quora-drift,ARC-exact,400,0,7860,0.0
quora-drift,ARC-exact,400,0,7870,0.0
quora-drift,ARC-exact,400,0,7880,0.0
quora-drift,ARC-exact,400,0,7890,0.0
quora-drift,ARC-exact,400,0,7900,0.0
quora-drift,ARC-exact,400,0,7910,0.0
quora-drift,ARC-exact,400,0,7920,0.0
quora-drift,ARC-exact,400,0,7930,0.0
quora-drift,ARC-exact,400,0,7940,0.0
quora-drift,ARC-exact,400,0,7950,0.0
quora-drift,ARC-exact,400,0,7960,0.0
quora-drift,ARC-exact,400,0,7970,0.0
quora-drift,ARC-exact,400,0,7980,0.0
quora-drift,ARC-exact,400,0,7990,0.0
quora-drift,ARC-exact,400,0,8000,0.0
quora-drift,ARC-exact,400,0,8010,0.0
quora-drift,ARC-exact,400,0,8020,0.0
quora-drift,ARC-exact,400,0,8030,0.0
quora-drift,ARC-exact,400,0,8040,0.0
quora-drift,ARC-exact,400,0,8050,0.0
quora-drift,ARC-exact,400,0,8060,0.0
quora-drift,ARC-exact,400,0,8070,0.0
quora-drift,ARC-exact,400,0,8080,0.0
quora-drift,ARC-exact,400,0,8090,0.0
quora-drift,ARC-exact,400,0,8100,0.0
quora-drift,ARC-exact,400,0,8110,0.0
quora-drift,ARC-exact,400,0,8120,0.0
quora-drift,ARC-exact,400,0,8130,0.0
quora-drift,ARC-exact,400,0,8140,0.0
quora-drift,ARC-exact,400,0,8150,0.0
quora-drift,ARC-exact,400,0,8160,0.0
quora-drift,ARC-exact,400,0,8170,0.0
quora-drift,ARC-exact,400,0,8180,0.0
quora-drift,ARC-exact,400,0,8190,0.0
quora-drift,ARC-exact,400,0,8200,0.0
quora-drift,ARC-exact,400,0,8210,0.0
quora-drift,ARC-exact,400,0,8220,0.0
quora-drift,ARC-exact,400,0,8230,0.0
quora-drift,ARC-exact,400,0,8240,0.0
quora-drift,ARC-exact,400,0,8250,0.0
quora-drift,ARC-exact,400,0,8260,0.0
quora-drift,ARC-exact,400,0,8270,0.0
quora-drift,ARC-exact,400,0,8280,0.0
quora-drift,ARC-exact,400,0,8290,0.0
quora-drift,ARC-exact,400,0,8300,0.0
quora-drift,ARC-exact,400,0,8310,0.0
quora-drift,ARC-exact,400,0,8320,0.0
quora-drift,ARC-exact,400,0,8330,0.0
quora-drift,ARC-exact,400,0,8340,0.0
quora-drift,ARC-exact,400,0,8350,0.0
quora-drift,ARC-exact,400,0,8360,0.0
quora-drift,ARC-exact,400,0,8370,0.0
quora-drift,ARC-exact,400,0,8380,0.0
quora-drift,ARC-exact,400,0,8390,0.0
quora-drift,ARC-exact,400,0,8400,0.0
quora-drift,ARC-exact,400,0,8410,0.0
quora-drift,ARC-exact,400,0,8420,0.0
quora-drift,ARC-exact,400,0,8430,0.0
quora-drift,ARC-exact,400,0,8440,0.0
quora-drift,ARC-exact,400,0,8450,0.0
quora-drift,ARC-exact,400,0,8460,0.0
quora-drift,ARC-exact,400,0,8470,0.0
quora-drift,ARC-exact,400,0,8480,0.0
quora-drift,ARC-exact,400,0,8490,0.0
quora-drift,ARC-exact,400,0,8500,0.0
quora-drift,ARC-exact,400,0,8510,0.0
quora-drift,ARC-exact,400,0,8520,0.0
quora-drift,ARC-exact,400,0,8530,0.0
quora-drift,ARC-exact,400,0,8540,0.0
quora-drift,ARC-exact,400,0,8550,0.0
quora-drift,ARC-exact,400,0,8560,0.0
quora-drift,ARC-exact,400,0,8570,0.0
quora-drift,ARC-exact,400,0,8580,0.0
quora-drift,ARC-exact,400,0,8590,0.0
quora-drift,ARC-exact,400,0,8600,0.0
quora-drift,ARC-exact,400,0,8610,0.0
quora-drift,ARC-exact,400,0,8620,0.0
quora-drift,ARC-exact,400,0,8630,0.0
quora-drift,ARC-exact,400,0,8640,0.0
quora-drift,ARC-exact,400,0,8650,0.0
quora-drift,ARC-exact,400,0,8660,0.0
quora-drift,ARC-exact,400,0,8670,0.0
quora-drift,ARC-exact,400,0,8680,0.0
quora-drift,ARC-exact,400,0,8690,0.0
quora-drift,ARC-exact,400,0,8700,0.0
quora-drift,ARC-exact,400,0,8710,0.0
quora-drift,ARC-exact,400,0,8720,0.0
quora-drift,ARC-exact,400,0,8730,0.0
quora-drift,ARC-exact,400,0,8740,0.0
quora-drift,ARC-exact,400,0,8750,0.0
quora-drift,ARC-exact,400,0,8760,0.0
quora-drift,ARC-exact,400,0,8770,0.0
quora-drift,ARC-exact,400,0,8780,0.0
quora-drift,ARC-exact,400,0,8790,0.0
quora-drift,ARC-exact,400,0,8800,0.0
quora-drift,ARC-exact,400,0,8810,0.0
quora-drift,ARC-exact,400,0,8820,0.0
quora-drift,ARC-exact,400,0,8830,0.0
quora-drift,ARC-exact,400,0,8840,0.0
quora-drift,ARC-exact,400,0,8850,0.0
quora-drift,ARC-exact,400,0,8860,0.0
quora-drift,ARC-exact,400,0,8870,0.0
quora-drift,ARC-exact,400,0,8880,0.0
quora-drift,ARC-exact,400,0,8890,0.0
quora-drift,ARC-exact,400,0,8900,0.0
quora-drift,ARC-exact,400,0,8910,0.0
quora-drift,ARC-exact,400,0,8920,0.0
quora-drift,ARC-exact,400,0,8930,0.0
quora-drift,ARC-exact,400,0,8940,0.0
quora-drift,ARC-exact,400,0,8950,0.0
quora-drift,ARC-exact,400,0,8960,0.0
quora-drift,ARC-exact,400,0,8970,0.0
quora-drift,ARC-exact,400,0,8980,0.0
quora-drift,ARC-exact,400,0,8990,0.0
quora-drift,ARC-exact,400,0,9000,0.0
quora-drift,ARC-exact,400,0,9010,0.0
quora-drift,ARC-exact,400,0,9020,0.0
quora-drift,ARC-exact,400,0,9030,0.0
quora-drift,ARC-exact,400,0,9040,0.0
quora-drift,ARC-exact,400,0,9050,0.0
quora-drift,ARC-exact,400,0,9060,0.0
quora-drift,ARC-exact,400,0,9070,0.0
quora-drift,ARC-exact,400,0,9080,0.0
quora-drift,ARC-exact,400,0,9090,0.0
quora-drift,ARC-exact,400,0,9100,0.0
quora-drift,ARC-exact,400,0,9110,0.0
quora-drift,ARC-exact,400,0,9120,0.0
quora-drift,ARC-exact,400,0,9130,0.0
quora-drift,ARC-exact,400,0,9140,0.0
quora-drift,ARC-exact,400,0,9150,0.0
quora-drift,ARC-exact,400,0,9160,0.0
quora-drift,ARC-exact,400,0,9170,0.0
quora-drift,ARC-exact,400,0,9180,0.0
quora-drift,ARC-exact,400,0,9190,0.0
quora-drift,ARC-exact,400,0,9200,0.0
quora-drift,ARC-exact,400,0,9210,0.0
quora-drift,ARC-exact,400,0,9220,0.0
quora-drift,ARC-exact,400,0,9230,0.0
quora-drift,ARC-exact,400,0,9240,0.0
quora-drift,ARC-exact,400,0,9250,0.0
quora-drift,ARC-exact,400,0,9260,0.0
quora-drift,ARC-exact,400,0,9270,0.0
quora-drift,ARC-exact,400,0,9280,0.0
quora-drift,ARC-exact,400,0,9290,0.0
quora-drift,ARC-exact,400,0,9300,0.0
quora-drift,ARC-exact,400,0,9310,0.0
quora-drift,ARC-exact,400,0,9320,0.0
quora-drift,ARC-exact,400,0,9330,0.0
quora-drift,ARC-exact,400,0,9340,0.0
quora-drift,ARC-exact,400,0,9350,0.0
quora-drift,ARC-exact,400,0,9360,0.0
quora-drift,ARC-exact,400,0,9370,0.0
quora-drift,ARC-exact,400,0,9380,0.0
quora-drift,ARC-exact,400,0,9390,0.0
quora-drift,ARC-exact,400,0,9400,0.0
quora-drift,ARC-exact,400,0,9410,0.0
quora-drift,ARC-exact,400,0,9420,0.0
quora-drift,ARC-exact,400,0,9430,0.0
quora-drift,ARC-exact,400,0,9440,0.0
quora-drift,ARC-exact,400,0,9450,0.0
quora-drift,ARC-exact,400,0,9460,0.0
quora-drift,ARC-exact,400,0,9470,0.0
quora-drift,ARC-exact,400,0,9480,0.0
quora-drift,ARC-exact,400,0,9490,0.0
quora-drift,ARC-exact,400,0,9500,0.0
quora-drift,ARC-exact,400,0,9510,0.0
quora-drift,ARC-exact,400,0,9520,0.0
quora-drift,ARC-exact,400,0,9530,0.0
quora-drift,ARC-exact,400,0,9540,0.0
quora-drift,ARC-exact,400,0,9550,0.0
quora-drift,ARC-exact,400,0,9560,0.0
quora-drift,ARC-exact,400,0,9570,0.0
quora-drift,ARC-exact,400,0,9580,0.0
quora-drift,ARC-exact,400,0,9590,0.0
quora-drift,ARC-exact,400,0,9600,0.0
quora-drift,ARC-exact,400,0,9610,0.0
quora-drift,ARC-exact,400,0,9620,0.0
quora-drift,ARC-exact,400,0,9630,0.0
quora-drift,ARC-exact,400,0,9640,0.0
quora-drift,ARC-exact,400,0,9650,0.0
quora-drift,ARC-exact,400,0,9660,0.0
quora-drift,ARC-exact,400,0,9670,0.0
quora-drift,ARC-exact,400,0,9680,0.0
quora-drift,ARC-exact,400,0,9690,0.0
quora-drift,ARC-exact,400,0,9700,0.0
quora-drift,ARC-exact,400,0,9710,0.0
quora-drift,ARC-exact,400,0,9720,0.0
quora-drift,ARC-exact,400,0,9730,0.0
quora-drift,ARC-exact,400,0,9740,0.0
quora-drift,ARC-exact,400,0,9750,0.0
quora-drift,ARC-exact,400,0,9760,0.0
quora-drift,ARC-exact,400,0,9770,0.0
quora-drift,ARC-exact,400,0,9780,0.0
quora-drift,ARC-exact,400,0,9790,0.0
quora-drift,ARC-exact,400,0,9800,0.0
quora-drift,ARC-exact,400,0,9810,0.0
quora-drift,ARC-exact,400,0,9820,0.0
quora-drift,ARC-exact,400,0,9830,0.0
quora-drift,ARC-exact,400,0,9840,0.0
quora-drift,ARC-exact,400,0,9850,0.0
quora-drift,ARC-exact,400,0,9860,0.0
quora-drift,ARC-exact,400,0,9870,0.0
quora-drift,ARC-exact,400,0,9880,0.0
quora-drift,ARC-exact,400,0,9890,0.0
quora-drift,ARC-exact,400,0,9900,0.0
quora-drift,ARC-exact,400,0,9910,0.0
quora-drift,ARC-exact,400,0,9920,0.0
quora-drift,ARC-exact,400,0,9930,0.0
quora-drift,ARC-exact,400,0,9940,0.0
quora-drift,ARC-exact,400,0,9950,0.0
quora-drift,ARC-exact,400,0,9960,0.0
quora-drift,ARC-exact,400,0,9970,0.0
quora-drift,ARC-exact,400,0,9980,0.0
quora-drift,ARC-exact,400,0,9990,0.0
quora-drift,ARC-exact,400,0,10000,0.0
quora-drift,ARC-exact,400,0,10010,0.0
quora-drift,ARC-exact,400,0,10020,0.0
quora-drift,ARC-exact,400,0,10030,0.0
quora-drift,ARC-exact,400,0,10040,0.0
quora-drift,ARC-exact,400,0,10050,0.0
quora-drift,ARC-exact,400,0,10060,0.0
quora-drift,ARC-exact,400,0,10070,0.0
quora-drift,ARC-exact,400,0,10080,0.0
quora-drift,ARC-exact,400,0,10090,0.0
quora-drift,ARC-exact,400,0,10100,0.0
quora-drift,ARC-exact,400,0,10110,0.0
quora-drift,ARC-exact,400,0,10120,0.0
quora-drift,ARC-exact,400,0,10130,0.0
quora-drift,ARC-exact,400,0,10140,0.0
quora-drift,ARC-exact,400,0,10150,0.0
quora-drift,ARC-exact,400,0,10160,0.0
quora-drift,ARC-exact,400,0,10170,0.0
quora-drift,ARC-exact,400,0,10180,0.0
quora-drift,ARC-exact,400,0,10190,0.0
quora-drift,ARC-exact,400,0,10200,0.0
quora-drift,ARC-exact,400,0,10210,0.0
quora-drift,ARC-exact,400,0,10220,0.0
quora-drift,ARC-exact,400,0,10230,0.0
quora-drift,ARC-exact,400,0,10240,0.0
quora-drift,ARC-exact,400,0,10250,0.0
quora-drift,ARC-exact,400,0,10260,0.0
quora-drift,ARC-exact,400,0,10270,0.0
quora-drift,ARC-exact,400,0,10280,0.0
quora-drift,ARC-exact,400,0,10290,0.0
quora-drift,ARC-exact,400,0,10300,0.0
quora-drift,ARC-exact,400,0,10310,0.0
quora-drift,ARC-exact,400,0,10320,0.0
quora-drift,ARC-exact,400,0,10330,0.0
quora-drift,ARC-exact,400,0,10340,0.0
quora-drift,ARC-exact,400,0,10350,0.0
quora-drift,ARC-exact,400,0,10360,0.0
quora-drift,ARC-exact,400,0,10370,0.0
quora-drift,ARC-exact,400,0,10380,0.0
quora-drift,ARC-exact,400,0,10390,0.0
quora-drift,ARC-exact,400,0,10400,0.0
quora-drift,ARC-exact,400,0,10410,0.0
quora-drift,ARC-exact,400,0,10420,0.0
quora-drift,ARC-exact,400,0,10430,0.0
quora-drift,ARC-exact,400,0,10440,0.0
quora-drift,ARC-exact,400,0,10450,0.0
quora-drift,ARC-exact,400,0,10460,0.0
quora-drift,ARC-exact,400,0,10470,0.0
quora-drift,ARC-exact,400,0,10480,0.0
quora-drift,ARC-exact,400,0,10490,0.0
quora-drift,ARC-exact,400,0,10500,0.0
quora-drift,ARC-exact,400,0,10510,0.0
quora-drift,ARC-exact,400,0,10520,0.0
quora-drift,ARC-exact,400,0,10530,0.0
quora-drift,ARC-exact,400,0,10540,0.0
quora-drift,ARC-exact,400,0,10550,0.0
quora-drift,ARC-exact,400,0,10560,0.0
quora-drift,ARC-exact,400,0,10570,0.0
quora-drift,ARC-exact,400,0,10580,0.0
quora-drift,ARC-exact,400,0,10590,0.0
quora-drift,ARC-exact,400,0,10600,0.0
quora-drift,ARC-exact,400,0,10610,0.0
quora-drift,ARC-exact,400,0,10620,0.0
quora-drift,ARC-exact,400,0,10630,0.0
quora-drift,ARC-exact,400,0,10640,0.0
quora-drift,ARC-exact,400,0,10650,0.0
quora-drift,ARC-exact,400,0,10660,0.0
quora-drift,ARC-exact,400,0,10670,0.0
quora-drift,ARC-exact,400,0,10680,0.0
quora-drift,ARC-exact,400,0,10690,0.0
quora-drift,ARC-exact,400,0,10700,0.0
quora-drift,ARC-exact,400,0,10710,0.0
quora-drift,ARC-exact,400,0,10720,0.0
quora-drift,ARC-exact,400,0,10730,0.0
quora-drift,ARC-exact,400,0,10740,0.0
quora-drift,ARC-exact,400,0,10750,0.0
quora-drift,ARC-exact,400,0,10760,0.0
quora-drift,ARC-exact,400,0,10770,0.0
quora-drift,ARC-exact,400,0,10780,0.0
quora-drift,ARC-exact,400,0,10790,0.0
quora-drift,ARC-exact,400,0,10800,0.0
quora-drift,ARC-exact,400,0,10810,0.0
quora-drift,ARC-exact,400,0,10820,0.0
quora-drift,ARC-exact,400,0,10830,0.0
quora-drift,ARC-exact,400,0,10840,0.0
quora-drift,ARC-exact,400,0,10850,0.0
quora-drift,ARC-exact,400,0,10860,0.0
quora-drift,ARC-exact,400,0,10870,0.0
quora-drift,ARC-exact,400,0,10880,0.0
quora-drift,ARC-exact,400,0,10890,0.0
quora-drift,ARC-exact,400,0,10900,0.0
quora-drift,ARC-exact,400,0,10910,0.0
quora-drift,ARC-exact,400,0,10920,0.0
quora-drift,ARC-exact,400,0,10930,0.0
quora-drift,ARC-exact,400,0,10940,0.0
quora-drift,ARC-exact,400,0,10950,0.0
quora-drift,ARC-exact,400,0,10960,0.0
quora-drift,ARC-exact,400,0,10970,0.0
quora-drift,ARC-exact,400,0,10980,0.0
quora-drift,ARC-exact,400,0,10990,0.0
quora-drift,ARC-exact,400,0,11000,0.0
quora-drift,ARC-exact,400,0,11010,0.0
quora-drift,ARC-exact,400,0,11020,0.0
quora-drift,ARC-exact,400,0,11030,0.0
quora-drift,ARC-exact,400,0,11040,0.0
quora-drift,ARC-exact,400,0,11050,0.0
quora-drift,ARC-exact,400,0,11060,0.0
quora-drift,ARC-exact,400,0,11070,0.0
quora-drift,ARC-exact,400,0,11080,0.0
quora-drift,ARC-exact,400,0,11090,0.0
quora-drift,ARC-exact,400,0,11100,0.0
quora-drift,ARC-exact,400,0,11110,0.0
quora-drift,ARC-exact,400,0,11120,0.0
quora-drift,ARC-exact,400,0,11130,0.0
quora-drift,ARC-exact,400,0,11140,0.0
quora-drift,ARC-exact,400,0,11150,0.0
quora-drift,ARC-exact,400,0,11160,0.0
quora-drift,ARC-exact,400,0,11170,0.0
quora-drift,ARC-exact,400,0,11180,0.0
quora-drift,ARC-exact,400,0,11190,0.0
quora-drift,ARC-exact,400,0,11200,0.0
quora-drift,ARC-exact,400,0,11210,0.0
quora-drift,ARC-exact,400,0,11220,0.0
quora-drift,ARC-exact,400,0,11230,0.0
quora-drift,ARC-exact,400,0,11240,0.0
quora-drift,ARC-exact,400,0,11250,0.0
quora-drift,ARC-exact,400,0,11260,0.0
quora-drift,ARC-exact,400,0,11270,0.0
quora-drift,ARC-exact,400,0,11280,0.0
quora-drift,ARC-exact,400,0,11290,0.0
quora-drift,ARC-exact,400,0,11300,0.0
quora-drift,ARC-exact,400,0,11310,0.0
quora-drift,ARC-exact,400,0,11320,0.0
quora-drift,ARC-exact,400,0,11330,0.0
quora-drift,ARC-exact,400,0,11340,0.0
quora-drift,ARC-exact,400,0,11350,0.0
quora-drift,ARC-exact,400,0,11360,0.0
quora-drift,ARC-exact,400,0,11370,0.0
quora-drift,ARC-exact,400,0,11380,0.0
quora-drift,ARC-exact,400,0,11390,0.0
quora-drift,ARC-exact,400,0,11400,0.0
quora-drift,ARC-exact,400,0,11410,0.0
quora-drift,ARC-exact,400,0,11420,0.0
quora-drift,ARC-exact,400,0,11430,0.0
quora-drift,ARC-exact,400,0,11440,0.0
quora-drift,ARC-exact,400,0,11450,0.0
quora-drift,ARC-exact,400,0,11460,0.0
quora-drift,ARC-exact,400,0,11470,0.0
quora-drift,ARC-exact,400,0,11480,0.0
quora-drift,ARC-exact,400,0,11490,0.0
quora-drift,ARC-exact,400,0,11500,0.0
quora-drift,ARC-exact,400,0,11510,0.0
quora-drift,ARC-exact,400,0,11520,0.0
quora-drift,ARC-exact,400,0,11530,0.0
quora-drift,ARC-exact,400,0,11540,0.0
quora-drift,ARC-exact,400,0,11550,0.0
quora-drift,ARC-exact,400,0,11560,0.0
quora-drift,ARC-exact,400,0,11570,0.0
quora-drift,ARC-exact,400,0,11580,0.0
quora-drift,ARC-exact,400,0,11590,0.0
quora-drift,ARC-exact,400,0,11600,0.0
quora-drift,ARC-exact,400,0,11610,0.0
quora-drift,ARC-exact,400,0,11620,0.0
quora-drift,ARC-exact,400,0,11630,0.0
quora-drift,ARC-exact,400,0,11640,0.0
quora-drift,ARC-exact,400,0,11650,0.0
quora-drift,ARC-exact,400,0,11660,0.0
quora-drift,ARC-exact,400,0,11670,0.0
quora-drift,ARC-exact,400,0,11680,0.0
quora-drift,ARC-exact,400,0,11690,0.0
quora-drift,ARC-exact,400,0,11700,0.0
quora-drift,ARC-exact,400,0,11710,0.0
quora-drift,ARC-exact,400,0,11720,0.0
quora-drift,ARC-exact,400,0,11730,0.0
quora-drift,ARC-exact,400,0,11740,0.0
quora-drift,ARC-exact,400,0,11750,0.0
quora-drift,ARC-exact,400,0,11760,0.0
quora-drift,ARC-exact,400,0,11770,0.0
quora-drift,ARC-exact,400,0,11780,0.0
quora-drift,ARC-exact,400,0,11790,0.0
quora-drift,ARC-exact,400,0,11800,0.0
quora-drift,ARC-exact,400,0,11810,0.0
quora-drift,ARC-exact,400,0,11820,0.0
quora-drift,ARC-exact,400,0,11830,0.0
quora-drift,ARC-exact,400,0,11840,0.0
quora-drift,ARC-exact,400,0,11850,0.0
quora-drift,ARC-exact,400,0,11860,0.0
quora-drift,ARC-exact,400,0,11870,0.0
quora-drift,ARC-exact,400,0,11880,0.0
quora-drift,ARC-exact,400,0,11890,0.0
quora-drift,ARC-exact,400,0,11900,0.0
quora-drift,ARC-exact,400,0,11910,0.0
quora-drift,ARC-exact,400,0,11920,0.0
quora-drift,ARC-exact,400,0,11930,0.0
quora-drift,ARC-exact,400,0,11940,0.0
quora-drift,ARC-exact,400,0,11950,0.0
quora-drift,ARC-exact,400,0,11960,0.0
quora-drift,ARC-exact,400,0,11970,0.0
quora-drift,ARC-exact,400,0,11980,0.0
quora-drift,ARC-exact,400,0,11990,0.0
quora-drift,ARC-exact,400,0,12000,0.0
quora-drift,ARC-exact,400,0,12010,0.0
quora-drift,ARC-exact,400,0,12020,0.0
quora-drift,ARC-exact,400,0,12030,0.0
quora-drift,ARC-exact,400,0,12040,0.0
quora-drift,ARC-exact,400,0,12050,0.0
quora-drift,ARC-exact,400,0,12060,0.0
quora-drift,ARC-exact,400,0,12070,0.0
quora-drift,ARC-exact,400,0,12080,0.0
quora-drift,ARC-exact,400,0,12090,0.0
quora-drift,ARC-exact,400,0,12100,0.0
quora-drift,ARC-exact,400,0,12110,0.0
quora-drift,ARC-exact,400,0,12120,0.0
quora-drift,ARC-exact,400,0,12130,0.0
quora-drift,ARC-exact,400,0,12140,0.0
quora-drift,ARC-exact,400,0,12150,0.0
quora-drift,ARC-exact,400,0,12160,0.0
quora-drift,ARC-exact,400,0,12170,0.0
quora-drift,ARC-exact,400,0,12180,0.0
quora-drift,ARC-exact,400,0,12190,0.0
quora-drift,ARC-exact,400,0,12200,0.0
quora-drift,ARC-exact,400,0,12210,0.0
quora-drift,ARC-exact,400,0,12220,0.0
quora-drift,ARC-exact,400,0,12230,0.0
quora-drift,ARC-exact,400,0,12240,0.0
quora-drift,ARC-exact,400,0,12250,0.0
quora-drift,ARC-exact,400,0,12260,0.0
quora-drift,ARC-exact,400,0,12270,0.0
quora-drift,ARC-exact,400,0,12280,0.0
quora-drift,ARC-exact,400,0,12290,0.0
quora-drift,ARC-exact,400,0,12300,0.0
quora-drift,ARC-exact,400,0,12310,0.0
quora-drift,ARC-exact,400,0,12320,0.0
quora-drift,ARC-exact,400,0,12330,0.0
quora-drift,ARC-exact,400,0,12340,0.0
quora-drift,ARC-exact,400,0,12350,0.0
quora-drift,ARC-exact,400,0,12360,0.0
quora-drift,ARC-exact,400,0,12370,0.0
quora-drift,ARC-exact,400,0,12380,0.0
quora-drift,ARC-exact,400,0,12390,0.0
quora-drift,ARC-exact,400,0,12400,0.0
quora-drift,ARC-exact,400,0,12410,0.0
quora-drift,ARC-exact,400,0,12420,0.0
quora-drift,ARC-exact,400,0,12430,0.0
quora-drift,ARC-exact,400,0,12440,0.0
quora-drift,ARC-exact,400,0,12450,0.0
quora-drift,ARC-exact,400,0,12460,0.0
quora-drift,ARC-exact,400,0,12470,0.0
quora-drift,ARC-exact,400,0,12480,0.0
quora-drift,ARC-exact,400,0,12490,0.0
quora-drift,ARC-exact,400,0,12500,0.0
quora-drift,ARC-exact,400,0,12510,0.0
quora-drift,ARC-exact,400,0,12520,0.0
quora-drift,ARC-exact,400,0,12530,0.0
quora-drift,ARC-exact,400,0,12540,0.0
quora-drift,ARC-exact,400,0,12550,0.0
quora-drift,ARC-exact,400,0,12560,0.0
quora-drift,ARC-exact,400,0,12570,0.0
quora-drift,ARC-exact,400,0,12580,0.0
quora-drift,ARC-exact,400,0,12590,0.0
quora-drift,ARC-exact,400,0,12600,0.0
quora-drift,ARC-exact,400,0,12610,0.0
quora-drift,ARC-exact,400,0,12620,0.0
quora-drift,ARC-exact,400,0,12630,0.0
quora-drift,ARC-exact,400,0,12640,0.0
quora-drift,ARC-exact,400,0,12650,0.0
quora-drift,ARC-exact,400,0,12660,0.0
quora-drift,ARC-exact,400,0,12670,0.0
quora-drift,ARC-exact,400,0,12680,0.0
quora-drift,ARC-exact,400,0,12690,0.0
quora-drift,ARC-exact,400,0,12700,0.0
quora-drift,ARC-exact,400,0,12710,0.0
quora-drift,ARC-exact,400,0,12720,0.0
quora-drift,ARC-exact,400,0,12730,0.0
quora-drift,ARC-exact,400,0,12740,0.0
quora-drift,ARC-exact,400,0,12750,0.0
quora-drift,ARC-exact,400,0,12760,0.0
quora-drift,ARC-exact,400,0,12770,0.0
quora-drift,ARC-exact,400,0,12780,0.0
quora-drift,ARC-exact,400,0,12790,0.0
quora-drift,ARC-exact,400,0,12800,0.0
quora-drift,ARC-exact,400,0,12810,0.0
quora-drift,ARC-exact,400,0,12820,0.0
quora-drift,ARC-exact,400,0,12830,0.0
quora-drift,ARC-exact,400,0,12840,0.0
quora-drift,ARC-exact,400,0,12850,0.0
quora-drift,ARC-exact,400,0,12860,0.0
quora-drift,ARC-exact,400,0,12870,0.0
quora-drift,ARC-exact,400,0,12880,0.0
quora-drift,ARC-exact,400,0,12890,0.0
quora-drift,ARC-exact,400,0,12900,0.0
quora-drift,ARC-exact,400,0,12910,0.0
quora-drift,ARC-exact,400,0,12920,0.0
quora-drift,ARC-exact,400,0,12930,0.0
quora-drift,ARC-exact,400,0,12940,0.0
quora-drift,ARC-exact,400,0,12950,0.0
quora-drift,ARC-exact,400,0,12960,0.0
quora-drift,ARC-exact,400,0,12970,0.0
quora-drift,ARC-exact,400,0,12980,0.0
quora-drift,ARC-exact,400,0,12990,0.0
quora-drift,ARC-exact,400,0,13000,0.0
quora-drift,ARC-exact,400,0,13010,0.0
quora-drift,ARC-exact,400,0,13020,0.0
quora-drift,ARC-exact,400,0,13030,0.0
quora-drift,ARC-exact,400,0,13040,0.0
quora-drift,ARC-exact,400,0,13050,0.0
quora-drift,ARC-exact,400,0,13060,0.0
quora-drift,ARC-exact,400,0,13070,0.0
quora-drift,ARC-exact,400,0,13080,0.0
quora-drift,ARC-exact,400,0,13090,0.0
quora-drift,ARC-exact,400,0,13100,0.0
quora-drift,ARC-exact,400,0,13110,0.0
quora-drift,ARC-exact,400,0,13120,0.0
quora-drift,ARC-exact,400,0,13130,0.0
quora-drift,ARC-exact,400,0,13140,0.0
quora-drift,ARC-exact,400,0,13150,0.0
quora-drift,ARC-exact,400,0,13160,0.0
quora-drift,ARC-exact,400,0,13170,0.0
quora-drift,ARC-exact,400,0,13180,0.0
quora-drift,ARC-exact,400,0,13190,0.0
quora-drift,ARC-exact,400,0,13200,0.0
quora-drift,ARC-exact,400,0,13210,0.0
quora-drift,ARC-exact,400,0,13220,0.0
quora-drift,ARC-exact,400,0,13230,0.0
quora-drift,ARC-exact,400,0,13240,0.0
quora-drift,ARC-exact,400,0,13250,0.0
quora-drift,ARC-exact,400,0,13260,0.0
quora-drift,ARC-exact,400,0,13270,0.0
quora-drift,ARC-exact,400,0,13280,0.0
quora-drift,ARC-exact,400,0,13290,0.0
quora-drift,ARC-exact,400,0,13300,0.0
quora-drift,ARC-exact,400,0,13310,0.0
quora-drift,ARC-exact,400,0,13320,0.0
quora-drift,ARC-exact,400,0,13330,0.0
quora-drift,ARC-exact,400,0,13340,0.0
quora-drift,ARC-exact,400,0,13350,0.0
quora-drift,ARC-exact,400,0,13360,0.0
quora-drift,ARC-exact,400,0,13370,0.0
quora-drift,ARC-exact,400,0,13380,0.0
quora-drift,ARC-exact,400,0,13390,0.0
quora-drift,ARC-exact,400,0,13400,0.0
quora-drift,ARC-exact,400,0,13410,0.0
quora-drift,ARC-exact,400,0,13420,0.0
quora-drift,ARC-exact,400,0,13430,0.0
quora-drift,ARC-exact,400,0,13440,0.0
quora-drift,ARC-exact,400,0,13450,0.0
quora-drift,ARC-exact,400,0,13460,0.0
quora-drift,ARC-exact,400,0,13470,0.0
quora-drift,ARC-exact,400,0,13480,0.0
quora-drift,ARC-exact,400,0,13490,0.0
quora-drift,ARC-exact,400,0,13500,0.0
quora-drift,ARC-exact,400,0,13510,0.0
quora-drift,ARC-exact,400,0,13520,0.0
quora-drift,ARC-exact,400,0,13530,0.0
quora-drift,ARC-exact,400,0,13540,0.0
quora-drift,ARC-exact,400,0,13550,0.0
quora-drift,ARC-exact,400,0,13560,0.0
quora-drift,ARC-exact,400,0,13570,0.0
quora-drift,ARC-exact,400,0,13580,0.0
quora-drift,ARC-exact,400,0,13590,0.0
quora-drift,ARC-exact,400,0,13600,0.0
quora-drift,ARC-exact,400,0,13610,0.0
quora-drift,ARC-exact,400,0,13620,0.0
quora-drift,ARC-exact,400,0,13630,0.0
quora-drift,ARC-exact,400,0,13640,0.0
quora-drift,ARC-exact,400,0,13650,0.0
quora-drift,ARC-exact,400,0,13660,0.0
quora-drift,ARC-exact,400,0,13670,0.0
quora-drift,ARC-exact,400,0,13680,0.0
quora-drift,ARC-exact,400,0,13690,0.0
quora-drift,ARC-exact,400,0,13700,0.0
quora-drift,ARC-exact,400,0,13710,0.0
quora-drift,ARC-exact,400,0,13720,0.0
quora-drift,ARC-exact,400,0,13730,0.0
quora-drift,ARC-exact,400,0,13740,0.0
quora-drift,ARC-exact,400,0,13750,0.0
quora-drift,ARC-exact,400,0,13760,0.0
quora-drift,ARC-exact,400,0,13770,0.0
quora-drift,ARC-exact,400,0,13780,0.0
quora-drift,ARC-exact,400,0,13790,0.0
quora-drift,ARC-exact,400,0,13800,0.0
quora-drift,ARC-exact,400,0,13810,0.0
quora-drift,ARC-exact,400,0,13820,0.0
quora-drift,ARC-exact,400,0,13830,0.0
quora-drift,ARC-exact,400,0,13840,0.0
quora-drift,ARC-exact,400,0,13850,0.0
quora-drift,ARC-exact,400,0,13860,0.0
quora-drift,ARC-exact,400,0,13870,0.0
quora-drift,ARC-exact,400,0,13880,0.0
quora-drift,ARC-exact,400,0,13890,0.0
quora-drift,ARC-exact,400,0,13900,0.0
quora-drift,ARC-exact,400,0,13910,0.0
quora-drift,ARC-exact,400,0,13920,0.0
quora-drift,ARC-exact,400,0,13930,0.0
quora-drift,ARC-exact,400,0,13940,0.0
quora-drift,ARC-exact,400,0,13950,0.0
quora-drift,ARC-exact,400,0,13960,0.0
quora-drift,ARC-exact,400,0,13970,0.0
quora-drift,ARC-exact,400,0,13980,0.0
quora-drift,ARC-exact,400,0,13990,0.0
quora-drift,ARC-exact,400,0,14000,0.0
quora-drift,ARC-exact,400,0,14010,0.0
quora-drift,ARC-exact,400,0,14020,0.0
quora-drift,ARC-exact,400,0,14030,0.0
quora-drift,ARC-exact,400,0,14040,0.0
quora-drift,ARC-exact,400,0,14050,0.0
quora-drift,ARC-exact,400,0,14060,0.0
quora-drift,ARC-exact,400,0,14070,0.0
quora-drift,ARC-exact,400,0,14080,0.0
quora-drift,ARC-exact,400,0,14090,0.0
quora-drift,ARC-exact,400,0,14100,0.0
quora-drift,ARC-exact,400,0,14110,0.0
quora-drift,ARC-exact,400,0,14120,0.0
quora-drift,ARC-exact,400,0,14130,0.0
quora-drift,ARC-exact,400,0,14140,0.0
quora-drift,ARC-exact,400,0,14150,0.0
quora-drift,ARC-exact,400,0,14160,0.0
quora-drift,ARC-exact,400,0,14170,0.0
quora-drift,ARC-exact,400,0,14180,0.0
quora-drift,ARC-exact,400,0,14190,0.0
quora-drift,ARC-exact,400,0,14200,0.0
quora-drift,ARC-exact,400,0,14210,0.0
quora-drift,ARC-exact,400,0,14220,0.0
quora-drift,ARC-exact,400,0,14230,0.0
quora-drift,ARC-exact,400,0,14240,0.0
quora-drift,ARC-exact,400,0,14250,0.0
quora-drift,ARC-exact,400,0,14260,0.0
quora-drift,ARC-exact,400,0,14270,0.0
quora-drift,ARC-exact,400,0,14280,0.0
quora-drift,ARC-exact,400,0,14290,0.0
quora-drift,ARC-exact,400,0,14300,0.0
quora-drift,ARC-exact,400,0,14310,0.0
quora-drift,ARC-exact,400,0,14320,0.0
quora-drift,ARC-exact,400,0,14330,0.0
quora-drift,ARC-exact,400,0,14340,0.0
quora-drift,ARC-exact,400,0,14350,0.0
quora-drift,ARC-exact,400,0,14360,0.0
quora-drift,ARC-exact,400,0,14370,0.0
quora-drift,ARC-exact,400,0,14380,0.0
quora-drift,ARC-exact,400,0,14390,0.0
quora-drift,ARC-exact,400,0,14400,0.0
quora-drift,ARC-exact,400,0,14410,0.0
quora-drift,ARC-exact,400,0,14420,0.0
quora-drift,ARC-exact,400,0,14430,0.0
quora-drift,ARC-exact,400,0,14440,0.0
quora-drift,ARC-exact,400,0,14450,0.0
quora-drift,ARC-exact,400,0,14460,0.0
quora-drift,ARC-exact,400,0,14470,0.0
quora-drift,ARC-exact,400,0,14480,0.0
quora-drift,ARC-exact,400,0,14490,0.0
quora-drift,ARC-exact,400,0,14500,0.0
quora-drift,ARC-exact,400,0,14510,0.0
quora-drift,ARC-exact,400,0,14520,0.0
quora-drift,ARC-exact,400,0,14530,0.0
quora-drift,ARC-exact,400,0,14540,0.0
quora-drift,ARC-exact,400,0,14550,0.0
quora-drift,ARC-exact,400,0,14560,0.0
quora-drift,ARC-exact,400,0,14570,0.0
quora-drift,ARC-exact,400,0,14580,0.0
quora-drift,ARC-exact,400,0,14590,0.0
quora-drift,ARC-exact,400,0,14600,0.0
quora-drift,ARC-exact,400,0,14610,0.0
quora-drift,ARC-exact,400,0,14620,0.0
quora-drift,ARC-exact,400,0,14630,0.0
quora-drift,ARC-exact,400,0,14640,0.0
quora-drift,ARC-exact,400,0,14650,0.0
quora-drift,ARC-exact,400,0,14660,0.0
quora-drift,ARC-exact,400,0,14670,0.0
quora-drift,ARC-exact,400,0,14680,0.0
quora-drift,ARC-exact,400,0,14690,0.0
quora-drift,ARC-exact,400,0,14700,0.0
quora-drift,ARC-exact,400,0,14710,0.0
quora-drift,ARC-exact,400,0,14720,0.0
quora-drift,ARC-exact,400,0,14730,0.0
quora-drift,ARC-exact,400,0,14740,0.0
quora-drift,ARC-exact,400,0,14750,0.0
quora-drift,ARC-exact,400,0,14760,0.0
quora-drift,ARC-exact,400,0,14770,0.0
quora-drift,ARC-exact,400,0,14780,0.0
quora-drift,ARC-exact,400,0,14790,0.0
quora-drift,ARC-exact,400,0,14800,0.0
quora-drift,ARC-exact,400,0,14810,0.0
quora-drift,ARC-exact,400,0,14820,0.0
quora-drift,ARC-exact,400,0,14830,0.0
quora-drift,ARC-exact,400,0,14840,0.0
quora-drift,ARC-exact,400,0,14850,0.0
quora-drift,ARC-exact,400,0,14860,0.0
quora-drift,ARC-exact,400,0,14870,0.0
quora-drift,ARC-exact,400,0,14880,0.0
quora-drift,ARC-exact,400,0,14890,0.0
quora-drift,ARC-exact,400,0,14900,0.0
quora-drift,ARC-exact,400,0,14910,0.0
quora-drift,ARC-exact,400,0,14920,0.0
quora-drift,ARC-exact,400,0,14930,0.0
quora-drift,ARC-exact,400,0,14940,0.0
quora-drift,ARC-exact,400,0,14950,0.0
quora-drift,ARC-exact,400,0,14960,0.0
quora-drift,ARC-exact,400,0,14970,0.0
quora-drift,ARC-exact,400,0,14980,0.0
quora-drift,ARC-exact,400,0,14990,0.0
quora-drift,ARC-exact,400,0,15000,0.0
quora-drift,ARC-exact,400,0,15010,0.0
quora-drift,ARC-exact,400,0,15020,0.0
quora-drift,ARC-exact,400,0,15030,0.0
quora-drift,ARC-exact,400,0,15040,0.0
quora-drift,ARC-exact,400,0,15050,0.0
quora-drift,ARC-exact,400,0,15060,0.0
quora-drift,ARC-exact,400,0,15070,0.0
quora-drift,ARC-exact,400,0,15080,0.0
quora-drift,ARC-exact,400,0,15090,0.0
quora-drift,ARC-exact,400,0,15100,0.0
quora-drift,ARC-exact,400,0,15110,0.0
quora-drift,ARC-exact,400,0,15120,0.0
quora-drift,ARC-exact,400,0,15130,0.0
quora-drift,ARC-exact,400,0,15140,0.0
quora-drift,ARC-exact,400,0,15150,0.0
quora-drift,ARC-exact,400,0,15160,0.0
quora-drift,ARC-exact,400,0,15170,0.0
quora-drift,ARC-exact,400,0,15180,0.0
quora-drift,ARC-exact,400,0,15190,0.0
quora-drift,ARC-exact,400,0,15200,0.0
quora-drift,ARC-exact,400,0,15210,0.0
quora-drift,ARC-exact,400,0,15220,0.0
quora-drift,ARC-exact,400,0,15230,0.0
quora-drift,ARC-exact,400,0,15240,0.0
quora-drift,ARC-exact,400,0,15250,0.0
quora-drift,ARC-exact,400,0,15260,0.0
quora-drift,ARC-exact,400,0,15270,0.0
quora-drift,ARC-exact,400,0,15280,0.0
quora-drift,ARC-exact,400,0,15290,0.0
quora-drift,ARC-exact,400,0,15300,0.0
quora-drift,ARC-exact,400,0,15310,0.0
quora-drift,ARC-exact,400,0,15320,0.0
quora-drift,ARC-exact,400,0,15330,0.0
quora-drift,ARC-exact,400,0,15340,0.0
quora-drift,ARC-exact,400,0,15350,0.0
quora-drift,ARC-exact,400,0,15360,0.0
quora-drift,ARC-exact,400,0,15370,0.0
quora-drift,ARC-exact,400,0,15380,0.0
quora-drift,ARC-exact,400,0,15390,0.0
quora-drift,ARC-exact,400,0,15400,0.0
quora-drift,ARC-exact,400,0,15410,0.0
quora-drift,ARC-exact,400,0,15420,0.0
quora-drift,ARC-exact,400,0,15430,0.0
quora-drift,ARC-exact,400,0,15440,0.0
quora-drift,ARC-exact,400,0,15450,0.0
quora-drift,ARC-exact,400,0,15460,0.0
quora-drift,ARC-exact,400,0,15470,0.0
quora-drift,ARC-exact,400,0,15480,0.0
quora-drift,ARC-exact,400,0,15490,0.0
quora-drift,ARC-exact,400,0,15500,0.0
quora-drift,ARC-exact,400,0,15510,0.0
quora-drift,ARC-exact,400,0,15520,0.0
quora-drift,ARC-exact,400,0,15530,0.0
quora-drift,ARC-exact,400,0,15540,0.0
quora-drift,ARC-exact,400,0,15550,0.0
quora-drift,ARC-exact,400,0,15560,0.0
quora-drift,ARC-exact,400,0,15570,0.0
quora-drift,ARC-exact,400,0,15580,0.0
quora-drift,ARC-exact,400,0,15590,0.0
quora-drift,ARC-exact,400,0,15600,0.0
quora-drift,ARC-exact,400,0,15610,0.0
quora-drift,ARC-exact,400,0,15620,0.0
quora-drift,ARC-exact,400,0,15630,0.0
quora-drift,ARC-exact,400,0,15640,0.0
quora-drift,ARC-exact,400,0,15650,0.0
quora-drift,ARC-exact,400,0,15660,0.0
quora-drift,ARC-exact,400,0,15670,0.0
quora-drift,ARC-exact,400,0,15680,0.0
quora-drift,ARC-exact,400,0,15690,0.0
quora-drift,ARC-exact,400,0,15700,0.0
quora-drift,ARC-exact,400,0,15710,0.0
quora-drift,ARC-exact,400,0,15720,0.0
quora-drift,ARC-exact,400,0,15730,0.0
quora-drift,ARC-exact,400,0,15740,0.0
quora-drift,ARC-exact,400,0,15750,0.0
quora-drift,ARC-exact,400,0,15760,0.0
quora-drift,ARC-exact,400,0,15770,0.0
quora-drift,ARC-exact,400,0,15780,0.0
quora-drift,ARC-exact,400,0,15790,0.0
quora-drift,ARC-exact,400,0,15800,0.0
quora-drift,ARC-exact,400,0,15810,0.0
quora-drift,ARC-exact,400,0,15820,0.0
quora-drift,ARC-exact,400,0,15830,0.0
quora-drift,ARC-exact,400,0,15840,0.0
quora-drift,ARC-exact,400,0,15850,0.0
quora-drift,ARC-exact,400,0,15860,0.0
quora-drift,ARC-exact,400,0,15870,0.0
quora-drift,ARC-exact,400,0,15880,0.0
quora-drift,ARC-exact,400,0,15890,0.0
quora-drift,ARC-exact,400,0,15900,0.0
quora-drift,ARC-exact,400,0,15910,0.0
quora-drift,ARC-exact,400,0,15920,0.0
quora-drift,ARC-exact,400,0,15930,0.0
quora-drift,ARC-exact,400,0,15940,0.0
quora-drift,ARC-exact,400,0,15950,0.0
quora-drift,ARC-exact,400,0,15960,0.0
quora-drift,ARC-exact,400,0,15970,0.0
quora-drift,ARC-exact,400,0,15980,0.0
quora-drift,ARC-exact,400,0,15990,0.0
quora-drift,ARC-exact,400,0,16000,0.0
quora-drift,ARC-exact,400,0,16010,0.0
quora-drift,ARC-exact,400,0,16020,0.0
quora-drift,ARC-exact,400,0,16030,0.0
quora-drift,ARC-exact,400,0,16040,0.0
quora-drift,ARC-exact,400,0,16050,0.0
quora-drift,ARC-exact,400,0,16060,0.0
quora-drift,ARC-exact,400,0,16070,0.0
quora-drift,ARC-exact,400,0,16080,0.0
quora-drift,ARC-exact,400,0,16090,0.0
quora-drift,ARC-exact,400,0,16100,0.0
quora-drift,ARC-exact,400,0,16110,0.0
quora-drift,ARC-exact,400,0,16120,0.0
quora-drift,ARC-exact,400,0,16130,0.0
quora-drift,ARC-exact,400,0,16140,0.0
quora-drift,ARC-exact,400,0,16150,0.0
quora-drift,ARC-exact,400,0,16160,0.0
quora-drift,ARC-exact,400,0,16170,0.0
quora-drift,ARC-exact,400,0,16180,0.0
quora-drift,ARC-exact,400,0,16190,0.0
quora-drift,ARC-exact,400,0,16200,0.0
quora-drift,ARC-exact,400,0,16210,0.0
quora-drift,ARC-exact,400,0,16220,0.0
quora-drift,ARC-exact,400,0,16230,0.0
quora-drift,ARC-exact,400,0,16240,0.0
quora-drift,ARC-exact,400,0,16250,0.0
quora-drift,ARC-exact,400,0,16260,0.0
quora-drift,ARC-exact,400,0,16270,0.0
quora-drift,ARC-exact,400,0,16280,0.0
quora-drift,ARC-exact,400,0,16290,0.0
quora-drift,ARC-exact,400,0,16300,0.0
quora-drift,ARC-exact,400,0,16310,0.0
quora-drift,ARC-exact,400,0,16320,0.0
quora-drift,ARC-exact,400,0,16330,0.0
quora-drift,ARC-exact,400,0,16340,0.0
quora-drift,ARC-exact,400,0,16350,0.0
quora-drift,ARC-exact,400,0,16360,0.0
quora-drift,ARC-exact,400,0,16370,0.0
quora-drift,ARC-exact,400,0,16380,0.0
quora-drift,ARC-exact,400,0,16390,0.0
quora-drift,ARC-exact,400,0,16400,0.0
quora-drift,ARC-exact,400,0,16410,0.0
quora-drift,ARC-exact,400,0,16420,0.0
quora-drift,ARC-exact,400,0,16430,0.0
quora-drift,ARC-exact,400,0,16440,0.0
quora-drift,ARC-exact,400,0,16450,0.0
quora-drift,ARC-exact,400,0,16460,0.0
quora-drift,ARC-exact,400,0,16470,0.0
quora-drift,ARC-exact,400,0,16480,0.0
quora-drift,ARC-exact,400,0,16490,0.0
quora-drift,ARC-exact,400,0,16500,0.0
quora-drift,ARC-exact,400,0,16510,0.0
quora-drift,ARC-exact,400,0,16520,0.0
quora-drift,ARC-exact,400,0,16530,0.0
quora-drift,ARC-exact,400,0,16540,0.0
quora-drift,ARC-exact,400,0,16550,0.0
quora-drift,ARC-exact,400,0,16560,0.0
quora-drift,ARC-exact,400,0,16570,0.0
quora-drift,ARC-exact,400,0,16580,0.0
quora-drift,ARC-exact,400,0,16590,0.0
quora-drift,ARC-exact,400,0,16600,0.0
quora-drift,ARC-exact,400,0,16610,0.0
quora-drift,ARC-exact,400,0,16620,0.0
quora-drift,ARC-exact,400,0,16630,0.0
quora-drift,ARC-exact,400,0,16640,0.0
quora-drift,ARC-exact,400,0,16650,0.0
quora-drift,ARC-exact,400,0,16660,0.0
quora-drift,ARC-exact,400,0,16670,0.0
quora-drift,ARC-exact,400,0,16680,0.0
quora-drift,ARC-exact,400,0,16690,0.0
quora-drift,ARC-exact,400,0,16700,0.0
quora-drift,ARC-exact,400,0,16710,0.0
quora-drift,ARC-exact,400,0,16720,0.0
quora-drift,ARC-exact,400,0,16730,0.0
quora-drift,ARC-exact,400,0,16740,0.0
quora-drift,ARC-exact,400,0,16750,0.0
quora-drift,ARC-exact,400,0,16760,0.0
quora-drift,ARC-exact,400,0,16770,0.0
quora-drift,ARC-exact,400,0,16780,0.0
quora-drift,ARC-exact,400,0,16790,0.0
quora-drift,ARC-exact,400,0,16800,0.0
quora-drift,ARC-exact,400,0,16810,0.0
quora-drift,ARC-exact,400,0,16820,0.0
quora-drift,ARC-exact,400,0,16830,0.0
quora-drift,ARC-exact,400,0,16840,0.0
quora-drift,ARC-exact,400,0,16850,0.0
quora-drift,ARC-exact,400,0,16860,0.0
quora-drift,ARC-exact,400,0,16870,0.0
quora-drift,ARC-exact,400,0,16880,0.0
quora-drift,ARC-exact,400,0,16890,0.0
quora-drift,ARC-exact,400,0,16900,0.0
quora-drift,ARC-exact,400,0,16910,0.0
quora-drift,ARC-exact,400,0,16920,0.0
quora-drift,ARC-exact,400,0,16930,0.0
quora-drift,ARC-exact,400,0,16940,0.0
quora-drift,ARC-exact,400,0,16950,0.0
quora-drift,ARC-exact,400,0,16960,0.0
quora-drift,ARC-exact,400,0,16970,0.0
quora-drift,ARC-exact,400,0,16980,0.0
quora-drift,ARC-exact,400,0,16990,0.0
quora-drift,ARC-exact,400,0,17000,0.0
quora-drift,ARC-exact,400,0,17010,0.0
quora-drift,ARC-exact,400,0,17020,0.0
quora-drift,ARC-exact,400,0,17030,0.0
quora-drift,ARC-exact,400,0,17040,0.0
quora-drift,ARC-exact,400,0,17050,0.0
quora-drift,ARC-exact,400,0,17060,0.0
quora-drift,ARC-exact,400,0,17070,0.0
quora-drift,ARC-exact,400,0,17080,0.0
quora-drift,ARC-exact,400,0,17090,0.0
quora-drift,ARC-exact,400,0,17100,0.0
quora-drift,ARC-exact,400,0,17110,0.0
quora-drift,ARC-exact,400,0,17120,0.0
quora-drift,ARC-exact,400,0,17130,0.0
quora-drift,ARC-exact,400,0,17140,0.0
quora-drift,ARC-exact,400,0,17150,0.0
quora-drift,ARC-exact,400,0,17160,0.0
quora-drift,ARC-exact,400,0,17170,0.0
quora-drift,ARC-exact,400,0,17180,0.0
quora-drift,ARC-exact,400,0,17190,0.0
quora-drift,ARC-exact,400,0,17200,0.0
quora-drift,ARC-exact,400,0,17210,0.0
quora-drift,ARC-exact,400,0,17220,0.0
quora-drift,ARC-exact,400,0,17230,0.0
quora-drift,ARC-exact,400,0,17240,0.0
quora-drift,ARC-exact,400,0,17250,0.0
quora-drift,ARC-exact,400,0,17260,0.0
quora-drift,ARC-exact,400,0,17270,0.0
quora-drift,ARC-exact,400,0,17280,0.0
quora-drift,ARC-exact,400,0,17290,0.0
quora-drift,ARC-exact,400,0,17300,0.0
quora-drift,ARC-exact,400,0,17310,0.0
quora-drift,ARC-exact,400,0,17320,0.0
quora-drift,ARC-exact,400,0,17330,0.0
quora-drift,ARC-exact,400,0,17340,0.0
quora-drift,ARC-exact,400,0,17350,0.0
quora-drift,ARC-exact,400,0,17360,0.0
quora-drift,ARC-exact,400,0,17370,0.0
quora-drift,ARC-exact,400,0,17380,0.0
quora-drift,ARC-exact,400,0,17390,0.0
quora-drift,ARC-exact,400,0,17400,0.0
quora-drift,ARC-exact,400,0,17410,0.0
quora-drift,ARC-exact,400,0,17420,0.0
quora-drift,ARC-exact,400,0,17430,0.0
quora-drift,ARC-exact,400,0,17440,0.0
quora-drift,ARC-exact,400,0,17450,0.0
quora-drift,ARC-exact,400,0,17460,0.0
quora-drift,ARC-exact,400,0,17470,0.0
quora-drift,ARC-exact,400,0,17480,0.0
quora-drift,ARC-exact,400,0,17490,0.0
quora-drift,ARC-exact,400,0,17500,0.0
quora-drift,ARC-exact,400,0,17510,0.0
quora-drift,ARC-exact,400,0,17520,0.0
quora-drift,ARC-exact,400,0,17530,0.0
quora-drift,ARC-exact,400,0,17540,0.0
quora-drift,ARC-exact,400,0,17550,0.0
quora-drift,ARC-exact,400,0,17560,0.0
quora-drift,ARC-exact,400,0,17570,0.0
quora-drift,ARC-exact,400,0,17580,0.0
quora-drift,ARC-exact,400,0,17590,0.0
quora-drift,ARC-exact,400,0,17600,0.0
quora-drift,ARC-exact,400,0,17610,0.0
quora-drift,ARC-exact,400,0,17620,0.0
quora-drift,ARC-exact,400,0,17630,0.0
quora-drift,ARC-exact,400,0,17640,0.0
quora-drift,ARC-exact,400,0,17650,0.0
quora-drift,ARC-exact,400,0,17660,0.0
quora-drift,ARC-exact,400,0,17670,0.0
quora-drift,ARC-exact,400,0,17680,0.0
quora-drift,ARC-exact,400,0,17690,0.0
quora-drift,ARC-exact,400,0,17700,0.0
quora-drift,ARC-exact,400,0,17710,0.0
quora-drift,ARC-exact,400,0,17720,0.0
quora-drift,ARC-exact,400,0,17730,0.0
quora-drift,ARC-exact,400,0,17740,0.0
quora-drift,ARC-exact,400,0,17750,0.0
quora-drift,ARC-exact,400,0,17760,0.0
quora-drift,ARC-exact,400,0,17770,0.0
quora-drift,ARC-exact,400,0,17780,0.0
quora-drift,ARC-exact,400,0,17790,0.0
quora-drift,ARC-exact,400,0,17800,0.0
quora-drift,ARC-exact,400,0,17810,0.0
quora-drift,ARC-exact,400,0,17820,0.0
quora-drift,ARC-exact,400,0,17830,0.0
quora-drift,ARC-exact,400,0,17840,0.0
quora-drift,ARC-exact,400,0,17850,0.0
quora-drift,ARC-exact,400,0,17860,0.0
quora-drift,ARC-exact,400,0,17870,0.0
quora-drift,ARC-exact,400,0,17880,0.0
quora-drift,ARC-exact,400,0,17890,0.0
quora-drift,ARC-exact,400,0,17900,0.0
quora-drift,ARC-exact,400,0,17910,0.0
quora-drift,ARC-exact,400,0,17920,0.0
quora-drift,ARC-exact,400,0,17930,0.0
quora-drift,ARC-exact,400,0,17940,0.0
quora-drift,ARC-exact,400,0,17950,0.0
quora-drift,ARC-exact,400,0,17960,0.0
quora-drift,ARC-exact,400,0,17970,0.0
quora-drift,ARC-exact,400,0,17980,0.0
quora-drift,ARC-exact,400,0,17990,0.0
quora-drift,ARC-exact,400,0,18000,0.0
quora-drift,ARC-exact,400,0,18010,0.0
quora-drift,ARC-exact,400,0,18020,0.0
quora-drift,ARC-exact,400,0,18030,0.0
quora-drift,ARC-exact,400,0,18040,0.0
quora-drift,ARC-exact,400,0,18050,0.0
quora-drift,ARC-exact,400,0,18060,0.0
quora-drift,ARC-exact,400,0,18070,0.0
quora-drift,ARC-exact,400,0,18080,0.0
quora-drift,ARC-exact,400,0,18090,0.0
quora-drift,ARC-exact,400,0,18100,0.0
quora-drift,ARC-exact,400,0,18110,0.0
quora-drift,ARC-exact,400,0,18120,0.0
quora-drift,ARC-exact,400,0,18130,0.0
quora-drift,ARC-exact,400,0,18140,0.0
quora-drift,ARC-exact,400,0,18150,0.0
quora-drift,ARC-exact,400,0,18160,0.0
quora-drift,ARC-exact,400,0,18170,0.0
quora-drift,ARC-exact,400,0,18180,0.0
quora-drift,ARC-exact,400,0,18190,0.0
quora-drift,ARC-exact,400,0,18200,0.0
quora-drift,ARC-exact,400,0,18210,0.0
quora-drift,ARC-exact,400,0,18220,0.0
quora-drift,ARC-exact,400,0,18230,0.0
quora-drift,ARC-exact,400,0,18240,0.0
quora-drift,ARC-exact,400,0,18250,0.0
quora-drift,ARC-exact,400,0,18260,0.0
quora-drift,ARC-exact,400,0,18270,0.0
quora-drift,ARC-exact,400,0,18280,0.0
quora-drift,ARC-exact,400,0,18290,0.0
quora-drift,ARC-exact,400,0,18300,0.0
quora-drift,ARC-exact,400,0,18310,0.0
quora-drift,ARC-exact,400,0,18320,0.0
quora-drift,ARC-exact,400,0,18330,0.0
quora-drift,ARC-exact,400,0,18340,0.0
quora-drift,ARC-exact,400,0,18350,0.0
quora-drift,ARC-exact,400,0,18360,0.0
quora-drift,ARC-exact,400,0,18370,0.0
quora-drift,ARC-exact,400,0,18380,0.0
quora-drift,ARC-exact,400,0,18390,0.0
quora-drift,ARC-exact,400,0,18400,0.0
quora-drift,ARC-exact,400,0,18410,0.0
quora-drift,ARC-exact,400,0,18420,0.0
quora-drift,ARC-exact,400,0,18430,0.0
quora-drift,ARC-exact,400,0,18440,0.0
quora-drift,ARC-exact,400,0,18450,0.0
quora-drift,ARC-exact,400,0,18460,0.0
quora-drift,ARC-exact,400,0,18470,0.0
quora-drift,ARC-exact,400,0,18480,0.0
quora-drift,ARC-exact,400,0,18490,0.0
quora-drift,ARC-exact,400,0,18500,0.0
quora-drift,ARC-exact,400,0,18510,0.0
quora-drift,ARC-exact,400,0,18520,0.0
quora-drift,ARC-exact,400,0,18530,0.0
quora-drift,ARC-exact,400,0,18540,0.0
quora-drift,ARC-exact,400,0,18550,0.0
quora-drift,ARC-exact,400,0,18560,0.0
quora-drift,ARC-exact,400,0,18570,0.0
quora-drift,ARC-exact,400,0,18580,0.0
quora-drift,ARC-exact,400,0,18590,0.0
quora-drift,ARC-exact,400,0,18600,0.0
quora-drift,ARC-exact,400,0,18610,0.0
quora-drift,ARC-exact,400,0,18620,0.0
quora-drift,ARC-exact,400,0,18630,0.0
quora-drift,ARC-exact,400,0,18640,0.0
quora-drift,ARC-exact,400,0,18650,0.0
quora-drift,ARC-exact,400,0,18660,0.0
quora-drift,ARC-exact,400,0,18670,0.0
quora-drift,ARC-exact,400,0,18680,0.0
quora-drift,ARC-exact,400,0,18690,0.0
quora-drift,ARC-exact,400,0,18700,0.0
quora-drift,ARC-exact,400,0,18710,0.0
quora-drift,ARC-exact,400,0,18720,0.0
quora-drift,ARC-exact,400,0,18730,0.0
quora-drift,ARC-exact,400,0,18740,0.0
quora-drift,ARC-exact,400,0,18750,0.0
quora-drift,ARC-exact,400,0,18760,0.0
quora-drift,ARC-exact,400,0,18770,0.0
quora-drift,ARC-exact,400,0,18780,0.0
quora-drift,ARC-exact,400,0,18790,0.0
quora-drift,ARC-exact,400,0,18800,0.0
quora-drift,ARC-exact,400,0,18810,0.0
quora-drift,ARC-exact,400,0,18820,0.0
quora-drift,ARC-exact,400,0,18830,0.0
quora-drift,ARC-exact,400,0,18840,0.0
quora-drift,ARC-exact,400,0,18850,0.0
quora-drift,ARC-exact,400,0,18860,0.0
quora-drift,ARC-exact,400,0,18870,0.0
quora-drift,ARC-exact,400,0,18880,0.0
quora-drift,ARC-exact,400,0,18890,0.0
quora-drift,ARC-exact,400,0,18900,0.0
quora-drift,ARC-exact,400,0,18910,0.0
quora-drift,ARC-exact,400,0,18920,0.0
quora-drift,ARC-exact,400,0,18930,0.0
quora-drift,ARC-exact,400,0,18940,0.0
quora-drift,ARC-exact,400,0,18950,0.0
quora-drift,ARC-exact,400,0,18960,0.0
quora-drift,ARC-exact,400,0,18970,0.0
quora-drift,ARC-exact,400,0,18980,0.0
quora-drift,ARC-exact,400,0,18990,0.0
quora-drift,ARC-exact,400,0,19000,0.0
quora-drift,ARC-exact,400,0,19010,0.0
quora-drift,ARC-exact,400,0,19020,0.0
quora-drift,ARC-exact,400,0,19030,0.0
quora-drift,ARC-exact,400,0,19040,0.0
quora-drift,ARC-exact,400,0,19050,0.0
quora-drift,ARC-exact,400,0,19060,0.0
quora-drift,ARC-exact,400,0,19070,0.0
quora-drift,ARC-exact,400,0,19080,0.0
quora-drift,ARC-exact,400,0,19090,0.0
quora-drift,ARC-exact,400,0,19100,0.0
quora-drift,ARC-exact,400,0,19110,0.0
quora-drift,ARC-exact,400,0,19120,0.0
quora-drift,ARC-exact,400,0,19130,0.0
quora-drift,ARC-exact,400,0,19140,0.0
quora-drift,ARC-exact,400,0,19150,0.0
quora-drift,ARC-exact,400,0,19160,0.0
quora-drift,ARC-exact,400,0,19170,0.0
quora-drift,ARC-exact,400,0,19180,0.0
quora-drift,ARC-exact,400,0,19190,0.0
quora-drift,ARC-exact,400,0,19200,0.0
quora-drift,ARC-exact,400,0,19210,0.0
quora-drift,ARC-exact,400,0,19220,0.0
quora-drift,ARC-exact,400,0,19230,0.0
quora-drift,ARC-exact,400,0,19240,0.0
quora-drift,ARC-exact,400,0,19250,0.0
quora-drift,ARC-exact,400,0,19260,0.0
quora-drift,ARC-exact,400,0,19270,0.0
quora-drift,ARC-exact,400,0,19280,0.0
quora-drift,ARC-exact,400,0,19290,0.0
quora-drift,ARC-exact,400,0,19300,0.0
quora-drift,ARC-exact,400,0,19310,0.0
quora-drift,ARC-exact,400,0,19320,0.0
quora-drift,ARC-exact,400,0,19330,0.0
quora-drift,ARC-exact,400,0,19340,0.0
quora-drift,ARC-exact,400,0,19350,0.0
quora-drift,ARC-exact,400,0,19360,0.0
quora-drift,ARC-exact,400,0,19370,0.0
quora-drift,ARC-exact,400,0,19380,0.0
quora-drift,ARC-exact,400,0,19390,0.0
quora-drift,ARC-exact,400,0,19400,0.0
quora-drift,ARC-exact,400,0,19410,0.0
quora-drift,ARC-exact,400,0,19420,0.0
quora-drift,ARC-exact,400,0,19430,0.0
quora-drift,ARC-exact,400,0,19440,0.0
quora-drift,ARC-exact,400,0,19450,0.0
quora-drift,ARC-exact,400,0,19460,0.0
quora-drift,ARC-exact,400,0,19470,0.0
quora-drift,ARC-exact,400,0,19480,0.0
quora-drift,ARC-exact,400,0,19490,0.0
quora-drift,ARC-exact,400,0,19500,0.0
quora-drift,ARC-exact,400,0,19510,0.0
quora-drift,ARC-exact,400,0,19520,0.0
quora-drift,ARC-exact,400,0,19530,0.0
quora-drift,ARC-exact,400,0,19540,0.0
quora-drift,ARC-exact,400,0,19550,0.0
quora-drift,ARC-exact,400,0,19560,0.0
quora-drift,ARC-exact,400,0,19570,0.0
quora-drift,ARC-exact,400,0,19580,0.0
quora-drift,ARC-exact,400,0,19590,0.0
quora-drift,ARC-exact,400,0,19600,0.0
quora-drift,ARC-exact,400,0,19610,0.0
quora-drift,ARC-exact,400,0,19620,0.0
quora-drift,ARC-exact,400,0,19630,0.0
quora-drift,ARC-exact,400,0,19640,0.0
quora-drift,ARC-exact,400,0,19650,0.0
quora-drift,ARC-exact,400,0,19660,0.0
quora-drift,ARC-exact,400,0,19670,0.0
quora-drift,ARC-exact,400,0,19680,0.0
quora-drift,ARC-exact,400,0,19690,0.0
quora-drift,ARC-exact,400,0,19700,0.0
quora-drift,ARC-exact,400,0,19710,0.0
quora-drift,ARC-exact,400,0,19720,0.0
quora-drift,ARC-exact,400,0,19730,0.0
quora-drift,ARC-exact,400,0,19740,0.0
quora-drift,ARC-exact,400,0,19750,0.0
quora-drift,ARC-exact,400,0,19760,0.0
quora-drift,ARC-exact,400,0,19770,0.0
quora-drift,ARC-exact,400,0,19780,0.0
quora-drift,ARC-exact,400,0,19790,0.0
quora-drift,ARC-exact,400,0,19800,0.0
quora-drift,ARC-exact,400,0,19810,0.0
quora-drift,ARC-exact,400,0,19820,0.0
quora-drift,ARC-exact,400,0,19830,0.0
quora-drift,ARC-exact,400,0,19840,0.0
quora-drift,ARC-exact,400,0,19850,0.0
quora-drift,ARC-exact,400,0,19860,0.0
quora-drift,ARC-exact,400,0,19870,0.0
quora-drift,ARC-exact,400,0,19880,0.0
quora-drift,ARC-exact,400,0,19890,0.0
quora-drift,ARC-exact,400,0,19900,0.0
quora-drift,ARC-exact,400,0,19910,0.0
quora-drift,ARC-exact,400,0,19920,0.0
quora-drift,ARC-exact,400,0,19930,0.0
quora-drift,ARC-exact,400,0,19940,0.0
quora-drift,ARC-exact,400,0,19950,0.0
quora-drift,ARC-exact,400,0,19960,0.0
quora-drift,ARC-exact,400,0,19970,0.0
quora-drift,ARC-exact,400,0,19980,0.0
quora-drift,ARC-exact,400,0,19990,0.0
